@780000
ffff
fd00
0000
0426
0000
0200
ffff
fd7e
ffff
fd7e
ffff
fd84
ffff
fd78
ffff
fd8a
ffff
fd9c
ffff
fda2
ffff
fd90
ffff
fd96
0000
0200
0000
0200
0000
0200
0000
0200
0000
0200
0000
0200
0000
0200
0000
0200
0000
0200
0000
0200
0000
0200
0000
0200
0000
0200
0000
0200
ffff
fd12
0000
0200
ffff
fd0c
0000
0200
ffff
fd06
0000
0200
ffff
fd18
ffff
fd1e
ffff
fd24
ffff
fd2a
ffff
fd30
ffff
fd36
ffff
fd3c
ffff
fd42
ffff
fd48
ffff
fd4e
ffff
fd54
ffff
fd5a
ffff
fd60
ffff
fd66
ffff
fd6c
ffff
fd72
0000
0200
0000
0200
0000
0200
0000
0200
0000
0200
0000
0200
0000
0200
0000
0200
0000
0200
0000
0200
0000
0200
0000
0200
0000
0200
0000
0200
0000
0200
0000
0200
5345
4741
204d
4547
4120
4452
4956
4520
2843
2953
4547
4120
3139
3933
2e4d
4152
4344
3220
424f
4f54
2052
4f4d
2020
2020
2030
332f
3134
2d31
3939
3320
2020
2020
3031
3a30
3020
2020
2020
2032
2e30
3020
4344
3220
424f
4f54
2052
4f4d
2020
2020
2020
2020
2020
2020
2020
2020
2020
2020
2020
2020
2020
2020
2020
2020
2020
2020
4252
2030
3030
3030
362d
322e
3030
4ee9
4a4d
3420
2020
2020
2020
2020
2020
2020
0000
0000
0001
ffff
00ff
0000
00ff
ffff
2020
2020
2020
2020
2020
2020
2020
2020
2020
2020
2020
2020
2020
2020
2020
2020
2020
2020
2020
2020
2020
2020
2020
2020
2020
2020
2020
2020
2020
2020
2020
2020
5520
3220
2020
2020
2020
2020
2020
2020
41f8
fd00
303c
4ef9
30c0
20fc
0000
0640
2e78
0000
6000
0210
4e73
ffff
ffff
ffff
ffff
ffff
ffff
ffff
ffff
ffff
ffff
ffff
ffff
ffff
ffff
ffff
ffff
ffff
ffff
ffff
ffff
ffff
ffff
ffff
ffff
ffff
ffff
ffff
ffff
ffff
ffff
ffff
ffff
ffff
ffff
ffff
ffff
ffff
ffff
ffff
ffff
ffff
ffff
ffff
ffff
ffff
ffff
ffff
ffff
ffff
ffff
ffff
6000
03be
6000
01a0
6000
03fa
6000
03ee
6000
06ae
6000
070e
6000
0e2c
6000
0e96
6000
077a
6000
079a
6000
07d4
6000
0722
6000
0728
6000
07d2
6000
07cc
6000
07fa
6000
07f8
6000
0968
6000
0988
6000
0a24
6000
0830
6000
0882
6000
0a3c
6000
0a52
6000
0a64
6000
0a5a
6000
0a74
6000
0b96
6000
0ba2
6000
19ac
6000
1900
6000
1908
6000
1916
6000
0670
6000
0666
6000
155a
6000
15f2
6000
0674
6000
06a6
6000
15fa
6000
163c
6000
162c
6000
1616
6000
15a0
6000
176e
6000
1666
6000
168c
6000
16a8
6000
127c
6000
12a8
6000
130e
6000
1384
6000
1490
6000
1496
6000
149c
6000
14a2
6000
6542
6000
044a
6000
00b0
6000
0932
6000
0954
6000
0852
6000
13b6
6000
522e
6000
1676
6000
0998
6000
0a3a
6000
0a92
6000
0a7a
6000
1692
6000
169e
6000
16d8
6000
16ac
41f8
fd00
303c
4ef9
30c0
20fc
0000
0640
30c0
20fc
0000
0904
43f8
0902
7211
30c0
20c9
51c9
fffa
43f9
0000
0200
7207
30c0
20c9
51c9
fffa
30c0
20fc
0000
040c
30c0
20bc
0000
88e2
43fa
0022
45f9
0040
0001
4a12
6a14
45ea
000f
7205
b549
56c9
fffc
6606
20bc
0040
0020
4e75
5241
4d5f
4341
5254
5249
4447
21c9
fd08
4e75
21c9
fdaa
4e75
4ab9
00a1
0008
6606
4a79
00a1
000c
6600
0092
4bfa
0090
4c9d
00e0
4cdd
1f00
1029
ef01
0200
000f
6708
237c
5345
4741
2f00
3014
7000
23fc
c000
0000
00c0
0004
323c
001f
2680
51c9
fffc
2c40
4e66
7217
1a1d
3885
da47
51c9
fff8
289d
3680
3287
3487
0111
66fc
7425
10dd
51ca
fffc
3480
3280
3487
2d00
51ce
fffc
289d
289d
761f
2680
51cb
fffc
289d
7813
2680
51cc
fffc
7a03
175d
0011
51cd
fffa
3480
4cd6
7fff
46fc
2700
606c
8000
3fff
0100
00a0
0000
00a1
1100
00a1
1200
00c0
0000
00c0
0004
0414
303c
076c
0000
0000
ff00
8137
0001
0100
00ff
ff00
0080
4000
0080
af01
d91f
1127
0021
2600
f977
edb0
dde1
fde1
ed47
ed4f
d1e1
f108
d9c1
d1e1
f1f9
f3ed
5636
e9e9
8104
8f02
c000
0000
4000
0010
9fbf
dfff
4a79
00c0
0004
007c
0700
72ff
6100
12f6
4238
fe54
0839
0006
00a1
000d
6744
2e78
0000
3639
00c0
0004
0803
0001
66f4
6100
023a
48e7
c000
6100
6852
6600
00ce
2038
fd02
6500
0032
50f8
fe54
6100
0092
31fc
4ef9
fd00
21fc
0000
05ac
fd02
4ef9
0040
0200
4eb8
09d0
4eb8
0a1c
6100
01fe
6100
012e
6100
01d4
007c
0700
6100
680e
67c6
6138
7001
7204
4eba
1242
7004
6100
0106
41f8
fdda
3010
0240
7ffc
4ebb
0004
60f0
4e71
4e75
6000
1c18
6000
2a60
6000
6254
6000
6d7e
4ef9
ffff
0000
6122
41f8
fd00
30fc
4ef9
20fc
0000
0640
4eb8
0970
6100
0fb8
49f9
00a1
200f
1014
66fc
4e75
4eba
fd8e
6100
0b04
4eb8
0fc0
6100
0102
6100
03aa
4278
fb80
23fc
c000
0000
00c0
0004
33fc
0000
00c0
0000
4e75
007c
0700
13fc
009f
00c0
0011
4e71
4e71
13fc
00bf
00c0
0011
4e71
4e71
13fc
00df
00c0
0011
4e71
4e71
13fc
00ff
00c0
0011
4eb8
09d0
4eb8
0a1c
6000
ff32
007c
0700
2e78
0000
007c
0700
4eb8
09d0
4eb8
0a1c
4eba
fd12
6100
0a88
4eb8
0fc0
6100
0aee
6100
0082
4eb8
0970
6100
0f14
49f9
00a1
200f
1014
66fc
6100
100c
7001
7208
4eba
1140
7008
6104
6000
fefe
0240
001c
31c0
fdda
4e75
4bf9
00a1
2001
4ded
0001
08d5
0001
67fa
3a16
7e00
0245
0002
0045
0040
3c85
611e
0245
0002
0045
0080
3c85
6112
0245
0002
0045
00c0
3c85
6106
0245
0002
3c85
41f9
0002
0000
303c
7fff
20c7
51c8
fffc
4e75
4bf9
00a1
2001
0895
0000
66fa
4ded
0001
3a16
0245
0002
3c85
41f9
0001
6000
43f9
0002
0000
6100
0118
41f9
0001
3400
43f9
0002
6000
6100
0108
41f9
0001
a000
43f9
0003
8000
6100
00f8
1cbc
002a
08d5
0000
67fa
0895
0001
66fa
4e75
082e
0002
0001
6618
082e
0000
0001
6710
41f9
0020
0000
70ff
7e00
20c7
51c8
fffc
4e75
1039
00a1
0001
0200
00c0
0c00
0080
4e75
4ef9
0000
6de0
4eba
0218
4eba
1184
43fa
0022
23fc
c000
0000
00c0
0004
23d9
00c0
0000
203c
4606
0003
4eba
113e
4eba
0538
60fe
0ee0
0000
2020
2020
2020
2020
2020
2020
2020
4552
524f
5221
0000
5448
4953
2049
5320
414e
204e
5453
432d
434f
4d50
4154
4942
4c45
2053
4547
412d
4344
0046
4f52
2055
5345
2049
4e20
4e54
5343
2052
4547
494f
4e53
204f
5448
4552
2054
4841
4e00
2020
2020
204a
4150
414e
2041
4e44
2053
4f55
5448
4541
5354
2041
5349
412e
ff00
558f
1f58
0001
1e98
3a17
780f
e24d
40c6
51cc
000c
1f58
0001
1e98
3a17
780f
44c6
6404
12d8
60e6
7600
e24d
40c6
51cc
000c
1f58
0001
1e98
3a17
780f
44c6
652c
e24d
51cc
000c
1f58
0001
1e98
3a17
780f
e353
e24d
51cc
000c
1f58
0001
1e98
3a17
780f
e353
5243
74ff
1418
6016
1018
1218
74ff
1401
eb4a
1400
0241
0007
6710
1601
5243
1031
2000
12c0
51cb
fff8
6080
1218
670c
0c01
0001
6700
ff76
1601
60e4
548f
4e75
4e73
48e7
fffe
6100
0ce4
4a38
fe28
6614
6100
044a
0838
0001
fe26
6708
4eb8
fda8
5238
fe27
6100
0864
6100
08ac
4238
fe26
6100
0d24
6100
0ee0
4cdf
7fff
4e73
48e7
fffe
6100
0ca8
4a38
fe28
6614
6100
040e
0838
0001
fe26
6708
4eb8
fda8
5238
fe27
6100
0762
4238
fe26
4cdf
7fff
4e73
007c
0700
7003
11c0
fe26
027c
f8ff
4a38
fe26
66fa
6100
1060
4e75
21c9
fd0e
33c9
00a1
2006
08f8
0004
fdb5
33f8
fdb4
00c0
0004
4e75
21c9
fd0e
33fc
fd0c
00a1
2006
08f8
0004
fdb5
33f8
fdb4
00c0
0004
4e75
08b8
0004
fdb5
33f8
fdb4
00c0
0004
4e75
43fa
002a
31fc
0080
fe2e
45f8
fdb4
7000
1011
6a16
3219
0c00
0092
6206
d000
3581
0000
33c1
00c0
0004
60e6
4e75
8004
8124
9011
8b00
8c81
8328
8230
8407
855c
8d2f
8700
8a00
8f02
9100
9200
0000
23fc
c000
0000
00c0
0004
33fc
0000
00c0
0000
6100
004e
203c
4000
0000
323c
ffff
6000
007a
6122
6100
0062
6100
0066
6000
004e
23fc
7c00
0002
00c0
0004
23fc
0000
0000
00c0
0000
4e75
42b8
f900
23fc
7800
0002
00c0
0004
23fc
0000
0000
00c0
0000
4e75
203c
4000
0010
7227
7400
23c0
00c0
0004
33c2
00c0
0000
51c9
fff8
4e75
203c
6000
0002
323c
0dff
6012
203c
4000
0003
6006
203c
6000
0003
323c
1fff
7400
4df9
00c0
0004
3cbc
8f01
3638
fdb6
08c3
0004
3c83
263c
0094
0000
3601
e18b
363c
9300
1601
2c83
3cbc
9780
0080
4000
0080
2c80
1d42
fffc
3616
0803
0001
66f8
3cb8
fdb6
3cbc
8f02
4e75
4df9
00c0
0004
3638
fdb6
08c3
0004
3c83
e281
263c
0094
0000
3602
e18b
363c
9300
1602
2c83
263c
0096
0000
3601
e18b
363c
9500
1601
2c83
4841
363c
9700
1601
3c83
0080
4000
0080
4840
3c80
4840
3f00
3c9f
3cb8
fdb6
4e75
2f09
2241
5481
e281
4df9
00c0
0004
3cbc
8f02
3638
fdb6
08c3
0004
3c83
263c
0094
0000
3602
e18b
363c
9300
1602
2c83
263c
0096
0000
3601
e18b
363c
9500
1601
2c83
4841
363c
9700
1601
3c83
0080
4000
0080
4840
3c80
4840
3f00
3c9f
3cb8
fdb6
0240
ff7f
2c80
2d51
fffc
3cb8
fdd2
225f
4e75
4df9
00c0
0004
3cbc
8f01
3638
fdb6
08c3
0004
3c83
263c
0094
0000
3602
e18b
363c
9300
1602
2c83
263c
0096
0000
3601
e18b
363c
9500
1601
2c83
3cbc
97c0
0040
00c0
2c80
3616
0803
0001
66f8
3cb8
fdb6
3cbc
8f02
4e75
23c0
00c0
0004
34f9
00c0
0000
51c9
fff8
4e75
4bf9
00c0
0000
3f3c
0000
3f38
fe2e
2b40
0004
3601
3a99
51cb
fffc
d097
51ca
fff0
584f
4e75
4bf9
00c0
0000
3f3c
0000
3f38
fe2e
2b40
0004
3801
1619
3a83
51cc
fffa
d097
51ca
ffee
584f
4e75
4bf9
00c0
0000
3f3c
0000
3f38
fe2e
2b40
0004
3a01
3819
8843
3a84
51cd
fff8
d097
51ca
ffec
584f
4e75
4bf9
00c0
0000
3f3c
0000
3f38
fe2e
2b40
0004
3801
3a83
5243
51cc
fffa
d097
51ca
ffee
584f
4e75
4bf9
00c0
0000
3f3c
0000
3f38
fe2e
9641
9641
5543
2b40
0004
3801
3a99
51cc
fffc
d2c3
d097
51ca
ffee
584f
4e75
4bf9
00c0
0000
3f3c
0000
3f38
fe2e
2b40
0004
3a01
3a83
51cd
fffc
d097
51ca
fff0
584f
4e75
08f8
0006
fdb7
6018
23fc
c000
0000
00c0
0004
33fc
0000
00c0
0000
08b8
0006
fdb7
33f8
fdb6
00c0
0004
4e75
08f8
0000
fe29
2f0b
7000
1019
47f8
fb80
d6c0
1019
36d9
51c8
fffc
265f
4e75
08b8
0000
fe29
675c
49f9
00c0
0004
3838
fdb6
08c4
0004
3884
40e7
007c
0700
33fc
0100
00a1
1100
28bc
9400
9340
28bc
96fd
95c0
38bc
977f
38bc
c000
3f3c
0080
0839
0000
00a1
1100
66f6
389f
33fc
0000
00a1
1100
38b8
fdb6
28bc
c000
0000
3978
fb80
fffc
46df
4e75
48e7
fc80
41f8
fb80
d0c0
7000
740e
3610
3803
c802
6702
5543
343c
00e0
3803
c802
6704
0443
0020
343c
0e00
c842
6704
0443
0200
30c3
8043
51c9
ffd4
08f8
0000
fe29
4a40
4cdf
013f
4e75
11d9
fe46
11d9
fe47
21c9
fe4a
31fc
000e
fe48
4e75
48e7
f8c0
7000
1038
fe46
43f8
fb80
d2c0
1038
fe47
2078
fe4a
3238
fe48
3418
3602
0243
000e
9641
6a02
7600
e941
3802
0244
00e0
9841
6a02
7800
e941
0242
0e00
9441
6a02
7400
8644
8443
32c2
51c8
ffcc
4a78
fe48
6704
5578
fe48
08f8
0000
fe29
4cdf
031f
4e75
48e7
ff7c
47fa
0080
45f9
00c0
0000
6008
48e7
ff7c
47fa
0086
49f8
f700
3419
d442
6404
d6fc
000a
e54a
3a42
7608
7400
7800
6100
0084
1a19
e145
1a19
7c10
7008
6100
00d8
0c41
00fc
6430
d241
1034
1000
4880
6100
00da
1234
1001
3001
0241
000f
0240
00f0
e848
e98c
8801
5343
6606
4ed3
7800
7608
51c8
fff0
60c4
7006
6100
00b0
7007
6100
00a6
60d2
2484
534d
380d
66e0
6020
b982
2482
534d
380d
66d4
6014
24c4
534d
380d
66ca
600a
b982
24c2
534d
380d
66be
4cdf
3eff
4e75
1019
0c00
00ff
6602
4e75
3e00
1019
6bf2
1200
0247
000f
0241
0070
8e41
0240
000f
1200
e149
8e41
7208
9240
660a
1019
d040
3987
0000
60d6
1019
e368
d040
7a01
e36d
5345
49f4
0000
38c7
51cd
fffc
49f8
f700
60ba
0001
0003
0007
000f
001f
003f
007f
00ff
3e06
9e40
3205
ee69
d040
c27b
00e2
4e75
61ee
e248
9c40
0c46
0009
6406
5046
e145
1a19
4e75
49f9
00a1
1100
40e7
007c
0700
38bc
0100
397c
0100
0100
0814
0000
66fa
4df9
00a0
0000
4bf9
0000
f000
3e3c
0c9f
1cdd
51cf
fffc
4df9
00a0
0d00
4bf9
0000
fca0
3e3c
0179
1cdd
51cf
fffc
4df9
00a0
1100
4bf9
0000
fe1a
3e3c
04b9
1cdd
51cf
fffc
397c
0000
0100
38bc
0000
397c
0100
0100
46df
4e75
49f9
00a1
1100
40e7
007c
0700
38bc
0100
397c
0100
0100
0814
0000
66fa
4df9
00a0
0000
4bf9
0000
f000
3e3c
0179
1cdd
51cf
fffc
397c
0000
0100
38bc
0000
397c
0100
0100
46df
4e75
40e7
007c
0700
33fc
0100
00a1
1100
10d9
51c8
fffc
33fc
0000
00a1
1100
46df
4e75
1e3c
00e3
40e7
007c
0700
33fc
0100
00a1
1100
0839
0000
00a1
1100
66f6
13c7
00a0
1c0a
33fc
0000
00a1
1100
46df
4e75
33fc
0100
00a1
1100
0839
0000
00a1
1100
66f6
610a
33fc
0000
00a1
1100
4e75
4bf8
fe20
4df9
00a1
0003
6100
0004
544e
1cbc
0000
4e71
4e71
1e16
e507
1cbc
0040
0247
00c0
1c16
0246
003f
8e06
4607
1c15
bf06
1ac7
cc07
1ac6
4e75
7e40
13c7
00a1
0009
13c7
00a1
000b
13c7
00a1
000d
4e75
48e7
7000
40e7
007c
0700
33fc
0100
00a1
1100
0839
0000
00a1
1100
66f6
7640
1d43
0006
7e00
1c83
6118
1cbc
0000
de47
6110
33fc
0000
00a1
1100
46df
4cdf
000e
4e75
1416
1602
0202
000c
6702
5247
de47
0243
0003
6702
5247
4e75
4df9
00a1
0003
61a0
be38
fe18
6714
11c7
fe18
0c07
0007
6706
0c07
0003
6604
7200
611e
544e
6182
be38
fe19
671e
11c7
fe19
7201
0c07
0007
6708
0c07
0003
6702
4e75
7000
6100
0124
6402
4e71
4e75
0c38
0007
fe18
6638
43f8
fe20
2f09
45f8
fe0c
7200
6100
0296
265f
b3cb
6602
4251
47f8
fe1a
7003
0c1b
0002
57c8
fffa
665c
4bf8
fe0c
41f8
fe22
6100
00ba
6000
00a4
0c38
0003
fe18
6730
4bf8
fe20
4df9
00a1
0003
33fc
0100
00a1
1100
0839
0000
00a1
1100
66f6
1d7c
0040
0006
6100
feb0
33fc
0000
00a1
1100
6014
4bf8
fe00
7200
7001
6100
009a
6566
41f8
fe20
6168
0c38
0003
fe19
673a
0c38
0007
fe19
6602
6044
4bf8
fe22
4df9
00a1
0005
33fc
0100
00a1
1100
0839
0000
00a1
1100
66f6
1d7c
0040
0006
6100
fe5a
33fc
0000
00a1
1100
6014
4bf8
fe0c
7201
7001
6100
0044
6514
41f8
fe22
6112
33fc
0000
00a1
1100
4e75
7200
6002
7201
4e75
102d
0001
0240
0003
0880
0000
6704
08c0
0006
0880
0001
6704
08c0
0004
1210
b101
10c0
c200
10c1
4e75
48e7
7ffe
d241
4df9
00a1
0003
dcc1
0240
0007
d040
41fa
000e
d0f0
0000
4e90
4cdf
7ffe
4e75
0008
004c
0166
0166
3e3c
00ff
33fc
0100
00a1
1100
0839
0000
00a1
1100
66f6
1d7c
0060
0006
6100
0114
6514
1cbc
0040
6100
010a
650a
33fc
0000
00a1
1100
4e75
33fc
0000
00a1
1100
003c
0001
4e75
3e3c
00ff
49d5
33fc
0100
00a1
1100
0839
0000
00a1
1100
66f6
1cbc
0020
1d7c
0060
0006
1cbc
0060
6100
00c6
6556
1cbc
0020
6100
00bc
654c
0800
0002
6646
6100
00c4
6540
6100
00a6
653a
7c02
6100
00b6
6532
18d6
6100
0096
652a
18d6
51ce
ffee
7c02
6100
00a0
651c
6100
0082
6516
51ce
fff2
1cbc
0060
6100
0078
33fc
0000
00a1
1100
6016
1cbc
0060
33fc
0000
00a1
1100
42ad
0006
003c
0001
4e75
49d5
7000
7200
010c
0002
030c
0003
0240
0f0f
0241
0f0f
e948
8041
3200
0241
00ff
e048
0814
0001
6704
0441
0100
0814
0003
6702
4201
4441
3941
0008
0814
0000
6704
0440
0100
0814
0002
6702
4200
3940
0006
4e75
1cbc
0020
023c
00fe
1016
0800
0004
56cf
fff8
671c
1016
4e75
1cbc
0000
023c
00fe
1016
0800
0004
57cf
fff8
6604
1016
4e75
003c
0001
4e75
48e7
7f9e
41f8
fe1a
d241
4df9
00a1
0003
dcc1
33fc
0100
00a1
1100
0839
0000
00a1
1100
66f6
1cbc
0020
1d7c
0060
0006
3e3c
00ff
0816
0004
6700
0054
61a6
654e
0200
000f
6186
6546
0200
000f
6196
653e
10c0
6100
ff78
6536
10c0
6188
6530
10c0
7c20
6100
ff68
6526
10c0
02a0
0f0f
0f0f
612e
612c
612a
6128
1cbc
0060
6100
ff52
33fc
0000
00a1
1100
4cdf
79fe
4e75
1cbc
0060
33fc
0000
00a1
1100
4cdf
79fe
4e75
7000
1018
0c00
0002
6214
d040
d040
4efb
0002
6000
0016
6000
0008
6000
003e
4e75
6108
6100
006c
65c6
4e75
6100
0064
65be
0240
000f
3200
6100
0058
65b2
0240
000f
e940
8200
4601
b3fc
ffff
fe20
620a
1011
b300
12c1
c001
12c0
4e75
7205
b5fc
ffff
fe0c
621a
49d2
6100
0028
6582
18c0
51c9
fff6
4bd2
6100
fe64
45ea
000c
4e75
6100
0010
6500
ff6a
51c9
fff6
4e75
1016
4e75
0846
0005
6700
fe96
6000
feaa
7000
4df9
00a1
200e
1c80
544e
2cc0
2cc0
2cc0
2cc0
4df8
fdde
3cc0
2cc0
2cc0
2cc0
2cc0
4e75
0839
0000
00a1
200f
67f6
4e75
49f9
00a1
200e
08d4
0000
4df8
fdde
0896
0001
4bf9
00a1
2001
0815
0000
674a
0815
0001
6644
524c
0814
0000
672e
08d6
0001
085e
0000
6708
0814
0001
66fa
6006
0814
0001
67fa
1cd4
524c
7003
28d6
429e
51c8
fffa
2cdc
2cdc
2cdc
2cdc
08ed
0000
ffff
08f9
0001
00a1
200e
4e75
08b9
0001
00a1
200e
49f8
fdde
0814
0001
6758
082c
0002
0001
6750
08d4
0002
41f8
fdf4
3018
31c0
fe3a
0240
a000
663c
11e8
0005
fe57
082c
0003
0001
671c
0814
0005
6728
31d8
fe3c
5848
31d8
fe3e
1018
11c0
fe43
08d4
0006
4e75
31d8
fe44
5848
31d8
fe40
11d8
fe42
08d4
0005
4e75
08b8
0006
fdde
08b8
0005
fdde
4e75
0839
0006
00a1
200f
67f6
08b9
0002
00a1
200e
4e75
08b8
0000
fddd
08f9
0007
00a1
200e
08f9
0001
00a1
2003
4e75
0838
0000
fddd
6714
0839
0007
00a1
200f
661a
08b8
0000
fddd
8040
4e75
0839
0007
00a1
200f
6706
08f8
0000
fddd
003c
0001
4e75
0c40
0000
670c
0c40
0012
660c
6100
ff86
6006
72ff
6100
00f4
7600
163b
0040
103b
003d
6b24
6606
31c3
fde0
4e75
0c00
0001
6720
3002
0280
0000
000f
4840
e888
8240
0242
0ff0
e94a
8642
4843
3601
21c3
fde0
4e75
1203
4841
21c1
fde0
4e75
0a00
0200
0300
0400
0500
0600
0700
0800
0900
10ff
11ff
12ff
13ff
1401
15ff
1601
1701
1801
20ff
21ff
8000
8100
82ff
83ff
8502
8602
8700
8900
8a00
8b00
8cff
8d00
8f00
9000
9100
92ff
93ff
00ff
c0ff
c1ff
19ff
c2ff
c3ff
31c0
fde0
31c1
fde2
4e75
31c0
fde8
31c1
fdea
4e75
31c0
fdec
31c1
fdee
4e75
0c40
0001
6608
08f9
0002
00a1
200e
31c0
fde4
31c1
fde6
4e75
0838
0001
fdde
6710
3038
fdf0
3238
fdf2
0240
00fc
4efb
0004
4e75
4e71
4e75
6000
0002
11c1
fddc
4e75
1038
fddc
4e75
0c38
0004
fddc
6706
0c38
0006
fddc
4e75
0c38
0040
fe3a
6704
4a40
4e75
003c
0001
4e75
0838
0000
fe26
675c
49f9
00c0
0004
3838
fdb6
08c4
0004
3884
40e7
007c
0700
33fc
0100
00a1
1100
28bc
9401
9340
28bc
96fc
9580
38bc
977f
38bc
7800
3f3c
0082
0839
0000
00a1
1100
66f6
389f
33fc
0000
00a1
1100
38b8
fdb6
28bc
7800
0002
3978
f900
fffc
46df
4e75
2f0d
3238
fe20
4a40
6704
3238
fe22
4bf8
fe24
dac0
0201
000f
6612
0241
0f00
6710
5315
6a0c
1abc
0005
e049
6004
1abc
0014
1281
2a5f
4e75
e488
3200
4840
5341
22d8
51c9
fffc
51c8
fff8
4ed2
3238
fe2c
4bf9
00c0
0000
2b40
0004
7400
1419
6b12
6706
d441
3a82
60f2
4840
d078
fe2e
4840
60e4
4e75
203c
4400
0000
31fc
0000
fe2c
223c
0001
1011
2400
43f9
0001
5000
343c
0060
e542
5342
4bf9
00c0
0000
2b40
0004
2f01
3219
611c
6118
6116
6114
2a83
6112
610e
610c
610a
2a83
51ca
ffe8
221f
4e75
e19b
e559
3801
0244
0003
1637
4004
4e75
4bf9
00c0
0000
3c02
5246
3a03
2b40
0004
3801
3a85
da46
51cc
fffa
5243
4840
d078
fe2e
4840
51ca
ffe4
4e75
3238
fe2a
c3fc
3619
0641
5d35
31c1
fe2a
c3c0
4840
4240
e280
d081
4840
48c0
4e75
3038
fe2a
c1fc
3619
0640
5d35
31c0
fe2a
4e75
3f06
0281
0000
ffff
82fc
03e8
3c01
e946
4241
4841
82fc
0064
8c01
e946
4241
4841
82fc
000a
8c01
e946
4841
8246
3c1f
4e75
3419
670a
4cd9
0003
4eb8
0b58
60f2
4e75
2609
3419
670e
2019
7200
3219
d283
4eb8
0b58
60dc
4e75
41f8
fe4e
43f8
fe50
20c0
22c1
5348
5349
44fc
0004
8109
8109
40e7
6404
0410
0040
46df
8109
3010
4e75
5449
c30a
6518
0c11
0060
651a
48e7
c000
1011
7240
c101
1280
4cdf
0003
6008
40e7
0611
0040
46df
c30a
4e75
48e7
ff1e
3640
1019
4880
3a40
1019
4880
48c0
e298
e258
2800
3c59
dccb
3859
d8cb
1a19
e145
1a19
7c10
7007
3e06
9e40
3205
ee69
0241
007f
3401
0c41
0040
6404
7006
e24a
6100
0106
0242
000f
e849
d241
4efb
104e
34ce
524e
51ca
fffa
60cc
34cc
51ca
fffc
60c4
6100
0060
34c1
51ca
fffc
60b8
6100
0054
34c1
5241
51ca
fffa
60aa
6100
0046
34c1
5341
51ca
fffa
609c
0c42
000f
671c
6100
0032
34c1
51ca
fff8
608a
60b2
60b0
60b8
60b6
60bc
60c6
60d2
60de
5349
0c46
0010
6602
5349
3009
e248
6402
5249
4cdf
78ff
4e75
360b
4844
6a0a
5346
0d05
6704
0043
1000
4844
6a0a
5346
0d05
6704
0043
0800
3205
3e06
9e4d
6428
3c07
0646
0010
4447
ef69
1a11
ef3d
de47
ca7b
702a
d245
300d
d040
c27b
0020
d243
1a19
e14d
1a19
4e75
6710
ee69
300d
d040
c27b
000a
d243
300d
6024
7c10
60d8
0001
0003
0007
000f
001f
003f
007f
00ff
01ff
03ff
07ff
0fff
1fff
3fff
7fff
ffff
9c40
0c46
0009
6406
5046
e145
1a19
4e75
3c48
7c00
2cc6
51cf
fffc
4e75
48e7
0480
61ee
304e
51cd
fffa
4cdf
0120
4e75
0828
0001
0002
6702
4e75
2268
0004
7200
1219
1159
0019
4a28
0002
6a04
5228
0019
3428
000c
0c42
0180
624c
3628
0008
1019
4880
d042
34c0
14d9
14c6
1019
8028
0018
14c0
14d9
1019
4a28
0002
6a08
086a
0003
fffe
1011
5249
4880
d043
3800
0444
0041
0c44
017f
6508
5d4a
51c9
ffc4
4e75
34c0
5206
51c9
ffba
4e75
2428
0010
d5a8
0008
2628
0014
d7a8
000c
4e75
21c9
fe30
2f09
31fc
0001
fe38
48a7
c000
3010
6728
0240
7ffc
2278
fe34
2271
0000
4e91
61ca
4a50
6714
2478
fe30
3c38
fe38
6100
ff44
31c6
fe38
21ca
fe30
4c9f
0003
d0c1
51c8
ffc8
2478
fe30
b5df
6706
422a
fffb
4e75
4292
4e75
50f8
fe28
6100
f030
6100
f394
6100
ecc8
323c
ffff
203c
4000
0000
6100
ed70
42b8
c106
6100
f9a6
43fa
0458
4eba
ecb4
007c
0700
43f9
0000
218a
6100
f00c
23fc
6660
0002
00c0
0004
43f9
0000
9c00
4eb8
0e84
303c
2533
43f9
0000
b9da
45f8
e000
6100
fd46
7227
7415
203c
5380
0003
43f8
e000
4eb8
0c2e
23fc
50c0
0003
00c0
0004
43f9
0000
baae
4eb8
0e84
303c
4686
43f9
0000
bac8
45f8
e000
6100
fd0e
721c
7402
203c
5492
0003
43f8
e000
4eb8
0c2e
303c
4686
43f9
0000
baec
45f8
e000
6100
fcea
720c
7403
203c
5614
0003
43f8
e000
4eb8
0c2e
303c
4686
43f9
0000
bb06
45f8
e000
6100
fcc6
720c
740a
203c
5802
0003
43f8
e000
4eb8
0c2e
7e0f
23fc
61e0
0003
00c0
0004
33fc
3333
00c0
0000
51cf
fff6
7227
7402
203c
6400
0003
363c
670f
4eb8
0cf2
7227
7402
203c
7080
0003
363c
670f
4eb8
0cf2
7227
7402
203c
7200
0003
363c
670f
4eb8
0cf2
7227
7402
203c
7e80
0003
363c
670f
4eb8
0cf2
23fc
6000
0003
00c0
0004
41f9
0000
eb12
3c3c
00af
33d8
00c0
0000
51ce
fff8
303c
e700
7e0a
23fc
5328
0003
00c0
0004
33c0
00c0
0000
5240
51cf
fff6
23fc
6160
0003
00c0
0004
41f9
0000
ec72
3e3c
001f
23d8
00c0
0000
51cf
fff8
303c
e70b
7e03
23fc
5340
0003
00c0
0004
33c0
00c0
0000
5240
51cf
fff6
7e09
203c
5260
0003
41f9
0000
ecf2
23c0
00c0
0004
7c0f
33d8
00c0
0000
51ce
fff8
0680
0080
0000
51cf
ffe6
23fc
5348
0003
00c0
0004
303c
e693
33c0
00c0
0000
23fc
534a
0003
00c0
0004
303c
e693
33c0
00c0
0000
6100
0476
4238
c0ff
4238
fe53
0839
0002
00a1
2003
66f6
0839
0000
00a1
2003
67f6
4279
0021
9c00
41f9
0022
0000
3e3c
7fff
4298
51cf
fffc
41f9
0000
bb46
43f9
0020
0080
3e3c
055f
22d8
51cf
fffc
41f9
0000
d09e
43f9
0020
1880
3e3c
057f
22d8
51cf
fffc
41f9
0000
d046
43f9
0022
0c02
700a
7203
343c
0200
6100
0596
41f9
0000
e61e
43f9
0023
f002
7010
7203
343c
0200
6100
057e
41f9
0021
a000
3e3c
17bf
20fc
0000
0000
51cf
fff8
31fc
0000
c10e
31fc
0000
c110
31fc
0000
c112
31fc
0000
c114
31fc
0000
c116
31fc
0000
c118
31fc
0000
c11a
31fc
0000
c11c
31fc
0000
c11e
31fc
0000
c120
33fc
0000
0021
9c02
33fc
0000
0021
9c04
33fc
0000
0021
9c06
33fc
0000
0021
9c08
33fc
0000
0021
9c0a
33fc
0000
0021
9c0c
33fc
0000
0021
9c0e
33fc
0000
0021
9c10
33fc
0000
0021
9c12
33fc
0000
0021
9c14
41f8
c102
7e04
4258
51cf
fffc
41f8
c122
7e0b
4258
51cf
fffc
4279
0021
9c00
4279
0021
9c16
4279
0021
9c18
31fc
0000
c136
08f9
0001
00a1
2003
67f6
027c
f8ff
203c
6602
0003
323c
0025
343c
0004
363c
0001
4eb8
199c
203c
6882
0003
323c
0025
343c
0004
363c
00bf
4eb8
199c
203c
6b02
0003
323c
0025
343c
0004
363c
017d
4eb8
199c
203c
6d82
0003
323c
0025
343c
0004
363c
0475
4eb8
199c
203c
7402
0003
323c
0025
343c
0004
363c
023b
4eb8
199c
203c
7682
0003
323c
0025
343c
0004
363c
02f9
4eb8
199c
203c
7902
0003
323c
0025
343c
0004
363c
03b7
4eb8
199c
203c
7b82
0003
323c
0025
343c
0004
363c
0475
4eb8
199c
23fc
4000
0010
00c0
0004
33fc
0120
00c0
0000
23fc
4002
0010
00c0
0004
33fc
0120
00c0
0000
4eb8
0d16
43f9
0000
2424
4eb8
0420
4238
fe28
6100
f566
1e3c
0081
4eb8
109c
4ef8
0970
8238
8300
8406
8500
8b00
8d00
9011
0000
0033
0000
00ee
00ae
006e
000e
0e0c
0e60
0ce0
00e0
0000
0eec
0c00
0c20
0c40
0c60
0c80
0000
0000
08aa
0246
0864
0acc
0224
0466
0444
0666
0888
068a
0268
0aaa
0442
0000
0000
0000
0000
0246
0864
0acc
0000
0000
0000
0000
0888
0000
0000
0000
0000
0000
0000
0eee
0888
0000
6100
fb04
31fc
0258
c100
6100
04e8
4eb8
0970
48e7
c040
7000
0c38
0007
fe18
6610
43f8
fe1a
7203
0c19
0002
57c9
fffa
6708
0c38
0003
fe19
660a
1038
fe23
0240
0050
d040
0c38
0003
fe18
660c
1238
fe21
0241
0050
d241
8041
8138
fe21
4cdf
0203
4eb8
1856
640c
7403
6100
00b4
4238
c0ff
6094
6100
f5da
4a00
6b2c
4a38
fe3a
6b8c
4a38
c0ff
6600
005c
1038
fe21
6b0e
0200
0070
670e
11fc
0002
c0ff
6006
11fc
0001
c0ff
7402
6026
4a38
c0ff
661e
1038
fe21
6b0a
0200
0070
660c
7400
6010
11fc
0001
c0ff
6006
11fc
0002
c0ff
7401
6100
0050
4a78
c100
6700
ff36
5378
c100
6736
6000
ff2c
0c38
0002
c0ff
6706
6100
f568
6716
1e3c
00e0
4eb8
109c
7001
7208
4eba
f510
7008
4ef8
06ca
1e3c
00e1
4eb8
109c
700c
4ef8
06ca
4eb8
1846
67ec
6000
fef0
e54a
207b
2012
223c
6460
0003
3c3c
0037
6100
0014
4e75
ffff
c13a
ffff
c83a
ffff
cf3a
ffff
d63a
23c1
00c0
0004
7e0f
33d8
00c0
0000
51cf
fff8
0681
0080
0000
51ce
ffe6
4e75
2449
3e3c
01bf
24fc
0000
0000
51cf
fff8
2449
7e1c
9e41
e24f
eb4f
d4c7
224a
3e01
e94f
5347
3007
34d8
51cf
fffc
d2fc
0380
32d8
51c8
fffc
4e75
45f8
e000
43f9
0000
e6a6
6100
eafc
720f
41f8
e000
43f8
c13a
61ae
45f8
e000
43f9
0000
e7a8
6100
eae2
720d
41f8
e000
43f8
c83a
6194
45f8
e000
43f9
0000
e882
6100
eac8
721a
41f8
e000
43f8
cf3a
6100
ff7a
45f8
e000
43f9
0000
e9f2
6100
eaac
7214
41f8
e000
43f8
d63a
6100
ff5e
7c01
303c
e723
223c
5e8c
0003
7e1b
23c1
00c0
0004
33c0
00c0
0000
5840
51cf
fff6
0681
0080
0000
51ce
ffe4
4e75
6100
f3f2
4eb8
0d30
0839
0000
00a1
2003
6700
00a6
3639
0021
9c00
0c43
0003
6614
23fc
4000
0010
00c0
0004
33fc
0040
00c0
0000
6018
0c43
0007
661a
23fc
4000
0010
00c0
0004
33fc
0120
00c0
0000
6100
0b3a
6100
0ae2
3639
0021
9c00
e34b
7000
303b
305e
e588
e448
4840
0080
4000
0000
343b
305e
e34b
223b
3068
4eb8
0b58
31f9
0021
9c00
c10a
13f8
c138
0021
9c18
4a39
0021
9c16
6708
11f9
0021
9c16
c10c
7e09
41f8
c10e
43f9
0021
9c02
32d8
51cf
fffc
08f9
0001
00a1
2003
67f6
4eb8
0d16
4e75
0020
17e0
2fa0
8ea0
4760
5f20
76e0
8ea0
0be0
0be0
0be0
0be0
0be0
0be0
0be0
0be0
0021
a000
0021
b7c0
0021
cf80
0021
e740
0021
a000
0021
b7c0
0021
cf80
0021
e740
2449
3600
34d8
51cb
fffc
d2c2
51c9
fff2
4e75
48e7
ff04
4bf9
00c0
0000
3f3c
0000
3f38
fe2e
2b40
0004
3801
3a19
da43
3a85
51cc
fff8
d097
51ca
ffec
584f
4cdf
20ff
4e75
0647
0080
2f06
0247
01ff
3c07
0807
0007
6702
4646
0246
007f
e34e
3c3b
6010
0807
0008
6702
4446
3e06
2c1f
4e75
0000
0003
0006
0009
000c
000f
0012
0016
0019
001c
001f
0022
0025
0028
002b
002f
0032
0035
0038
003b
003e
0041
0044
0047
004a
004d
0050
0053
0056
0059
005c
005f
0062
0065
0068
006a
006d
0070
0073
0076
0079
007b
007e
0081
0084
0086
0089
008c
008e
0091
0093
0096
0099
009b
009e
00a0
00a2
00a5
00a7
00aa
00ac
00ae
00b1
00b3
00b5
00b7
00b9
00bc
00be
00c0
00c2
00c4
00c6
00c8
00ca
00cc
00ce
00d0
00d1
00d3
00d5
00d7
00d8
00da
00dc
00dd
00df
00e0
00e2
00e3
00e5
00e6
00e7
00e9
00ea
00eb
00ec
00ee
00ef
00f0
00f1
00f2
00f3
00f4
00f5
00f6
00f7
00f7
00f8
00f9
00fa
00fa
00fb
00fb
00fc
00fc
00fd
00fd
00fe
00fe
00fe
00ff
00ff
00ff
00ff
00ff
00ff
0100
31fc
0000
c10e
31fc
0000
c110
31fc
0000
c112
31fc
0000
c114
31fc
0000
c116
4278
c132
42b8
c122
42b8
c126
4e75
31fc
0000
c118
31fc
0000
c11a
31fc
0000
c11c
31fc
0000
c11e
31fc
0000
c120
4278
c134
42b8
c12a
42b8
c12e
4e75
3038
c10a
0240
0003
0c40
0003
660e
4a38
c10c
6708
6100
0008
6100
0020
4e75
3038
c136
e548
4ebb
0004
4e75
6000
0042
6000
0160
6000
0374
6000
0540
3038
c136
e548
4ebb
0004
4e75
6000
004e
6000
0170
6000
0390
6000
0558
5378
c122
6604
5278
c132
4e75
5378
c12a
6604
5278
c134
4e75
3038
c132
e548
4ebb
0004
4e75
6000
003e
6000
ffd6
6000
0042
6000
003e
6000
004c
6000
ffc6
6000
0050
3038
c134
e548
4ebb
0004
4e75
6000
0046
6000
ffba
6000
004a
6000
006a
6000
0098
6000
00ca
31fc
0040
c122
5278
c132
4e75
5978
c116
0278
01ff
c116
6604
5278
c132
4e75
31fc
007f
c122
5278
c132
4e75
6100
fec2
4e75
31fc
0040
c12a
5278
c134
4e75
5278
c12a
3038
c12a
e448
d178
c11e
0c78
0100
c12a
660c
5278
c134
4278
c12a
4278
c11e
4e75
5878
c12a
3e38
c12a
6100
fd5c
e44f
4447
31c7
c11a
31f8
c12a
c11c
0678
0010
c11e
0c78
0100
c12a
6608
5278
c134
4278
c12a
4e75
5878
c12a
3e38
c12a
6100
fd2a
e44f
31c7
c11a
303c
0100
9078
c12a
31c0
c11c
0678
0010
c11e
0c78
0100
c12a
6608
5278
c134
4278
c12a
4e75
6100
fe50
5278
c136
4238
c10c
4e75
3038
c132
e548
4ebb
0004
4e75
6000
004e
6000
0078
6000
0088
6000
00a2
6000
00b2
6000
00c2
6000
00da
6000
00f2
3038
c134
e548
4ebb
0004
4e75
6000
00e8
6000
0110
6000
013a
6000
fe8c
6000
0160
6000
0170
6000
0180
6000
0198
6000
01b0
5878
c122
5b78
c10e
5478
c110
3e38
c122
6100
fc82
e44f
4447
31c7
c112
0c78
0100
c122
6608
5278
c132
4278
c122
4e75
5078
c112
5578
c110
5a78
c10e
6604
5278
c132
4e75
0678
0020
c116
0278
01ff
c116
0478
0010
c112
6608
5278
c132
4238
c10c
4e75
0678
0010
c116
0278
01ff
c116
6604
5278
c132
4e75
0478
0010
c116
0278
01ff
c116
6604
5278
c132
4e75
5078
c114
0278
01ff
c114
5078
c116
0278
01ff
c116
6604
5278
c132
4e75
5178
c114
0278
01ff
c114
5178
c116
0278
01ff
c116
6604
5278
c132
4e75
6100
fcfa
4e75
5278
c12a
0678
0010
c11c
5078
c118
0678
0020
c120
0278
01ff
c120
0c78
0200
c11c
6608
5278
c134
4278
c12a
4e75
5078
c12a
3e38
c12a
e24f
6100
fb96
31c7
c11c
0678
0200
c11c
5078
c118
0c78
0200
c12a
6608
5278
c134
4278
c12a
4e75
5278
c12a
0478
0010
c11c
0478
0018
c118
0678
0020
c120
0278
01ff
c120
4a78
c11c
660a
5278
c134
31fc
0020
c12a
4e75
0478
0010
c120
0278
01ff
c120
6604
5278
c134
4e75
0678
0010
c120
0278
01ff
c120
6604
5278
c134
4e75
5178
c11e
0278
01ff
c11e
5178
c120
0278
01ff
c120
6604
5278
c134
4e75
5078
c11e
0278
01ff
c11e
5078
c120
0278
01ff
c120
6604
5278
c134
4e75
6100
fc38
5278
c136
4238
c10c
4e75
3038
c132
e548
4ebb
0004
4e75
6000
0052
6000
fc9c
6000
0056
6000
005e
6000
fc90
6000
007a
6000
fc88
6000
009c
6000
00c6
6000
00f4
6000
011e
3038
c134
e548
4ebb
0004
4e75
6000
0114
6000
fc70
6000
0132
6000
013a
6000
0150
6000
fc60
6000
0164
31fc
003f
c122
5278
c132
4e75
11fc
0002
c138
5278
c132
4e75
5c78
c112
0678
0010
c116
0278
01ff
c116
0c78
0300
c112
660a
5278
c132
31fc
005e
c122
4e75
31fc
0000
c10e
31fc
0000
c110
31fc
0000
c112
31fc
0000
c114
31fc
0000
c116
5278
c132
31fc
0010
c122
4e75
5078
c122
3e38
c122
6100
fa08
e84f
4447
31c7
c110
5978
c10e
5578
c112
0c78
0100
c122
6608
5278
c132
4278
c122
4e75
5878
c122
3e38
c122
6100
f9da
3c07
e44e
e24f
de46
31c7
c110
5278
c10e
5878
c112
0c78
0100
c122
6608
5278
c132
4278
c122
4e75
5078
c122
3e38
c122
6100
f9a8
e64f
4447
31c7
c110
5478
c10e
5d78
c112
0c78
0100
c122
6608
5278
c132
4278
c122
4e75
6100
faaa
4e75
0678
0010
c11c
0678
0010
c120
0278
01ff
c120
0c78
0400
c11c
660a
5278
c134
31fc
0080
c12a
4e75
11fc
0001
c138
5278
c134
4e75
0478
0010
c11c
0c78
ffa0
c11c
660a
5278
c134
11fc
0000
c138
4e75
0678
0015
c120
5878
c11c
660e
5278
c134
4278
c120
31fc
0091
c12a
4e75
6100
fa68
5278
c136
4238
c10c
4e75
3038
c132
e548
4ebb
0004
4e75
6000
0056
6000
006a
6000
00aa
6000
00d2
6000
00f2
6000
011a
6000
fab8
6000
0130
6000
fab0
6000
015e
3038
c134
e548
4ebb
0004
4e75
6000
0154
6000
0168
6000
01ac
6000
01dc
6000
fa98
6000
01f6
6000
024c
6000
0274
6000
0288
5078
c110
0678
0018
c112
0c78
0180
c112
6604
5278
c132
4e75
5878
c122
5078
c116
0278
01ff
c116
3e38
c122
6100
f874
e247
4447
0647
0200
31c7
c112
3e38
c122
6100
f864
4447
e347
31c7
c10e
0c78
0200
c122
6608
5278
c132
4278
c122
4e75
5078
c122
3e38
c122
6100
f83e
e247
0647
0080
31c7
c110
5178
c112
0c78
0080
c112
6608
5278
c132
4278
c122
4e75
0678
0020
c116
0278
01ff
c116
5178
c110
5178
c112
660c
5278
c132
4238
c10c
4278
c122
4e75
5478
c122
3e38
c122
6100
f7ee
e247
31c7
c110
5878
c10e
5478
c112
0c78
0080
c122
6608
5278
c132
4278
c122
4e75
5978
c110
0478
0010
c10e
6610
5278
c132
31fc
0010
c122
31fc
0040
c124
4e75
5078
c122
3e38
c122
6100
f7a4
e247
5578
c124
de78
c124
31c7
c110
5978
c112
0c78
0100
c122
660e
5278
c132
31fc
0040
c122
4278
c124
4e75
6100
f89e
4e75
5078
c11a
0678
0018
c11c
0c78
0180
c11c
6604
5278
c134
4e75
5878
c12a
5178
c120
0278
01ff
c120
3e38
c12a
6100
f742
e247
4447
0647
0200
31c7
c11c
3e38
c12a
6100
f732
e347
31c7
c118
0c78
0200
c12a
660e
5278
c134
4278
c12a
31fc
0180
c11c
4e75
5078
c12a
3e38
c12a
6100
f708
e247
4447
0647
0080
31c7
c11a
5178
c11c
0c78
0100
c12a
660e
5278
c134
4278
c12a
31fc
0080
c11c
4e75
0478
0020
c120
0278
01ff
c120
5178
c11a
5178
c11c
660a
5278
c134
31fc
0020
c12a
4e75
5078
c12a
5078
c120
0278
01ff
c120
5078
c11e
0278
01ff
c11e
3e38
c12a
6100
f69e
e447
4447
31c7
c11a
3e38
c12a
6100
f68a
e447
0447
0040
31c7
c118
3e38
c12a
6100
f67c
e647
31c7
c11c
0c78
0200
c12a
6608
5278
c134
4278
c12a
4e75
5078
c12a
3e38
c12a
6100
f658
e247
4447
31c7
c11a
0678
0010
c11c
0c78
0100
c12a
6608
5278
c134
4278
c12a
4e75
0678
0020
c120
0278
01ff
c120
5178
c11c
6604
5278
c134
4e75
6100
f770
4278
c136
4238
c10c
4e75
3038
c108
e348
41fa
002c
d0c0
43f8
fb82
7e07
32d8
51cf
fffc
4278
c106
5278
c108
0c78
0008
c108
6604
4278
c108
08f8
0000
fe29
4e75
00ee
00ae
006e
000e
0e0c
0e60
0ce0
00e0
00ee
00ae
006e
000e
0e0c
0e60
0ce0
00e0
41f8
fbc6
5278
c102
0c78
0010
c102
6604
4278
c102
3038
c102
e248
e348
30bb
0016
317b
0032
0002
317b
004c
0004
08f8
0000
fe29
4e75
0acc
08aa
0688
0466
0244
0466
0688
08aa
0acc
08aa
0688
0466
0244
0466
0688
08aa
0688
0466
0244
0466
0688
08aa
0acc
08aa
0688
0466
0244
0466
0688
08aa
0acc
08aa
0466
0244
0466
0688
08aa
0acc
08aa
0688
0466
0244
0466
0688
08aa
0acc
08aa
0688
6100
0080
4eba
d92a
50f8
fe28
4eba
3296
6100
13a0
651a
0c38
0001
d002
6712
41f8
d300
43f8
f900
7001
323c
0080
4eb8
1ca2
6100
1470
6100
2ec0
6100
263c
6100
2434
6100
30ae
3039
00c0
0008
6b06
0c40
5800
63f2
6100
2bf6
4eba
32aa
4238
fe28
1038
d007
0200
00c0
679c
0800
0006
660e
7001
7210
4eba
e74c
7010
4efa
d610
700c
4efa
d60a
50f8
fe28
4eba
dc68
4eba
d904
4eba
d94c
43fa
00b8
4eba
d902
4eba
dfbc
43f9
0000
319e
4eba
d33a
6100
01a2
11fc
0001
d010
11fc
0010
d00f
11fc
0010
d011
11fc
0003
d00e
4278
d166
6100
2156
6100
2e1e
6100
31b6
4eba
322c
42b8
f900
42b8
f904
21fc
0000
3180
fe34
41f8
d300
7e7f
6100
eaca
6100
0166
31fc
0008
d380
6100
2e64
23fc
4000
0010
00c0
0004
23fc
0020
0100
00c0
0000
23fc
4400
0002
00c0
0004
33fc
ff80
00c0
0000
4238
d003
6100
3240
6100
2c8a
6100
e55e
4238
fe28
4eba
d7f4
4eba
db96
4e75
0000
32dc
0000
4220
8334
8230
8407
8568
8d21
8c81
9100
9200
0000
49f9
00c0
0004
3838
fdb6
08c4
0004
3884
40e7
007c
0700
33fc
0100
00a1
1100
28bc
9400
9380
28bc
96fc
9580
38bc
977f
38bc
5000
3f3c
0083
0839
0000
00a1
1100
66f6
389f
33fc
0000
00a1
1100
38b8
fdb6
28bc
5000
0003
3978
f900
fffc
46df
6100
327a
08b8
0005
d007
670a
4a38
d003
6706
6000
31c6
4e75
4eba
db1c
33fc
9011
00c0
0004
31fc
9011
fdd4
33fc
8700
00c0
0004
31fc
8700
fdc2
33fc
9100
00c0
0004
31fc
9100
fdd6
33fc
9200
00c0
0004
31fc
9200
fdd8
2c3c
4220
0003
6100
35c0
6100
2b7e
4238
d061
23fc
4000
0010
00c0
0004
23fc
0020
0100
00c0
0000
23fc
4400
0002
00c0
0004
23fc
ff80
0000
00c0
0000
4efa
da8c
41f8
d000
7030
4258
51c8
fffc
4e75
41f8
d300
30bc
0004
117c
0080
0018
217c
0001
2bbd
0004
42a8
0036
217c
0000
0001
0032
6100
e588
6712
217c
0001
0003
0032
6100
e574
6604
42a8
0032
4268
0024
6000
02f0
6100
0dd0
6100
0fd6
43e8
0044
7000
6100
e5e2
0838
0003
d008
6702
4e75
0838
0007
fe20
6642
4a38
d003
6714
0838
0004
fe21
6600
0194
0828
0001
0002
6702
4e75
3028
0024
4efb
0002
6000
0124
6000
0148
6000
0328
6000
03e0
6000
0712
6000
0708
6000
0780
6000
07a4
1038
fe21
0800
0007
6700
0062
317c
0008
005c
6100
e4f0
6600
0034
4a68
0024
660c
0ca8
0000
0001
0032
6700
0ce8
6100
0774
4a38
d003
670a
217c
0001
0003
0032
6008
217c
0000
0001
0032
6000
023e
6100
0754
6100
e4c2
650e
0838
0000
d008
6606
6100
e49e
6604
6100
0e46
6000
021e
6100
e4a6
653c
0838
0000
d008
6634
6100
e482
672e
4a68
005c
6b04
5268
005c
1038
fe21
0200
007c
6700
01f4
0c68
0010
005c
6300
01ea
6114
6100
01e4
4268
005c
6000
0c66
42a8
0032
6000
01d4
0800
0006
662c
0800
0005
6616
0800
0004
662a
0800
0003
662e
217c
0000
0003
0032
4e75
217c
0000
0005
0032
0838
0002
d008
6608
217c
0001
0003
0032
4e75
217c
0001
0004
0032
4e75
217c
0002
0003
0032
4e75
3038
fe20
0240
7070
660c
4a38
d060
6600
0780
6000
007e
6100
016a
1038
fe21
0200
0070
6600
0be8
4e75
0828
0001
0002
6600
0152
3038
fe20
0240
7070
660c
4a38
d060
6600
074e
6000
004c
6100
0138
1038
fe21
0200
0070
6600
0bb6
4e75
0868
0001
0002
1038
d004
5200
0200
0003
0238
00fc
d004
8138
d004
0c00
0003
6606
6100
2a4c
6004
6100
2a08
0838
0000
d004
6700
2998
6000
29d0
1238
fe21
6100
e376
650e
0838
0000
d008
6606
6100
e352
6608
42a8
0032
6000
00c6
4a38
d003
6712
0c68
0003
0034
620a
0801
0000
6704
6000
00ae
3028
0034
661a
217c
0000
0001
0032
6100
e324
6708
217c
0001
0003
0032
6000
008e
43fa
008c
1031
0000
0801
0003
670c
b068
0032
6f16
5268
0032
6010
0801
0002
670a
4a68
0032
6704
5368
0032
0801
0000
672a
6100
e2e2
6708
0c68
0003
0034
6006
0c68
0001
0034
6f46
5368
0034
0c68
0004
0034
6628
317c
0001
0032
6020
0801
0001
672c
0c68
0008
0034
6424
5268
0034
0c68
0003
0034
6606
317c
0001
0032
3028
0034
1031
0000
b068
0032
6c04
3140
0032
600a
0000
0002
0200
0000
0000
3028
0032
8068
0034
6b1a
614e
4228
004c
3228
0030
d241
d241
317b
100c
000c
317b
1008
0008
4e75
00c8
0138
00a6
0188
00b6
0188
00de
0174
00d6
0192
00de
01a8
00ee
0174
00e6
0192
00ee
01a8
00f6
0192
0104
0192
0116
0188
0126
0188
7000
3228
0034
43fa
0016
5341
6b06
d059
51c9
fffc
d068
0032
3140
0030
4e75
0001
0001
0001
0003
0003
0001
0001
0001
0001
3038
fe20
0240
7070
660c
4a38
d060
6600
071c
6100
0014
6100
005e
1038
fe21
0200
0070
6600
09dc
4e75
1238
fe21
0801
0002
670c
4a68
0032
6718
5368
0032
6012
0801
0003
670c
0c68
0002
0032
6404
5268
0032
0801
0001
670e
0c68
0002
0034
6416
5268
0034
6010
0801
0000
670a
4a68
0034
6704
5368
0034
4e75
3028
0032
8068
0034
6b12
611e
4228
004c
317b
000c
000c
317b
100c
0008
4e75
011e
012e
013e
00d4
010c
0144
3028
0034
3400
d040
d440
3228
0032
d441
0642
000d
3142
0030
d241
4e75
1238
fe21
1001
0200
0070
6600
000a
4a38
d060
6600
06bc
0c68
0001
0034
6700
00a4
6200
011e
1001
0200
0070
6600
02cc
0801
0003
670a
317c
0002
0032
6000
01c4
4a68
003c
6632
0801
0002
6700
0014
4a78
d168
6700
01ae
317c
0001
0032
6000
01a4
0801
0001
6700
019c
317c
0001
0034
3168
003e
0032
6000
01a6
0801
0002
6700
000a
4268
0032
6000
017c
0801
0001
6700
0174
4a78
d168
6700
016c
317c
0002
0034
3028
0040
d078
d042
b078
d168
650e
3038
d168
9078
d042
5340
3140
0040
3168
0040
0032
6000
015a
1001
0200
0070
6600
0176
0801
0000
6700
0016
3168
0032
003e
4268
0034
317c
0002
0032
6000
011a
0801
0001
6700
0032
4a78
d168
6700
0124
3168
0032
003e
5268
0034
3038
d166
9078
d042
6b0a
0c40
000a
6306
7009
6002
7000
3140
0032
6000
00fc
3038
d100
3438
d040
6100
008e
b478
d040
6700
00e8
31c2
d040
6100
2406
6000
00dc
1001
4a68
003c
6708
0200
0070
6600
014e
4a38
d060
6658
0801
0000
6700
002a
4a68
003c
660e
5368
0034
3168
003e
0032
6000
00aa
3168
0032
0040
4268
0034
317c
0002
0032
6000
007c
3038
d168
4a68
003c
6602
5240
3438
d042
6100
0020
b478
d042
6700
007a
31c2
d042
6100
23b0
6000
006e
4e75
7e92
4eba
d7d8
4e75
1228
0044
0801
0003
671e
3628
0032
d642
5243
b640
641c
0c68
0009
0032
6406
5268
0032
600e
5242
600a
0801
0002
6704
6100
0004
4e75
4a68
0032
6706
5368
0032
4e75
4a42
6702
5342
4e75
317c
011e
000c
3028
0032
d040
317b
0006
0008
4e75
00d4
010c
0144
317c
0128
000c
0c68
0001
0034
6706
317c
0138
000c
3028
0032
c0fc
0010
0640
00b8
3140
0008
4e75
4a68
0030
6b00
ff6a
4a68
003c
6600
ff62
3028
0032
d078
d040
b078
d100
6200
ff52
43f8
d102
1031
0000
6100
1908
652c
3038
d166
9078
d042
6b18
0c40
000a
6518
5278
d042
3038
d166
6100
2436
31c0
d042
6006
31f8
d166
d042
6100
22c0
4e75
4a68
0030
6b00
ff0e
3028
0032
d078
d042
b078
d168
6c00
fefe
6100
1904
40e7
611c
6100
229a
46df
6706
6100
ff54
4e75
4268
003c
42a8
0032
6124
6000
ff2a
3028
0032
3238
d042
d041
b078
d168
650e
4a41
6706
5378
d042
4e75
5368
0032
4e75
4a68
0030
6b00
feb2
3028
0032
0c40
0002
6700
001a
3140
003c
6712
4a78
d168
660c
4268
003c
7e92
4eba
d66c
4e75
0640
0016
3140
0030
6000
0616
4df8
d011
6004
4df8
d00f
1038
fe21
1200
0201
0070
670a
6100
0712
7206
6000
1f80
4a38
d060
6600
0510
1228
0044
1416
0801
0000
6718
7201
44fc
0004
c501
0c02
0059
6326
7401
11fc
0014
fe24
601c
0801
0001
6718
7201
44fc
0004
8501
0c02
0001
6c08
7459
11fc
0014
fe24
1c82
317c
00c8
000c
317c
0144
0008
1216
6000
19c6
0c78
0000
d024
6700
06a6
1238
fe21
0201
0070
6712
0c78
0100
d024
660a
701a
6100
09f0
6000
068a
4e75
4a38
d003
6600
008c
42b8
d336
3028
0024
4efb
0002
6000
0040
6000
0058
6000
0026
6000
0022
6000
0014
6000
0010
6000
0006
6000
0008
6100
151a
600a
6108
7206
6100
1eba
4e75
6100
1384
6100
20f2
4268
0024
4a38
d003
661c
0838
0002
d008
670a
217c
0000
0005
0032
4e75
217c
0001
0003
0032
4e75
0838
0000
d004
6700
1456
08b8
0000
d004
6100
230c
720a
7000
6100
1bf4
6000
1440
42b8
d336
3028
0024
4efb
0002
4e71
4e75
6000
0034
6000
0022
6000
001e
6000
000e
6000
000a
6000
000e
6000
0002
610a
7206
6000
1e36
6100
1488
6100
12fe
6100
206c
317c
0004
0024
0838
0002
d008
670a
217c
0001
0003
0032
4e75
217c
0000
0005
0032
4e75
6100
dc7c
650e
0838
0000
d008
6606
6100
dc58
6608
42a8
0032
6000
f9d8
3028
0034
661a
217c
0000
0001
0032
6100
dc42
6708
217c
0001
0003
0032
6000
f9b8
4a28
004c
6704
6100
f9ae
43fa
0074
4a38
d003
6606
6100
dc1c
6702
5049
6100
03a2
43fa
0082
6100
03dc
6554
3028
0034
6b4e
0c40
0003
6544
0c40
0005
623e
3228
0032
6b3c
0c68
0001
0032
6626
3028
000c
43fa
0040
6100
03e0
3141
0034
6b0c
0c41
0005
6618
4268
0032
6012
317c
ffff
0030
4e75
43fa
0092
6100
038c
6504
6000
f994
4e75
016c
01a8
00a0
0128
016c
01a8
00ca
0128
00d8
0003
00dc
8003
00e8
0004
00ec
8004
00f8
0005
0000
3d30
00aa
0001
00b0
8001
00ba
0002
00ca
8002
00d8
0003
00e8
0004
00f8
0005
00fc
8005
0104
0006
0110
8006
0118
0007
0120
8007
0128
0008
0000
3d30
00d8
0003
00e8
0004
00f8
0005
00fc
8005
0104
0006
0110
8006
0118
0007
0120
8007
0128
0008
0000
3d30
00d2
8002
00df
0003
00e2
8003
00ef
0004
00fc
8004
0000
3d54
0000
3d58
0000
3d58
0000
3d60
0000
3d60
0000
3d60
0000
3d74
0000
3d58
0000
3d58
01a8
0000
0188
0000
01a8
8000
0178
0000
017b
8000
0195
0001
0198
8001
01a8
0002
0174
ffff
019c
0000
01a8
8000
4a28
004c
6704
6100
f942
43fa
0014
6100
0244
43fa
0014
6100
027e
6400
f958
4e75
00a8
0148
0112
013e
0000
3dc0
011e
0000
0122
8000
012e
0001
0132
8001
013e
0002
0000
3dcc
0000
3dcc
0000
3dcc
00d8
0000
00e0
8000
0110
0001
0118
8001
0148
0002
43fa
0010
6100
0084
43fa
0010
6100
0168
4e75
00a0
0150
0112
0139
0000
3e12
011e
0000
0120
8000
0129
0001
012f
8001
0139
0002
0000
3dcc
0000
3e1e
0000
3e1e
00b8
0000
00b9
8000
00c8
0001
00c9
8001
00d8
0002
00d9
8002
00e8
0003
00e9
8003
00f8
0004
00f9
8004
0108
0005
0109
8005
0118
0006
0119
8006
0128
0007
0129
8007
0138
0008
0139
8008
0151
0009
2f09
6100
0166
225f
4a68
0034
662e
7e00
3e11
5047
4847
bea8
0008
6d06
2147
0008
605c
7e00
3e29
0002
5147
4847
bea8
0008
6e4c
2c28
0008
2147
0008
6042
0c68
0001
0034
661a
3038
d100
3438
d040
6132
b478
d040
672a
31c2
d040
6100
1d8c
6020
3038
d168
4a68
003c
6602
5240
3438
d042
6110
b478
d042
6708
31c2
d042
6100
1d82
4e75
7e00
3e11
5047
4847
bea8
0008
6d22
2c28
0008
2147
0008
9c87
dda8
0058
0c68
fff8
0058
6e46
42a8
0058
4a42
673e
5342
603a
7e00
3e29
0002
5147
4847
bea8
0008
6e26
2c28
0008
2147
0008
9c87
dda8
0058
0c68
0008
0058
6314
2a00
0445
000a
6b00
0008
b445
6c02
5242
42a8
0058
4e75
48e7
a000
6100
00ba
4cdf
0005
650a
3e28
0032
3147
0030
4e75
317c
ffff
0030
4e75
7600
1416
2028
0054
6742
6a04
76ff
4480
d0a8
0058
4840
3200
0240
001f
4840
2140
0058
ea49
0241
0007
4a43
6a10
44fc
0004
c501
0c02
0059
6312
7401
600e
44fc
0004
8501
0c02
0001
6c02
7459
1c82
317c
00c8
000c
317c
0144
0008
1216
6000
14ae
2028
0050
d1a8
0008
3019
b068
0008
6f04
3140
0008
3019
b068
0008
6c04
3140
0008
2028
0054
d1a8
000c
3019
b068
000c
6f04
3140
000c
3019
b068
000c
6c04
3140
000c
4e75
2459
3028
000c
612a
3141
0034
6a02
6b16
3028
0008
d241
d241
2272
1000
6114
3141
0032
6b02
4e75
317c
ffff
0030
003c
0001
4e75
b059
6304
5449
60f8
3211
4e75
3028
0030
6a0c
3f07
7e92
4eba
d03c
3e1f
4e75
0c68
0004
0024
6706
43fa
0014
6004
43fa
0028
3028
0030
1031
0000
6000
044a
000c
1504
0205
0706
0803
091f
0e10
0f0a
1213
1614
1c20
2122
2300
000c
1504
0205
1806
1703
091f
1913
0900
0628
0040
0021
641c
1028
0021
5200
0240
000f
1140
0021
d040
31fb
000c
fbd6
08f8
0000
fe29
4e75
0000
0022
0044
0066
0088
00aa
00cc
00ee
00cc
00aa
0088
0066
0044
0022
0000
0000
21fc
0001
0003
d332
4a38
d003
6606
21f8
d336
d332
31f8
d33a
d330
08b8
0001
d302
42b8
d336
4278
d324
50f8
d34c
08b8
0000
d004
08b8
0001
d004
4e75
21fc
0001
0003
d332
4a38
d003
6706
21f8
d336
d332
31f8
d33a
d330
08b8
0001
d302
42b8
d336
31fc
0004
d324
08b8
0000
d004
08b8
0001
d004
50f8
d34c
4e75
21f8
d336
d332
21fc
0000
0007
d336
31fc
0008
d324
50f8
d34c
4e75
21fc
0002
0000
d336
31fc
000c
d324
21fc
0002
0000
d332
42b8
d33e
4278
d33c
50f8
d34c
4e75
6132
7201
6100
1830
31fc
0010
d324
4e75
6122
7202
6100
1820
31fc
0014
d324
4e75
6112
31fc
001c
d324
4e75
6108
31fc
0018
d324
4e75
21f8
d332
d336
31f8
d330
d33a
42b8
d332
4e75
48e7
0080
41f8
d300
6100
f8f4
50e8
004c
42a8
0032
4cdf
0100
4e75
0c78
0010
d324
6706
0c78
0014
d324
4e75
0c78
0004
d324
4e75
08d0
0007
6618
217c
0001
2bd2
0004
317c
0130
000c
117c
0080
0018
4268
0032
43f8
d300
0c69
000c
0024
6666
0838
0000
d004
6600
005e
4a69
003c
6656
08a8
0001
0002
0c69
0002
0034
662a
1038
fe21
0200
0070
6720
3029
0032
d078
d042
3238
d168
5241
b041
6c00
f63c
4a69
0030
6b00
f634
31c0
d166
3038
d166
9078
d042
6b14
0c40
000a
6c0e
c0fc
0010
0640
00a8
3140
0008
4e75
08e8
0001
0002
4e75
0c38
0007
fe18
6610
43f8
fe1a
7003
0c19
0002
57c8
fffa
6710
0c38
0003
fe19
662e
0c38
0003
fe18
6740
1038
fe23
0240
00f0
8138
fe21
47f8
fe0c
4aab
0006
6622
4a38
fe20
6612
42a8
0050
42a8
0054
4e75
0c38
0003
fe18
6712
4a38
d060
6600
0034
4e75
11fc
0081
d060
600a
47f8
fe00
11fc
0001
d060
7000
302b
0006
4840
e280
2140
0050
7000
302b
0008
4840
e280
2140
0054
4e75
4238
d060
3228
0034
6a24
0241
00ff
0838
0000
fe20
6702
5241
3141
0034
3028
0024
0c40
0010
6408
247b
005e
6100
fcb2
3028
0032
6a3c
0c68
0000
0024
6620
4a68
0034
661a
0c40
ffff
670a
0c40
8001
660e
7001
6018
6100
d4aa
66f6
7000
600e
0240
00ff
0838
0002
fe20
6702
5240
3140
0032
6014
0c68
0000
0024
660c
4aa8
0034
6606
6100
d47e
66ca
4e75
0000
3d30
0000
3dc0
0000
3e12
0000
3e12
1038
fe20
4a38
d060
6a04
8038
fe22
0200
0070
4e75
3038
d020
6706
6106
003c
0001
4e75
41f8
d008
4dfa
d32a
08b8
0000
d021
6600
0648
08b8
0006
d021
6600
0756
08b8
0007
d021
6600
03ca
08b8
0000
d020
6600
03a4
08b8
0002
d021
6600
01ec
08b8
0004
d021
6600
017c
08b8
0005
d021
6000
0002
1e38
fe45
0c78
1000
d024
6624
7e00
08f8
0004
d004
08f8
0000
d005
6100
02b6
6100
02aa
6100
038c
6100
fd78
7208
6100
1562
6100
0e74
6100
0eb2
08f8
0002
d004
6100
186c
4a38
d038
6726
08f8
0006
d004
08e8
0006
0001
6100
0f2e
b238
d038
6404
11c1
d038
7000
1038
d038
5340
6100
0efc
0838
0004
d004
6600
0006
6100
1ece
4e75
31c0
d000
50f8
d002
4e75
31fc
000b
d000
50f8
d002
4e75
6100
d35c
6b1c
0838
0000
d008
6708
72ff
6100
d346
600c
08f8
0003
d004
6604
6100
1230
41f8
d008
4dfa
d226
3038
d000
e540
4efb
0002
6000
008e
6000
00a0
6000
0122
6000
020c
6000
02fa
6000
03d2
6000
04ac
6000
053c
6000
066a
6000
07e8
6000
0848
6000
09e8
6000
0a1c
6000
0a42
6000
0a4a
6000
0a88
6000
0b12
6000
0b0e
6000
0b96
6000
0c08
6000
0bcc
6000
0c5a
6000
08d8
6000
0c62
6000
0c82
6000
0a38
6000
0ac2
6000
0288
6000
09a4
4e71
4e75
4e71
4e75
6000
06fa
6000
070e
6000
0728
6000
0768
6000
08fa
0838
0001
d04e
6600
0182
0838
0002
d04e
6600
008a
4e75
4e75
4278
d04e
7002
6100
d23a
08d0
0000
0238
0003
d004
08b8
0000
d005
6100
047e
7e00
6100
0d14
6100
0958
11fc
0010
d00f
11fc
0010
d011
6100
0924
6100
17b8
4238
d038
4238
fe45
4278
fe40
72ff
6100
d230
6100
1124
6100
fbdc
7207
6100
13c6
4e75
0890
0000
6602
4e75
323c
01ff
7012
4e96
0890
0000
08b8
0002
d004
7206
6100
13a4
023c
00fb
4e75
0838
0004
d004
666e
0838
0002
d004
661e
6100
00bc
6100
00d0
08f8
0002
d04e
08b8
0001
d04e
6700
0050
6100
0192
6048
4278
d04e
0810
0001
6718
4a38
d050
6640
0890
0001
08d0
0002
7006
4e96
6100
0170
6014
08d0
0002
6620
615a
6706
704e
4e96
6004
704c
4e96
6100
0068
6100
007c
7204
6100
132c
6100
0aee
4278
d000
4238
d002
4e75
6130
0810
0001
6706
7050
4e96
601a
704e
4e96
08d0
0002
6100
0036
6100
004a
7204
6100
12fa
6100
0abc
4278
d000
4238
d002
4e75
3010
0240
400d
6608
7200
1238
d038
6604
6100
0cbc
3010
0240
400d
4e75
303c
2000
6000
0004
7000
7201
6000
1046
303c
2000
6000
0004
7000
7203
6000
1036
0838
0004
d004
6600
0090
0838
0002
d004
6612
61d4
61e2
6100
0092
08f8
0001
d04e
6000
0076
3010
3238
d022
b340
0800
0009
6600
006e
4278
d04e
0810
0002
6634
0810
0001
664c
08d0
0001
08d0
0002
303c
2000
6100
0084
61a2
7205
6100
1254
6100
0a16
6100
ff62
6706
7050
4e96
602c
701c
4e96
6026
0810
0001
6618
0838
0004
d037
6610
6100
04c2
6512
4a38
d050
6614
6114
6008
4a38
d050
660a
6126
4278
d000
4238
d002
4e75
08d0
0001
7004
4e96
303c
2000
6126
7205
6100
11fa
6100
ff40
6000
ff2c
0890
0001
7006
4e96
6100
ff18
6100
ff2c
7206
6100
11dc
7000
7202
6000
0f5a
0c78
0100
d024
660c
7004
4e96
4278
d000
4238
d002
4e75
3e10
0807
0008
6600
00c2
0838
0002
d004
6700
00b8
0838
0004
d004
6600
00a4
0807
0001
6600
0a0a
0807
000a
6770
3c38
d02c
0c46
0002
6506
6100
0b68
6004
6100
0bbc
11c1
d038
08f8
0004
d005
0238
00df
d005
3f01
303c
2000
7204
6100
0ee8
7000
7205
6100
0ee0
321f
08f8
0006
d004
08e8
0006
0001
0247
400d
6712
0810
0001
6706
7050
4e96
603c
704e
4e96
6036
0810
0001
6706
701c
4e96
602a
704c
4e96
6024
6100
0b5c
11c1
d038
08f8
0006
d004
08e8
0006
0001
303c
2000
7204
6100
0e8a
11fc
0014
d05a
4278
d000
4238
d002
4e75
5338
d038
6704
6b02
60d0
11fc
0001
d038
60c8
3e10
0807
0008
6600
0088
0838
0002
d004
6700
007e
0838
0004
d004
6600
006a
0807
0001
6600
092e
0807
000a
6700
0034
6100
0ab6
6700
0052
11c1
d038
08f8
0005
d005
0238
00ef
d005
3f01
303c
2000
7205
6100
0e16
7000
7204
6100
0e0e
321f
6146
6026
6100
0a84
6720
11c1
d038
08f8
0006
d004
08e8
0006
0001
303c
2000
7205
6100
0de8
11fc
0014
d05b
4278
d000
4238
d002
4e75
5238
d038
0c38
0063
d038
63ce
11fc
0063
d038
60c6
11c1
d038
08f8
0006
d004
08e8
0006
0001
0247
400d
6712
0810
0001
6706
7050
4e96
6016
704e
4e96
6010
0810
0001
6706
701c
4e96
6004
704c
4e96
4e75
0810
0002
661c
4a78
d04e
6710
6100
fd36
6100
fd2a
6100
fe0c
4278
d04e
0810
0001
6706
610e
6100
0632
4278
d000
4238
d002
4e75
7002
4e96
0890
0002
0890
0001
7206
6100
0fc0
6100
079a
6100
098a
6100
0998
11c1
d038
08b8
0006
d004
08a8
0006
0001
1638
fe43
6100
096e
4238
fe43
6100
05ea
6100
fcd2
6100
fdac
6000
fcc2
0810
0003
67b4
6100
0120
6100
01f0
4278
d000
4238
d002
60a2
3010
0800
000a
6700
07d8
0800
0001
6600
07d0
3238
d022
b141
0801
000a
6600
00d8
0801
0009
6600
00d8
0801
000b
6600
00d0
4a38
d002
6a00
00a0
0c78
0100
d024
672e
0c78
0500
d024
6726
0c78
0000
d024
6600
00a6
0838
0001
d037
6600
009c
0240
400d
670c
6100
08ee
b238
d030
6600
008a
08d0
0003
0890
0004
11fc
0001
d002
303c
2000
7206
6100
0c70
3010
0240
400d
6624
6100
08c2
b238
fe44
6638
0c78
0005
d02c
6230
08e8
0005
0001
08f8
0000
d00a
701c
4e96
4e75
0c78
0005
d02c
6216
08e8
0005
0001
08f8
0000
d00a
6100
088a
7050
4e96
4e75
700a
4e96
4e75
6100
f896
6622
6132
08b8
0000
d00a
670c
0810
0001
660a
7006
4e96
6004
700c
4e96
4278
d000
4238
d002
4e75
0810
0003
6602
4e75
08f8
0000
d00a
4e75
0810
0004
6606
0890
0003
6602
4e75
08a8
0005
0001
7002
6100
cc68
7000
7206
6000
0bc4
3010
0800
000a
6700
06a6
0800
0001
6600
069e
3238
d022
b141
0801
000a
6600
008a
0801
0009
6600
008a
0801
000b
6600
0082
4a38
d002
6a5e
0c78
0100
d024
6710
0c78
0500
d024
6708
0c78
0000
d024
665a
6100
0082
6424
4278
d000
4238
d002
0828
0000
0001
6708
6100
07ba
6000
fd96
6100
07d4
6600
fd8e
6000
fdf6
08d0
0003
08d0
0004
11fc
0001
d002
7008
4e96
303c
2000
7207
6000
0b30
0838
0001
d037
6614
6100
f79e
660e
700c
4e96
610a
4278
d000
4238
d002
4e75
0890
0004
6706
0890
0003
6602
4e75
7002
6100
cb9a
0890
0004
7000
7207
6000
0af2
2038
fe40
7204
4841
48e7
00c0
6100
cdcc
4cdf
0300
b078
d028
4e75
0810
0000
6608
6100
0eec
6100
f4d0
4278
d000
4238
d002
4e75
4a38
d003
6706
6100
f480
6004
6100
f440
6100
0f68
4278
d000
4238
d002
4e75
303c
2000
7218
6100
0a98
7000
7219
6100
0a90
3038
d166
9078
d042
6514
0c00
0009
6318
3038
d166
0440
0009
31c0
d042
6006
31f8
d166
d042
6100
0f6c
4278
d000
4238
d002
4e75
7000
7218
6100
0a56
303c
2000
7219
6100
0a4c
4278
d000
4238
d002
4e75
4278
d000
4238
d002
0810
0000
6702
4e75
0828
0001
0001
6600
0514
0810
0005
6720
0868
0000
0001
672c
08a8
0000
0001
7000
612e
0890
0005
7000
720b
6100
0a04
4e75
08d0
0005
7002
6118
303c
2000
720b
6100
09f0
4e75
303c
4000
720b
6100
09e4
7001
6000
0d0a
4a78
d168
6700
04c2
0810
0006
6708
6100
029c
6156
603a
0810
0002
670a
0828
0001
0001
6600
04a4
303c
2000
7210
6100
09ae
6100
05ba
4278
d03e
08d0
0006
0828
0002
0001
6704
6100
0676
6100
0f28
6000
f8ec
4278
d000
4238
d002
4e75
4a78
d168
670a
303c
2000
7213
6000
0974
08b8
0006
d008
672a
0838
0002
d009
660a
6100
0532
4238
d038
6018
6100
05b4
3f01
6100
0506
6100
062c
301f
6100
0574
6100
0ed8
7000
4a78
d168
6704
303c
2000
7213
6100
0930
6100
0ec2
08b8
0006
d008
7000
7210
6000
091e
0838
0002
d004
6700
0400
4a38
fe45
6700
03f8
6100
c9e4
6734
0810
0002
6708
0810
0006
6600
03e4
303c
2000
7213
6100
08ee
6100
f30a
7200
6100
0b5e
6100
0d68
6100
0dc8
6100
0ddc
08e8
0007
0001
4278
d000
4238
d002
4e75
4278
d000
4238
d002
6100
0cda
6100
f2be
7206
6100
0b2c
08b8
0007
d009
4a78
d168
6700
ff32
0838
0006
d008
6720
0838
0002
d008
6618
6100
04a0
0838
0002
d009
6704
6100
0564
4278
d03e
6100
0e12
303c
2000
7213
6100
0872
4e75
4278
d000
4238
d002
0890
0006
6706
6100
012e
610e
6100
0354
7000
7213
6100
0850
4e75
6100
0346
6100
fed4
4278
d166
4238
d038
6000
0dd0
303c
2000
7214
6100
0830
11fc
0014
d059
6100
017a
6100
feb0
6100
fe06
6100
00ea
6100
0210
6100
01d6
11fc
0001
d010
4278
d000
4238
d002
4e75
0810
0000
6600
02e6
6100
c8d8
6600
02de
303c
2000
720e
6100
07e8
08f8
0006
d007
4278
d000
4238
d002
4e75
4278
d000
4238
d002
4e75
4e75
6100
0098
6100
f18e
6124
6100
0e7c
303c
2000
720c
6100
07b4
4e75
6100
f13e
610e
6100
0e98
720c
7000
6100
07a0
4e75
4638
d003
08f8
0005
d007
4278
d000
4238
d002
4e75
0810
0002
6700
026e
4a38
d003
6600
0266
0828
0001
0001
6634
0810
0001
6600
0256
0c78
0100
d024
6626
2038
d028
3238
d1ce
1001
21c0
d014
21f8
d02c
d01c
303c
4000
7211
6100
0744
6100
f1ae
6002
610a
4278
d000
4238
d002
4e75
08b8
0001
d009
7000
7211
6000
0724
3238
d1ce
2038
d028
1001
21c0
d018
303c
2000
7211
6100
070c
08f8
0001
d009
4278
d000
4238
d002
4e75
0838
0002
d004
6700
01de
0828
0002
0001
6706
613a
61b4
602c
0828
0001
0001
6600
01c6
08e8
0002
0001
6100
03b0
6100
0c62
303c
2000
720f
6100
06c2
0810
0002
6704
6600
f616
4278
d000
4238
d002
4e75
08a8
0002
0001
6602
4e75
303c
0000
720f
6100
069a
0810
0006
6714
6100
02a0
0810
0002
670e
1038
d039
6100
02b0
6004
6100
024e
6100
02d6
11c1
d038
6000
0c06
0810
0000
6622
0828
0001
0001
6600
014c
0850
0007
6610
303c
2000
7212
6100
0650
6100
f090
6002
610a
4278
d000
4238
d002
4e75
0890
0007
7212
7000
6000
0632
0810
0000
661a
0868
0004
0001
6704
611a
600e
303c
2000
7215
6100
0616
6100
f066
4278
d000
4238
d002
4e75
08a8
0004
0001
7000
7215
6000
05fa
0810
0002
6728
5238
d00e
0238
0003
d00e
6100
0952
7216
303c
2000
6100
05dc
11fc
0014
d058
50f8
d00c
11f8
d00e
d00d
4278
d000
4238
d002
4e75
4a38
d00c
6708
11f8
d00d
d00e
6004
4238
d00e
6100
0918
4e75
11fc
0003
d00e
6000
090c
08f8
0007
d007
4278
d000
4238
d002
4e75
0810
0000
6640
0c38
000f
d010
6438
5238
d010
7209
303c
2000
6100
0574
11fc
0014
d05d
6022
0810
0000
661c
0c38
0001
d010
6314
5338
d010
7208
303c
2000
6100
0550
11fc
0014
d05c
1238
d010
6100
038a
6100
025a
4278
d000
4238
d002
4e75
0838
0002
d008
6706
b238
fe43
4e75
023c
00fb
4e75
6100
017a
11c1
d038
4e75
7e92
4eba
be48
4278
d000
4238
d002
4e75
48e7
0102
4278
d042
4278
d168
4278
d166
4df8
d16a
7e18
429e
51cf
fffc
4cdf
4080
4e75
43f8
d168
0c51
0063
6738
5251
5278
d166
48e7
6000
3238
d166
3411
b441
671a
48e7
0060
45f1
2002
d2c2
5249
9441
5342
1521
51ca
fffc
4cdf
0600
1380
1001
4cdf
0006
4e75
003c
0001
4e75
43f8
d168
4a51
6720
5351
3211
9240
13b1
0003
0002
5240
51c9
fff6
3211
b278
d166
6404
31c1
d166
4a51
4e75
48e7
c040
7000
4a07
6712
1238
fe44
43f8
d102
12c1
5240
5241
b207
63f6
31c0
d100
4cdf
0203
4e75
48e7
c060
43f8
d100
45f8
d1d0
3019
34c0
14d9
51c8
fffc
4cdf
0603
4e75
48e7
c060
0838
0002
d008
6604
616c
6006
617a
48e7
4000
43f8
d100
45f8
d1d0
3019
34c0
14d9
51c8
fffc
0838
0002
d008
6708
4cdf
0001
6100
0026
4cdf
0603
4e75
48e7
0060
43f8
d1ce
4259
45f8
d168
32da
7018
22da
51c8
fffc
4cdf
0600
4e75
48e7
4060
43f8
d1ce
45f8
d1d2
7200
b01a
6704
5241
60f8
3281
4cdf
0602
4e75
4278
d1ce
4e75
b078
d1ce
6704
31c0
d1ce
4e75
2f09
43f8
d1ce
3211
1231
1004
225f
4e75
2f09
43f8
d1d0
3219
5341
1231
1000
225f
4e75
48e7
0040
43f8
d1ce
5251
3219
b259
651e
0838
0005
d008
6708
4269
fffc
7200
600e
5341
3341
fffc
7200
4cdf
0200
4e75
1231
1000
4cdf
0200
4e75
2f09
43f8
d1ce
5351
6a14
0838
0005
d008
670a
3229
0002
5341
3281
6002
4251
3211
1231
1004
225f
4e75
1038
fe28
3f00
4238
fe28
43f8
d1ce
4259
3619
3803
5343
0c43
0063
621e
3004
6100
c562
1431
3000
13b1
0000
3000
1382
0000
51cb
ffea
301f
11c0
fe28
4e75
203c
45ce
0003
7401
6000
018e
23fc
45ce
0003
00c0
0004
23f8
e0a2
00c0
0000
23fc
464e
0003
00c0
0004
23f8
e0a2
00c0
0000
4e75
7000
7200
0838
0004
d004
6630
0838
0002
d004
6610
0838
0006
d004
6720
7200
1038
d038
6618
1038
d030
0c00
00ff
6602
7000
3238
d026
0c41
ffff
6602
7200
4bf9
00c0
0000
4df8
d039
1c80
31c1
d03a
49fa
0090
7401
3f02
121e
6100
00a2
201c
6100
0108
201c
341f
6100
00ac
7400
0c78
0800
d024
6724
3038
d008
3238
d022
0800
000a
6736
b141
0801
000a
660e
3038
d036
0240
00c0
0c40
00c0
6720
08f8
0007
d005
201c
6100
011c
201c
6100
013c
201c
6100
0110
201c
6100
0130
601e
08b8
0007
d005
121e
201c
6100
00a4
201c
614a
121e
201c
6100
0098
201c
613e
1238
d010
6120
201c
6034
45aa
0003
42be
0003
45b2
0003
42c8
0003
45b8
0003
42ce
0003
42d8
0003
3f06
0281
0000
00ff
82fc
000a
3c01
e946
4841
d206
3c1f
4e75
4a38
d003
674c
0838
0000
d004
6708
0838
0001
d004
663c
48e7
e000
23c0
00c0
0004
1001
0240
00f0
660c
4a42
670a
7400
303c
c001
6006
e848
0640
06ef
33c0
00c0
0000
0241
000f
0641
06ef
33c1
00c0
0000
4cdf
0007
4e75
48e7
fe06
4df8
eb1e
4bf9
00c0
0000
2b40
0004
1801
e841
6124
3c05
4845
3a85
3204
611a
4845
3a85
0680
0080
0000
2b40
0004
3a86
4845
3a85
4cdf
607f
4e75
0241
000f
6608
4a42
6704
7228
6004
d241
d241
7400
2a36
1000
4e75
4bf9
00c0
0000
2b40
0004
3ab8
eb4a
3ab8
eb4a
0680
0080
0000
2b40
0004
3ab8
eb4c
3ab8
eb4c
4e75
4a38
d003
671a
0838
0000
d004
6708
0838
0001
d004
660a
2b40
0004
2abc
06ff
06ff
4e75
7000
41f8
d058
7216
6100
0062
7214
6100
005c
7204
6100
0056
7205
6100
0050
4a38
d003
670e
7208
6100
0044
7209
6100
003e
6002
4250
7000
7204
0838
0004
d005
660c
7205
0838
0005
d005
6602
4e75
0838
0007
d005
6610
0838
0006
d005
670e
0238
008f
d005
604a
08f8
0006
d005
4e75
4a18
670a
5328
ffff
6604
6000
0036
4e75
203c
4358
0003
6100
c10c
6616
4a38
d003
6702
4e75
43f8
e438
7209
343c
0006
6000
b4dc
43f8
e4c4
7209
343c
0006
6000
b4ce
4e75
0838
0000
d004
6708
43fa
0196
615c
600c
0c41
000c
6206
43fa
0188
6104
43fa
008a
0c41
001f
6502
4e75
0c41
001b
64f8
0c41
000e
6318
0c41
0017
630a
0c78
0002
d052
66e4
6008
0c78
0001
d052
66da
48e7
fc04
e741
d2c1
3600
4c91
0207
4840
303c
0003
4eba
b4b2
4cdf
203f
4e75
0c41
000c
6302
4e75
48e7
fc20
e741
d2c1
3600
4c91
0207
0440
0138
3800
0240
007e
0244
0f80
ea4c
c8fc
0005
d044
45f8
f5c6
d4c0
7014
6100
0aaa
4cdf
043f
4e75
46d8
0002
0000
e8f8
46de
0003
0001
e8fe
48de
0003
0001
e91e
47de
0003
0001
e90e
4758
0002
0001
e92e
4766
0002
0001
e93a
4858
0002
0001
e946
4866
0002
0001
e952
4858
0002
0001
e976
4866
0002
0001
e982
4b5c
0002
0000
e8f8
49dc
0005
0001
e95e
4c5c
0002
0000
e8f8
455c
0002
0000
e8f8
445c
0002
0000
e8f8
4b2a
0005
0001
e9d6
4b46
0005
0001
ea06
4b38
0005
0001
e9ee
4c2a
0005
0001
ea1e
4c46
0005
0001
ea4e
4d38
0005
0001
ea7e
4d2a
0005
0001
ea66
4c38
0005
0001
ea36
4d46
0005
0001
e9be
4b2a
0005
0001
e98e
4b38
0005
0001
e9a6
4b46
0005
0001
e9be
46d8
0001
0001
e8f8
46d8
0001
0001
e8f8
46d8
0001
0001
e8f8
46d8
0001
0001
e8f8
54b8
0002
0000
e8f8
54be
0003
0001
e8fe
56be
0003
0001
e91e
55be
0003
0001
e90e
5538
0002
0001
e92e
5546
0002
0001
e93a
5638
0002
0001
e946
5646
0002
0001
e952
5638
0002
0001
e976
5646
0002
0001
e982
593c
0002
0000
e8f8
57bc
0005
0001
e95e
5a3c
0002
0000
e8f8
43fa
002c
0c41
000a
6302
4e75
48e7
fc04
d241
d2c1
d241
d2c1
3600
4c91
0203
4840
303c
0003
6100
01da
4cdf
203f
4e75
4826
0002
eb4e
4830
0002
eb54
4838
0002
eb5a
4840
0002
eb60
4848
0007
eb66
4848
0007
eb66
485a
0007
eb76
485a
0007
eb76
485a
0007
eb86
485a
0007
eb86
4826
0002
eb96
4e75
2f09
6100
e826
660c
0c41
0001
6706
0c41
0002
666e
203c
45be
0003
4a38
d003
671e
0c41
0004
655a
0c41
0007
6454
48e7
e000
7203
6152
4cdf
0007
6100
03d6
6044
0c41
0006
663c
4a38
fddc
6738
0838
0001
d008
660e
0838
0002
d008
670a
7204
6000
0022
7205
601c
7209
43f8
e152
6100
0110
0680
0080
0000
7209
43f8
e152
6100
0100
6002
6104
225f
4e75
3f01
d241
327b
1014
7209
7401
203c
45be
0003
6100
b1b6
321f
4e75
ec3e
ec16
ebc6
ebee
eb4e
eb76
eb9e
ecb6
ecde
0c40
0002
6234
3200
203c
44be
0003
4a41
661a
7209
43f8
e0b6
6100
00b0
0680
0080
0000
7209
43f8
e0ea
6000
00a0
d241
327b
100a
7209
7401
6100
b166
4e75
ec66
ec8e
7000
1038
d00e
c0fc
000c
43f8
eaee
d2c0
203c
44b2
0003
7205
6000
0070
203c
4324
0003
43f8
e000
7219
740e
4eba
b132
203c
46d8
0003
43f8
e30c
7209
740e
4eba
b120
6100
fc20
61ba
610a
6100
041c
4278
d052
4e75
323c
0001
7e03
7000
0c41
0003
660c
0838
0002
d008
6604
303c
2000
6100
fc26
5241
51cf
ffe4
323c
000a
7e01
7000
6100
fc14
5241
51cf
fff6
4e75
23c0
00c0
0004
33d9
00c0
0000
51c9
fff8
4e75
23c0
00c0
0004
3819
8843
33c4
00c0
0000
51c9
fff4
4e75
720a
303c
2000
6100
fbda
31fc
0001
d052
203c
4aa4
0003
43f8
e550
7219
7408
4eba
b08c
45fa
003c
3438
d008
720f
161a
6b0a
0702
6706
303c
2000
600e
0c03
00fe
6606
4a78
d168
66ee
7000
6100
fb98
5241
0c41
0017
63d8
4a38
d003
6704
6100
02ba
4e75
020e
010f
feff
04ff
ff00
31fc
0002
d052
203c
4aa4
0003
43f8
e724
7219
7408
4eba
b02c
303c
2000
7218
6100
fb58
7000
5241
6100
fb50
7000
5241
6100
fb48
4e75
720a
7000
6100
fb3e
203c
4aa4
0003
7219
7408
363c
0000
4eba
b0ba
7206
6100
fda0
4278
d052
4a38
d003
6704
6100
023c
4e75
203c
4c2a
0003
7400
3838
d040
3c38
d100
43f8
d102
6000
00bc
203c
4d2a
0003
7400
3838
d042
3c38
d168
43f8
d16a
6000
00a4
3801
3c02
7400
6000
009a
0838
0002
d004
6766
0838
0004
d004
665e
203c
46aa
0003
3238
d03e
7400
3638
d03c
43f8
d1d2
b678
d1d0
6404
6100
0096
3638
d1ce
31c3
d03c
0838
0002
d008
6730
7200
3203
82fc
000a
5341
6a02
7200
b278
d03e
670e
31c1
d03e
48e7
5040
6114
4cdf
020a
203c
46aa
0003
343c
2000
6000
0056
4e75
3438
d1d0
6700
00b0
203c
46aa
0003
3238
d03e
43f8
d1d2
c2fc
000a
3801
3c02
7400
6106
0680
0080
0000
23c0
00c0
0004
7a09
bc44
6f10
1231
4000
6100
004e
5244
51cd
fff0
4e75
23f8
e172
00c0
0000
51cd
fff6
4e75
c2fc
000a
3803
9841
6b2a
0c04
0014
6424
4840
0c04
000a
6508
0640
0080
0444
000a
d844
d844
d044
4840
23c0
00c0
0004
1231
3000
6102
4e75
6100
f828
3601
e84b
0243
000f
6604
363c
168b
0643
05b2
d642
4843
3601
0243
000f
0643
05a9
d642
23c3
00c0
0000
4e75
4278
d03e
203c
46aa
0003
6100
0008
203c
472a
0003
43f8
e172
7213
6000
fd8e
0440
0009
6a02
7000
4e75
7206
7000
6100
f986
7207
7000
6000
f97e
7203
6100
fbf2
1238
d010
6100
f7b8
6000
f688
203c
54b8
0003
43f8
e30c
7209
740e
4eba
ae24
203c
5138
0003
6100
f940
303c
2000
7203
6100
f946
4e75
6100
0064
2c3c
4220
0003
6100
09b4
203c
4358
0003
6100
f91c
7000
7209
6100
f924
7208
6100
f91e
7203
6100
fb92
6100
0082
4e75
6142
6100
f8da
2c3c
4220
0003
6100
09b4
7206
6100
fb76
4e75
6100
e3aa
6302
6124
203c
5138
0003
43f8
f5c6
7209
7415
4eba
adaa
4e75
33fc
9282
00c0
0004
31fc
9282
fdd8
4e75
33fc
9200
00c0
0004
31fc
9200
fdd8
4e75
203c
1138
0003
43f8
f5c6
7209
7415
4eba
03ca
203c
5138
0003
7209
343c
0015
363c
0000
4eba
ae26
61b8
4e75
4bf9
00c0
0000
2b7c
42ba
0003
0004
2abc
c6f9
c6fa
2b7c
42c4
0003
0004
2abc
c6f9
c6fd
2b7c
42cc
0003
0004
3abc
c6fe
2b7c
42d4
0003
0004
2abc
c6fb
c6fc
4e75
4bf9
00c0
0000
2b7c
42ba
0003
0004
303c
c001
7213
3a80
51c9
fffc
4e75
42b8
d062
42b8
d066
4e75
4bf9
00c0
0000
2b7c
482c
0003
0004
3038
d032
43f8
eaae
45f8
d044
6114
2b7c
492c
0003
0004
3038
d034
43f8
eaae
45f8
d048
156a
0002
0003
156a
0001
0002
1552
0001
14c0
d01a
d01a
d01a
e408
43e9
0020
720f
9240
5340
6b06
3a99
51c8
fffc
4a41
6b0a
43e9
ffe0
3a99
51c9
fffc
4e75
6100
001a
43f8
ed06
203c
7000
0003
7227
741b
4eba
ac78
6100
fb32
4e75
41fa
006c
2258
4eba
ad7a
614e
614c
2018
670c
2258
2218
3418
4eba
b986
60f0
3458
3018
6708
2258
4eba
baba
60f4
203c
7060
0003
223c
1118
8188
7e19
43f9
0001
5108
6110
0680
0080
0000
51cf
fff6
43f9
0001
5070
7401
4eba
b94a
4e75
23d8
00c0
0004
2018
6708
2240
4eba
ae5e
60f4
4e75
0000
60ae
4420
0002
0001
0890
0001
2626
0000
0000
7de0
0003
0001
0800
0000
0000
5de0
0003
0001
2674
1118
8188
0011
7ea0
0003
0001
2be0
000b
b0bb
0003
0000
0000
e000
8421
0001
2704
8421
0001
27b0
8421
0001
2862
8421
0001
29c2
8421
0001
2a0e
8421
0001
2a78
8421
0001
2a86
8421
0001
2a9e
8421
0001
2ab4
4609
0001
2b6c
0000
4e75
003f
0e88
0000
0222
0444
0666
0888
0aaa
0ccc
0eee
0eca
0e66
00ec
0666
02ea
04a4
000e
0e88
0000
0222
0444
0064
0086
00ca
00ec
00ee
00ec
0e00
00ec
06ec
0eee
04a4
000e
0e88
0000
0222
0444
0460
0680
08a0
0ac0
0ee0
0cc0
0ae0
0044
0ee0
0000
00aa
00ee
0000
0000
0000
0000
0000
0000
0000
0000
0000
0000
0000
0000
0000
0000
0000
0000
41f8
d05e
0810
0000
664a
0810
0002
6620
4a38
d003
6700
0098
08d0
0002
11fc
00b4
d05f
203c
5a04
0003
43fa
00ba
6000
00ea
5328
0001
670e
4a38
d003
6708
0838
0000
d004
676a
08d0
0000
0890
0002
203c
5a04
0003
604e
0810
0001
6654
0810
0003
6626
4a38
d003
6748
0838
0000
d004
6740
08d0
0003
11fc
00b4
d05f
203c
5284
0003
43fa
0030
6000
0094
5328
0001
6708
0838
0000
d004
661a
08d0
0001
0890
0003
203c
5284
0003
7219
7402
363c
8000
4eba
ab16
4e75
2020
5052
4553
5320
5448
4520
4220
4255
5454
4f4e
2054
4f00
0044
4953
504c
4159
2054
4845
2043
4f4e
5452
4f4c
2050
414e
454c
5bff
2020
5052
4553
5320
5448
4520
4220
4255
5454
4f4e
2054
4f00
0052
454d
4f56
4520
5448
4520
434f
4e54
524f
4c20
5041
4e45
4c5b
ff00
4bf9
00c0
0000
323c
0783
2b40
0004
7400
1419
6b24
6718
0c42
0020
6604
7400
600a
0442
0041
d442
d442
d441
3a82
60e0
4840
d078
fe2e
4840
60d2
4e75
4bf9
00c0
0000
2b40
0004
3601
32d5
51cb
fffc
4e71
48e7
0300
4287
3e38
fe2e
4847
d087
4cdf
00c0
51ca
ffde
4e75
9041
9041
5540
3a01
3819
8843
34c4
51cd
fff8
d4c0
51ca
fff0
4e75
0839
0002
00a1
2003
67f6
0839
0000
00a1
2003
66f6
4279
0020
0400
4e75
0839
0000
00a1
2003
66f6
40e7
007c
0700
43f9
0020
0000
31e9
0400
d020
31e9
0402
d022
31e9
0404
d024
31e9
0424
d026
21e9
0408
d028
21e9
040c
d02c
11e9
0410
d030
21e9
0426
d032
31e9
042a
d036
11e9
0440
d050
3029
0564
6100
f07a
46df
4e75
0839
0000
00a1
2003
66f6
40e7
007c
0700
43f9
0020
0000
3378
d020
0400
3378
d008
042c
2378
d00e
042e
3378
d012
0432
2378
d014
0434
2378
d018
0438
2378
d01c
043c
43e9
04fe
45f8
d168
7033
22da
51c8
fffc
46df
4e75
43f9
0020
0000
45f8
d700
303c
0095
24d9
51c8
fffc
4e75
4238
d003
23fc
4020
0000
00c0
0004
7007
23fc
ffff
ffff
00c0
0000
51c8
fff4
6100
0410
6100
044c
4e75
0839
0000
00a1
2003
67f6
4eba
a950
33fc
9001
00c0
0004
31fc
9001
fdd4
33fc
8730
00c0
0004
31fc
8730
fdc2
23fc
4000
0010
00c0
0004
33fc
0020
00c0
0000
49f9
00c0
0004
3838
fdb6
08c4
0004
3884
33fc
0100
00a1
1100
303c
9501
223c
9711
9600
343c
4060
363c
0080
43f9
0022
0000
7c26
6100
0372
43e9
0400
5441
0642
0360
6a06
0442
4000
5243
51ce
ffe8
33fc
0000
00a1
1100
6100
01b2
50f8
d061
6100
f97a
4eba
a8a4
4e75
0839
0000
00a1
2003
67f6
41f9
0020
e0fc
1178
d010
ff88
49f9
00c0
0004
47ec
fffc
4a38
d061
6720
23fc
4402
0002
00c0
0004
36b9
0020
e080
23fc
4002
0010
00c0
0004
36b9
0020
e082
08f8
0004
fdb7
38b8
fdb6
33fc
0100
00a1
1100
7e00
3c28
0002
bc50
673a
5068
0002
0268
07f8
0002
4dfa
0068
4a38
d061
6604
4dfa
0084
6142
0839
0001
00a1
200e
6716
3c3c
07d0
0839
0006
00a1
0001
6704
3c3c
1770
be40
63be
4a38
d061
6708
08b9
0001
00a1
200e
33fc
0000
00a1
1100
08b8
0004
fdb7
38b8
fdb6
4e75
7000
3030
6006
2230
6008
3c30
6004
0c46
0020
6228
4ef6
6000
6000
0022
6000
0046
6000
00a6
6000
018e
6000
01bc
6000
020a
6000
00b2
6000
00d6
6000
0130
4e75
6000
0022
6000
0020
6000
0080
6000
0016
6000
0012
6000
000e
6000
000a
6000
00b0
6000
010a
4e75
0800
0003
671c
08b8
0007
d004
6754
08b9
0001
00a1
200e
0647
1771
6100
0268
4efa
a75e
08f8
0007
d004
6638
4a38
d061
6732
08b9
0001
00a1
200e
0647
1771
4eba
a75a
38bc
8f01
28bc
9483
939f
38bc
9780
28bc
4060
0080
1681
3814
0804
0001
66f8
38bc
8f02
4e75
0241
000f
d241
31c1
d04c
43f8
fb80
3371
1060
005e
08f8
0000
fe29
4e75
45f8
fbe0
43f9
0020
e002
7007
24d9
51c8
fffc
3238
d04c
43f8
fb80
3371
1060
005e
08f8
0000
fe29
4e75
6142
33fc
8f80
00c0
0004
31fc
8f80
fdd2
7c1a
2884
3680
5240
51cb
0006
0440
001b
51ca
000a
0284
707e
0003
2884
51ce
ffe6
33fc
8f02
00c0
0004
31fc
8f02
fdd2
0647
00b4
4e75
3401
3601
e04a
0242
00ff
0243
00ff
283c
6000
0003
4241
d881
4e75
0647
01a7
61e0
48e7
f800
611a
4cdf
001f
0684
0080
0000
0c84
7000
0003
6506
0484
1000
0000
5240
7c26
2884
3680
0640
001b
51cb
0006
0440
041d
51ca
000a
0284
7f80
0003
2884
51ce
ffe4
4e75
3400
0240
fffe
43f9
0022
0000
d3c0
6100
009e
e24a
641a
43e9
03d0
0681
0360
0000
6a00
008c
0481
4000
0000
5241
6100
0080
4e75
3c00
3601
0043
0080
4841
3401
5440
43f9
0022
0000
0240
fffe
d3c0
e248
223c
9711
0000
3200
e049
0041
9600
0240
00ff
0040
9500
6100
0068
e24e
6416
5441
43e9
0400
0642
0360
6a06
0442
4000
5243
6100
004e
4e75
0240
fffe
43f9
0022
0000
d3c0
7626
611a
43e9
03d0
0681
0360
0000
6a08
0481
4000
0000
5241
51cb
ffe8
4e75
2881
2699
2699
2699
2699
2699
2699
2699
2699
2699
2699
2699
2699
0647
0028
4e75
28bc
9401
93b0
3880
2881
3882
3f03
389f
3882
0243
ff7f
3883
0043
0080
2951
fffc
0647
00fa
4e75
2c3c
5000
0003
363c
c001
2006
6124
2006
0680
0d00
0000
611a
2006
0680
0100
0000
6108
2006
0680
014c
0000
7201
7417
6000
a4e6
7227
7401
6000
a4de
363c
8000
60ca
48e7
0e04
203c
6000
0003
7226
741a
363c
6003
4eba
b16c
4cdf
2070
4e75
43f9
0000
689c
4eb8
041a
027c
f8ff
41f9
ffff
0000
303c
3ebf
7200
20c1
51c8
fffc
6100
ad64
4eb8
16e6
3e3c
0258
6100
a10a
6100
ae94
640c
51cf
fff4
2e78
0000
6000
9bae
303c
1fff
43f9
ffff
0000
41f9
0020
0000
22d8
51c8
fffc
72ff
6100
afa6
7014
4ef8
06ca
6106
4238
fe26
4e73
2f0d
4bf9
00a1
2001
08ed
0000
ffff
2a5f
4e75
2f38
fd08
3f38
fd06
2f09
50f8
fe28
21fc
0000
6a10
fdaa
31fc
4ef9
fda8
21fc
0000
6ae2
fd08
31fc
4ef9
fd06
027c
f8ff
4eba
a0ea
4eba
a132
42b8
f900
42b8
f904
4eba
b04a
43fa
0130
4eb8
0d46
23fc
4020
0000
00c0
0004
4eb8
0e84
225f
4eba
a42e
23fc
6000
0000
00c0
0004
4eb8
0e84
d2fc
01d0
4eb8
0e84
d2fc
0206
303c
6100
45f8
e000
4eb8
1aa0
303c
613f
4eb8
1aa0
5349
203c
4b0c
0003
4eba
afcc
41f9
00a0
1100
303c
00df
4eba
a71e
4eba
a6d4
43f8
e000
203c
451a
0003
7211
7405
4eba
a2be
6100
009e
4238
fe28
4eba
a39a
21fc
0000
6afe
fe34
41f8
c000
3e3c
04ff
6100
b26a
6100
0172
3e3c
003b
4eb8
0970
51cf
fffa
3e3c
0038
7c00
4eb8
0970
0606
001a
6a04
615e
6002
6160
51cf
ffee
3e3c
0081
4eb8
109c
3e3c
0003
3f07
4eb8
0970
41f8
d000
43f8
f900
700f
323c
0040
4eba
b2c4
3e1f
51cf
ffe4
3e3c
00f0
3f07
4eb8
0970
41f8
c000
43f8
f900
704f
323c
0040
4eba
b2a2
3e1f
51cf
ffe4
31df
fd06
21df
fd08
4e75
43f8
e0d8
6004
43f8
e0f6
203c
4590
0003
7202
7404
4efa
a206
002f
0000
0ee8
0000
0ee4
0ee0
0ec0
0000
0000
0000
0000
0000
0000
0000
0000
0000
0000
0000
0ec0
0000
0ee0
0ec0
0ea0
0000
0000
0000
0000
0000
0000
0000
0000
0000
0000
0000
0e80
0000
0ec0
0ea0
0e80
0000
0000
0000
0000
0000
0000
0000
0000
0000
0000
0004
8054
0e71
0083
0202
8403
06ff
1fa0
fc08
1dbf
01ba
edf8
0c0f
f05d
6ba0
3f81
f850
fe00
0408
0000
6ac2
0000
6aca
0000
6ad2
0000
6ada
0000
f800
0001
00fc
0000
f800
0002
00fc
0000
f800
0003
00fc
0000
f800
0004
00fc
48e7
fffe
4eba
fdbc
4a38
fe28
6608
6100
a26c
4eb8
1868
4238
fe26
4cdf
7fff
4e73
0000
6d5a
41f8
c000
7c40
7e4f
43fa
006a
30bc
0004
317c
00d3
0008
317c
00eb
000c
1147
0023
0c07
000f
6306
317c
00e4
000c
7000
3019
d080
d080
4480
2140
0014
3159
0028
7000
3019
d080
0480
0000
0e00
2140
0010
3007
0240
003c
e440
1140
0021
3007
0240
0003
1140
0020
4228
0018
1147
0026
d0c6
51cf
ff9c
4e75
8000
0090
0b8e
7800
008a
137a
9000
00a0
1733
8400
0094
2000
7400
0087
2aaa
8000
0090
2f1c
7000
0085
3ab4
8c00
009c
389d
6c00
0081
4c67
8400
0094
4983
7400
0088
5787
7c00
008d
5bb0
8c00
009c
596f
7000
0084
7174
7c00
008d
7179
8000
0091
7568
8800
0098
76bc
7800
008a
8a33
8400
0093
88b5
9000
00a0
8400
8000
0090
99c7
8400
0084
7a2e
7000
0069
1999
8000
0075
1fb9
8400
007b
2681
7800
006c
3555
7800
006e
3dac
7c00
0072
447d
7400
006a
5352
8c00
0082
4bd0
7000
0066
6aaa
9000
0085
5980
8000
0076
6d8f
8800
007e
6eba
9400
008a
6c85
8400
007a
853e
7000
0066
a6e6
8c00
0082
8ad4
8000
0076
a1a0
7000
0066
c505
9000
0086
9d9c
8400
0084
9e0f
7800
0088
0c3c
7400
0083
109c
9000
0099
0d62
7c00
0083
1290
7000
0076
0f2f
8800
0088
12d2
8c00
0089
0e03
8400
0086
131a
9400
008e
1039
8400
007e
9b6d
8c00
008b
9442
9000
0092
8d26
9400
0097
8a2c
7c00
0083
a521
7400
0080
a600
7800
0086
a540
6c00
007f
ac58
7000
0080
b100
9400
0088
35a5
9000
0084
564d
7800
0072
90d7
8800
007e
abae
8800
00be
17e4
9400
00be
1c71
7800
00be
2969
7000
00be
9999
8400
00be
349a
6c00
00be
4489
8000
00be
4481
7400
00be
50d7
9000
00be
84dc
7c00
00be
5c16
8c00
00be
59c4
7400
00be
6fa3
7c00
00be
722f
8c00
00be
959c
8400
00be
7abd
8000
00be
8568
4a68
0028
6716
06a8
0000
0800
0014
5368
0028
6608
42a8
0010
42a8
0014
1028
0023
5028
0026
1028
0026
0200
0060
0c00
0060
6602
7000
1140
0018
43fa
fd1c
5328
0021
6a0a
1169
0001
0021
5228
0020
7000
1028
0020
b011
6506
7000
1140
0020
e540
2171
0002
0004
4e75
41f9
0040
0200
0ca8
5345
4741
ff00
660e
43fa
000e
303c
02c2
b348
56c8
fffc
4e75
43fa
000c
4ef9
0000
68b6
6000
057a
600f
0000
0000
0c22
0e44
0e66
0e88
0eee
0aaa
0888
0444
08ae
046a
000e
0008
0004
0e20
803f
8005
1815
1b26
3936
3845
1754
0864
0972
0083
0516
8603
0316
3a89
0302
1519
263b
48f8
58fa
677b
751a
8a04
0a8f
0778
1779
377a
ff00
23ae
3acf
2f37
7e80
3fed
a3ff
e00e
fd71
d679
79db
dbf4
00c2
5800
5fab
bb2b
bfc2
f800
c7f5
b0fe
9a85
fff0
3f8d
bfd3
63a0
bbe1
81c3
e5ed
dfab
bdbb
bc78
5faf
c345
da00
be61
01bd
7d61
4200
9d68
1785
0d10
802e
b1fd
f600
03e5
fe17
cf2e
d515
7769
abbb
4d5d
da15
0018
cdd6
d5f3
cf9c
797e
11b7
c300
3864
b003
97fd
f600
0284
1198
c800
691d
8846
435f
001d
8466
500b
f9ef
c12c
21da
6aee
dbf4
a8c5
a680
8a9b
6296
d52c
596d
58c5
4559
70ac
0a17
ffc6
1367
1459
dfc7
e158
0017
7fef
01a2
5a96
b87e
55d4
6b7f
4001
f5bd
4210
4a25
0209
44eb
4017
ecf8
e7e0
0058
44a9
4010
8c66
1004
a7fa
f443
b4d1
7769
a395
e572
a2a6
c8bd
4d91
7a9a
4005
ff35
1f93
baeb
f5e6
ece2
82ce
28e3
d63a
f1fb
6e56
3d80
0a75
a000
cc64
02ea
1615
f200
2254
2002
50b8
d73a
0021
0a32
0214
663b
bf60
0420
0021
3553
5776
9a22
d344
2e51
1536
45ea
6c88
b66b
8b6e
dc7e
e400
8a5e
78a2
ce28
2ce2
8c7b
dfb0
031e
cd00
1a8d
001b
d689
4427
74f8
cbdf
7d71
9fe7
80d4
b52f
31d7
6fd7
6611
2d4b
52f3
1d67
0fd7
ee40
08d6
8003
4ad8
f8c5
9708
abd6
2cb8
b10b
9fdc
f3ee
d340
06b1
fe60
b38a
2ce2
a330
8014
8003
0114
0425
0e35
1845
1356
3967
7975
1481
0300
162f
2778
8204
0516
3683
050c
1637
28f9
8405
1517
7b85
0516
8605
0d16
3a87
050f
1776
8805
1018
fa89
062e
8a06
3218
f88b
0511
177a
8c06
388d
051a
8e06
3317
778f
0512
ffa5
289b
26f8
5af6
706a
073c
dee0
6f21
195b
56d5
77fc
ffee
efcf
a049
7f04
c860
10ef
07bd
ffd4
f54f
99f8
df9b
d93d
98ed
a637
9ee6
d5b5
6c58
59fb
146a
3c8c
5518
4310
79dd
cce5
7b9b
b46b
6cf5
6e21
61f2
1e8c
731b
8ed4
a384
db8e
cc20
fed5
acd8
f83b
cef4
130a
9b65
5d93
6cf9
a9cd
d6af
7822
bf5f
991f
091c
bd4d
a39d
35f7
e3f3
bd3b
d69a
f489
e838
1d3b
ae06
47eb
f595
9fbb
0b8b
07e5
7f33
f3d4
122c
b768
7883
5041
edf3
988e
b85d
288e
5e26
0e72
054e
6467
674b
bdb0
2597
ec8e
acb3
bf98
afc7
af84
cb86
108f
3985
2088
770a
d2dc
dd74
91a2
502a
e7c0
c2ec
69f9
c7f5
51ba
d1bb
0f32
89be
00b0
be17
03b9
9046
04e9
773b
0463
952e
3173
db15
b9ca
8b3f
d152
94a5
3cfe
75ed
5c0c
865c
c9ae
d0b3
66c6
b209
f9dd
8649
7f3f
dc5f
7763
2bcc
1a92
d703
bbd3
f3f9
895d
a197
af86
111f
e8c4
6581
c3db
fbcd
5294
a6a9
4f3a
f35f
d2fb
dc7c
87a3
1cc6
e3b5
1c29
36e3
b308
3fb5
6b36
3e0e
f3bd
04c2
d6df
d24d
a724
5a63
3afd
455b
faca
a649
eec2
e95f
f95f
ccb2
43a8
246e
1da1
79c9
a820
f05f
369e
1788
5cd9
4724
acc4
b0a7
b89e
61eb
8ce4
9fa2
223c
d7cf
d651
aae9
70f3
2537
c016
17c2
e077
3208
c09d
2ee7
608c
72a5
c62e
0000
0603
0000
0001
0510
12c2
0488
5011
0480
1405
109a
2154
4260
0505
0134
3811
4051
1181
1404
0110
20c5
0501
5c58
0220
401f
0200
8810
07c3
80c8
0401
a138
b494
0100
ac58
0e20
401a
1393
b1a9
a81c
5d8d
42e2
686c
0ff0
0500
0000
0000
390a
4106
0181
8090
29af
f850
524f
4455
4345
4420
4259
204f
5220
554e
4445
5220
4c49
4345
4e53
4500
0020
4652
4f4d
2053
4547
4120
454e
5445
5250
5249
5345
532c
204c
5444
2eff
1411
080d
1711
000d
1411
1411
9000
0000
001c
1411
8080
801d
1100
0000
00ae
1107
0001
00ad
1100
003f
1100
0b48
1100
0b66
1100
0b84
1100
0b93
1100
0ba2
1100
0bef
01e0
8080
0ac9
0cf2
8005
8039
8005
800c
ef00
f00a
0102
08a9
1f80
01a5
40e7
a502
f700
085d
11f2
8005
8039
8005
800c
ef00
f00a
0102
08b8
1f80
01b5
40e7
b502
f700
087b
11f2
ef01
e080
8005
c40c
e040
8005
c439
f2ef
01e0
8080
0a80
07e0
4080
0ac9
34f2
ef01
e080
c112
e040
c13f
f2f2
3201
0101
013f
1f1f
1f19
0604
0708
0505
0419
1919
1911
8918
8704
3772
7749
1f1f
1f1f
070a
070d
000b
000b
1f0f
1f0f
2380
2380
6100
13c4
6110
7001
7208
6100
a48e
7008
6100
9352
4e75
703c
c078
ff00
4ebb
000a
4a78
ff00
6af0
4e75
6000
0058
6000
0098
6000
00de
6000
013c
6000
143e
6100
95cc
4e71
4e71
4e71
4e71
60f2
0839
0000
00a1
2003
67f6
4e75
41f8
fde0
43e8
0010
4aa9
0008
6706
6100
95a4
60f4
3140
0008
08f9
0001
00a1
2003
67f6
6100
9590
42a8
0008
60c8
303c
0001
61ce
45f9
0021
0000
41ea
4010
43ea
4000
303c
0000
4eb8
fdae
6502
7203
d241
357b
1018
0000
7e93
6100
9c88
31fc
0004
ff00
137c
0000
000c
4e75
0000
8000
8001
8081
610a
6112
31fc
0008
ff00
4e75
303c
0002
6100
ff7e
4e75
45f9
0021
0000
0c6a
8081
0000
6618
43ea
4000
303c
0001
4eb8
fdae
0c40
ffff
660a
0c41
ffff
6604
7000
7200
3540
0002
3541
0004
4e75
41f9
0020
0000
43f9
0021
0000
45f8
ff06
14bc
0000
08d2
0000
4a69
0000
6a04
08d2
0001
4a68
0004
6704
08d2
0002
4a69
0004
6704
08d2
0003
4a68
0004
670a
4a69
0002
6704
08d2
0004
4a69
0004
670a
4a68
0002
6704
08d2
0005
08d2
0006
31fc
000c
ff00
4e75
707c
c078
ff02
4ebb
0008
6100
948c
4e75
6000
0034
6000
01a0
6000
055e
6000
076a
6000
0874
6000
0c18
6000
0d2c
6000
10b4
6000
0002
08f9
0001
00a1
2003
67f6
31fc
0010
ff00
4e75
08f8
0007
ff02
660c
6100
0018
6100
005a
6100
00ce
6100
04dc
6706
31fc
0004
ff02
4e75
6100
0326
4cba
0007
0026
6100
02a0
4cba
0007
0022
6100
0296
4cba
0007
001e
6100
028c
4cba
0007
001a
6100
0282
4e75
8100
0286
0000
8100
0786
0004
8100
0c9c
0011
8100
0090
001f
49f9
0020
0000
082c
0000
0001
6746
4cba
0007
004e
6100
0250
4cba
0007
004a
6100
0246
4cba
0007
0046
6100
023c
41ec
4000
303c
041c
7200
6100
0272
323c
0590
302c
0004
6100
0300
323c
05b2
302c
0002
6100
02f4
4e75
4cba
0007
001a
6100
020a
4e75
8100
0386
0001
8100
048c
0002
8100
04ae
0003
8100
0496
001d
49f9
0021
0000
4a6c
0000
6b0c
4cba
0007
007a
6100
01da
4e75
082c
0000
0001
6746
4cba
0007
004e
6100
01c6
4cba
0007
004a
6100
01bc
4cba
0007
0046
6100
01b2
41ec
4000
303c
091c
7200
6100
01e8
302c
0004
323c
0a90
6100
0276
302c
0002
323c
0ab2
6100
026a
4e75
4cba
0007
001a
6100
0180
4e75
8100
0886
0001
8100
098c
0002
8100
09ae
0003
8100
0896
001d
8100
0896
001e
08f8
0007
ff02
6604
6100
0032
6100
00f6
6100
0370
6724
3038
ff0a
0138
ff06
6608
7e92
6100
99ea
6012
3038
ff0a
e548
5040
31c0
ff02
7e91
6100
99d6
4e75
6100
019c
49f8
ff06
4cba
0007
008c
6100
0112
4cba
0007
0088
0814
0001
6604
0640
2000
6100
00fe
4cba
0007
007a
0814
0002
6604
0640
2000
6100
00ea
4cba
0007
006c
0814
0003
6604
0640
2000
6100
00d6
4cba
0007
005e
0814
0004
6604
0640
2000
6100
00c2
4cba
0007
0050
0814
0005
6604
0640
2000
6100
00ae
4cba
0007
0048
6100
00a4
4cba
0007
0038
6100
009a
21fc
0006
0000
ff0a
4278
ff08
4e75
8100
0396
0005
8100
0496
0006
8100
0596
0007
8100
0696
0008
8100
0796
0009
8100
0896
000a
8100
0996
000b
8100
00a4
0024
6100
0168
3238
ff0a
6a04
7200
6008
0c41
0006
6f02
7206
31c1
ff0a
c2fc
0010
0641
00b8
4841
323c
0d01
243c
0010
00d8
7003
7620
41f9
0022
0e00
48d0
0006
5048
5241
d443
51c8
fff4
4290
4e75
43f9
0022
0000
47f9
0001
5dc6
d2c1
601a
43f9
0022
0000
45f9
0001
5920
47f9
0001
5dc6
d2c1
d442
d4f2
2000
341a
6b0a
e54a
41f3
2000
6104
60f2
4e75
4c90
0006
5341
d440
3282
5242
3342
0080
5242
5449
51c9
fff2
4e75
43f9
0022
0000
d2c0
7000
1018
6706
d041
32c0
60f4
4e75
23fc
4200
0000
00c0
0004
41f9
00c0
0000
70ff
7207
7607
2080
51cb
fffc
51c9
fff6
4e75
41f9
0022
0e00
383c
00df
7000
7200
7400
7600
48e0
f000
51cc
fffa
4e75
4850
0280
0000
ffff
80fc
2710
612c
80fc
03e8
6126
80fc
0064
6120
80fc
000a
611a
3080
205f
7004
4a58
56c8
fffc
6602
5240
5548
d358
51c8
fffc
4e75
30c0
4840
0280
0000
ffff
4e75
2f01
41f8
ff0e
7212
61b0
30bc
ffff
41f8
ff0e
7003
4a50
6604
30bc
0002
5448
51c8
fff4
221f
45f8
ff0e
303c
c100
6100
fee4
4e75
4850
0c38
0007
fe18
670a
0c38
0003
fe18
6724
6030
7003
c038
ff08
d040
303b
0060
d178
ff0a
41f8
fe1a
7003
0c18
0002
57c8
fffa
6728
600e
3038
fe08
6100
00d0
d1b8
ff0a
6010
7003
c038
ff08
d040
303b
0030
d178
ff0a
0c38
0003
fe19
660e
3038
fe14
6100
00aa
d1b8
ff0a
6010
7003
c038
ff09
d040
303b
000a
d178
ff0a
205f
4e75
0000
ffff
0001
0000
4850
0c38
0007
fe18
670a
0c38
0003
fe18
6724
6030
700c
c038
ff08
e248
303b
0060
d178
ff0a
41f8
fe1a
7003
0c18
0002
57c8
fffa
6728
600e
3038
fe06
6100
004a
d1b8
ff0a
6010
700c
c038
ff08
e248
303b
0030
d178
ff0a
0c38
0003
fe19
660e
3038
fe12
6100
0024
d1b8
ff0a
6010
700c
c038
ff09
e248
303b
000a
d178
ff0a
205f
4e75
0000
ffff
0001
0000
48c0
e180
e580
4e75
48e7
8000
0c38
0003
fe18
6608
4a38
fe0b
6628
6008
70f0
c038
fe21
661e
0c38
0003
fe19
6610
4a38
fe17
6710
4e71
4e71
4e71
4e71
6006
70f0
c038
fe23
4cdf
0001
4e75
08f8
0007
ff02
6604
4278
ff04
49f9
0020
0000
707c
c078
ff04
4ebb
0004
4e75
6000
0022
6000
0138
6000
000a
6000
00c0
6000
01a6
303c
0003
6100
f934
31fc
000c
ff04
4e75
42b9
0022
0e00
6100
fdce
4cba
0007
0078
6100
fd48
4a2c
0001
674a
6e2c
4cba
0007
0072
6100
fd36
4cba
0007
006e
6100
fd2c
302c
0004
323c
0690
6100
fdfe
302c
0002
323c
06b2
6100
fdf2
4cba
0007
0040
6100
fd0a
41ec
4000
303c
0410
7200
6100
fd40
6100
014a
4cba
0007
0036
6100
fcee
4cba
0007
0032
6100
fce4
31fc
0004
ff04
31fc
0001
ff0a
4e75
8100
009a
0005
8100
0290
0012
8100
058c
0002
8100
05ae
0003
8100
09ac
000e
8100
0aa0
000f
08f8
0007
ff04
6642
42b9
0022
0e00
41f9
0022
0e00
383c
00bf
6100
fd1c
082c
0000
0001
670c
4cba
0007
0036
6100
fc84
6010
4cba
0007
0036
6100
fc78
7e92
6100
9522
4cba
0007
0020
6100
fc68
6100
fe88
670c
7e91
6100
950c
31fc
0010
ff04
4e75
8100
059a
0010
8100
0898
0011
8100
059a
0021
6100
004e
7400
3438
ff0a
c4fc
0028
0642
00fc
4842
343c
0010
4842
223c
0128
0d01
7000
7620
6100
fbf2
6100
fe3a
6712
4a78
ff0a
660e
7e91
6100
94b8
31fc
0008
ff04
4e75
7e90
6100
94aa
31fc
0010
ff04
4e75
3438
ff0a
6100
fd80
3238
ff0a
6a04
7200
6008
0c41
0001
6f02
7201
31c1
ff0a
b441
6706
7e90
6100
947a
4e75
31fc
0004
ff00
31fc
0004
ff02
31fc
0000
ff04
42b8
ff0a
4e75
4cba
0007
0012
6100
fba6
4cba
0007
000e
6100
fb9c
4e75
8100
0890
000c
8100
0990
000d
08f8
0007
ff02
6604
4278
ff04
49f9
0021
0000
707c
c078
ff04
4ebb
0004
4e75
6000
0012
6000
ff28
6000
00ba
6000
feb0
6000
ff96
42b9
0022
0e00
6100
fbce
4cba
0007
0078
6100
fb48
4a2c
0001
674a
6e2c
4cba
0007
0072
6100
fb36
4cba
0007
006e
6100
fb2c
302c
0004
323c
0690
6100
fbfe
302c
0002
323c
06b2
6100
fbf2
4cba
0007
0040
6100
fb0a
41ec
4000
303c
0410
7200
6100
fb40
6100
ff4a
4cba
0007
0036
6100
faee
4cba
0007
0032
6100
fae4
31fc
0004
ff04
31fc
0001
ff0a
4e75
8100
009a
0006
8100
0290
0017
8100
058c
0002
8100
05ae
0003
8100
09ac
000e
8100
0aa0
000f
8100
0b1c
000f
43ec
4000
303c
0006
4eb8
fdae
6508
397c
8081
0000
600e
397c
0000
0000
426c
0002
426c
0004
31fc
000c
ff04
4e75
49f9
0020
0000
707c
c078
ff04
4ebb
0004
4e75
6000
0016
6000
00aa
6000
0274
6000
0036
6000
030a
6000
fe90
6100
003a
4cba
0007
0018
6100
fa48
4cba
0007
0014
6100
fa3e
31fc
0004
ff04
4e75
8100
0096
0007
8100
0290
0012
303c
0008
6100
f5f2
31fc
0010
ff04
4e75
42b9
0022
0e00
42b8
ff0a
6100
fa88
4cba
0007
0032
6100
fa02
4cba
0007
002e
6100
f9f8
4cba
0007
002a
6100
f9ee
4cba
0007
0026
6100
f9e4
41ec
4000
303c
0410
7200
6000
fa1a
8100
058a
0018
8100
05a4
0018
8100
05b8
0023
8100
068a
0013
08f8
0007
ff04
6610
426c
000a
426c
000c
6100
0058
4278
ff08
6114
6100
fbc4
670c
7e91
6100
9248
31fc
0008
ff04
4e75
6100
00f8
3038
ff0c
6b14
6720
720a
d26c
000a
b26c
0004
6714
d16c
000a
600a
d06c
000a
6b08
3940
000a
6100
0012
302c
000a
3238
ff0a
d041
3940
000c
4e75
41ec
0080
7009
4298
4298
4298
4298
51c8
fff6
303c
0004
6100
f50a
41ec
0080
6100
0078
45ec
0080
7e0a
be6c
0004
6f04
3e2c
0004
5347
3c2c
000a
7a00
7001
d046
41f9
0022
0000
3405
ef4a
0642
0806
d0c2
323c
a030
6100
f996
323c
8000
43d2
d0fc
000e
323c
a000
6100
0022
7000
302a
000e
d0fc
0002
323c
a030
6100
f972
45ea
0010
5245
5246
51cf
ffb6
4e75
740a
7000
1019
d041
30c0
51ca
fff6
4e75
7009
43d0
3f00
700a
727f
c211
0c01
0020
6402
7220
12c1
51c8
fff0
41e8
0010
301f
51c8
ffe0
4e75
6100
f9a2
7200
3238
ff0a
0c6c
000a
0004
6d24
4a41
6b16
0c41
0009
6e06
4278
ff0c
603c
7209
31fc
0001
ff0c
6032
7200
31fc
ffff
ff0c
6028
4a41
6b0c
b26c
0004
6c0e
4278
ff0c
6018
7200
4278
ff0c
6010
322c
0004
5341
4278
ff0c
6004
4278
ff0c
31c1
ff0a
e949
41ec
0080
d0c1
4850
43ec
0120
700a
12d8
51c8
fffc
205f
3968
000e
012c
1968
000b
012b
7200
3238
ff0a
e749
0641
0100
4841
323c
0c01
243c
0010
00a8
7006
7620
6000
f7c8
08f8
0007
ff04
6652
42b9
0022
0e00
41f9
0022
0e00
383c
008f
6100
f85a
4cba
0007
0066
6100
f7ca
4cba
0007
0062
6100
f7c0
4cba
0007
005e
6100
f7b6
4cba
0007
005a
6100
f7ac
41ec
0120
303c
071e
323c
8000
6100
f7e0
31fc
0001
ff0a
6100
0092
6100
f9b2
6712
4a78
ff0a
660e
7e91
6100
9030
31fc
000c
ff04
4e75
7e90
6100
9022
31fc
0014
ff04
4e75
8100
0692
0018
8100
0594
0014
8100
06b8
0015
8100
079a
000f
08f8
0007
ff04
6628
42b9
0022
0e00
41f9
0022
0e00
383c
00bf
6100
f7bc
4cba
0007
0024
6100
f72c
4cba
0007
0020
6100
f722
6100
f942
670c
7e91
6100
8fc6
31fc
0014
ff04
4e75
8100
0398
0016
8100
0698
0011
6100
fb0e
7400
3438
ff0a
c4fc
0028
0642
00e4
4842
343c
0010
4842
223c
00f8
0d01
7000
7620
6100
f6b2
4e75
49f9
0021
0000
707c
c078
ff04
4ebb
0004
4e75
6000
0016
6000
0056
6000
fecc
6000
0036
6000
ff62
6000
fae8
6100
fc92
4cba
0007
0018
6100
f6a0
4cba
0007
0014
6100
f696
31fc
0004
ff04
4e75
8100
0096
0008
8100
0290
0017
422c
012b
41ec
0120
303c
0005
4eb8
fdae
31fc
0010
ff04
4e75
08f8
0007
ff04
6610
426c
000a
426c
000c
6100
0058
4278
ff08
6114
6100
f870
670c
7e91
6100
8ef4
31fc
0008
ff04
4e75
6100
fda4
3038
ff0c
6b14
6720
720a
d26c
000a
b26c
0004
6714
d16c
000a
600a
d06c
000a
6b08
3940
000a
6100
0012
302c
000a
3238
ff0a
d041
3940
000c
4e75
41ec
0080
7009
4298
4298
4298
4298
51c8
fff6
322c
000a
4841
323c
000a
43ec
0080
41fa
0012
303c
0007
4eb8
fdae
6100
fd16
6000
fc9c
2a2a
2a2a
2a2a
2a2a
2a2a
2a00
47f9
0021
0000
49f9
0020
0000
707c
c078
ff04
4ebb
0004
4e75
6000
0022
6000
0098
6000
00f0
6000
0042
6000
0196
6000
f9ca
6000
01de
6000
026a
6000
02ec
6100
fb68
4cba
0007
0018
6100
f576
4cba
0007
0014
6100
f56c
31fc
0004
ff04
4e75
8100
0092
0009
8100
0290
0012
303c
0005
6100
f120
7e02
41ec
0120
43ec
0130
303c
0004
4eb8
fdae
651e
41ec
0120
43ec
0130
303c
0008
4eb8
fdae
54cf
ffdc
6510
31fc
0010
ff04
4e75
31fc
0018
ff04
4e75
6100
fe92
31fc
0020
ff04
4e75
08f8
0007
ff04
660c
426c
000a
426c
000c
6100
fba4
6100
fb64
6100
f712
6602
4e75
41ec
0120
303c
0002
422c
012b
4eb8
fdae
6508
31fc
001c
ff04
4e75
302c
012c
322b
0002
b240
6c08
31fc
0018
ff04
4e75
7e91
6100
8d66
31fc
0008
ff04
4e75
08f8
0007
ff04
665c
42b9
0022
0e00
41f9
0022
0d00
383c
0087
6100
f518
4cba
0007
0070
6100
f488
4cba
0007
006c
6100
f47e
4cba
0007
0068
6100
f474
4cba
0007
0064
6100
f46a
4cba
0007
0060
6100
f460
41ec
0120
303c
071e
323c
8000
6100
f494
31fc
0001
ff0a
6100
fd46
6100
f666
6712
4a78
ff0a
660e
7e91
6100
8ce4
31fc
000c
ff04
4e75
7e90
6100
8cd6
31fc
0014
ff04
4e75
8100
0692
0018
8100
0594
0020
8100
06b8
0015
8100
079a
000f
8100
0998
0011
08f8
0007
ff04
6628
42b9
0022
0e00
41f9
0022
0e00
383c
00bf
6100
f46a
4cba
0007
0024
6100
f3da
4cba
0007
0020
6100
f3d0
6100
f5f0
670c
7e91
6100
8c74
31fc
0014
ff04
4e75
8100
0398
001c
8100
0698
0011
08f8
0007
ff04
665a
42b9
0022
0e00
41f9
0022
0e00
383c
00b7
6100
f41a
4cba
0007
0056
6100
f38a
4cba
0007
0052
6100
f380
4cba
0007
004e
6100
f376
4cba
0007
004a
6100
f36c
41ec
0120
303c
0512
323c
8000
6100
f3a0
41fa
0038
6100
f3a0
7e92
6100
8bfe
6100
f56e
670c
31fc
0014
ff04
7e91
6100
8bec
4e75
8100
0290
0019
8100
0390
0022
8100
0690
001a
8100
0898
0011
2e00
08f8
0007
ff04
6652
42b9
0022
0e00
41f9
0022
0e00
383c
00b7
6100
f38a
4cba
0007
004e
6100
f2fa
4cba
0007
004a
6100
f2f0
4cba
0007
0046
6100
f2e6
4cba
0007
0042
6100
f2dc
41ec
0120
303c
0412
323c
8000
6100
f310
7e92
6100
8b76
6100
f4e6
670c
31fc
0014
ff04
7e91
6100
8b64
4e75
8100
0290
001b
8100
0490
0025
8100
0790
001a
8100
0998
0011
08f8
0007
ff04
663e
42b9
0022
0e00
41f9
0022
0e00
383c
00b7
6100
f304
4cba
0007
003a
6100
f274
4cba
0007
0036
6100
f26a
41ec
0120
303c
0410
323c
8000
6100
f29e
7e92
6100
8b04
6100
f474
670c
31fc
0014
ff04
7e91
6100
8af2
4e75
8100
0590
001a
8100
0798
0011
47f9
0020
0000
49f9
0021
0000
707c
c078
ff04
4ebb
0004
4e75
6000
0022
6000
0084
6000
fd64
6000
0042
6000
fe0a
6000
f63e
6000
fe52
6000
fede
6000
ff60
6100
f7dc
4cba
0007
0018
6100
f1ea
4cba
0007
0014
6100
f1e0
31fc
0004
ff04
4e75
8100
0092
000a
8100
0290
0017
41ec
0120
43ec
0130
422c
012b
303c
0003
4eb8
fdae
3940
012c
1941
012b
303c
0006
6100
ed78
4a6b
012e
6b08
31fc
0010
ff04
4e75
31fc
0020
ff04
4e75
08f8
0007
ff04
660c
426c
000a
426c
000c
6100
fb80
6100
fb40
6100
f39a
6602
4e75
422c
012b
303c
0007
6100
ed36
4a6b
012e
6600
fc90
31fc
001c
ff04
4e75
0839
0000
00a1
2003
6732
23fc
7400
0003
00c0
0004
41f9
0022
0e00
43f9
00c0
0000
7027
2298
57c8
fffc
203c
4000
0003
223c
0022
0000
343c
0700
6100
8486
7000
43f8
ff08
4eb8
18ce
7001
43f8
ff09
4eb8
18ce
41f8
fe00
6108
41f8
fe0c
6102
4e75
7003
c028
0001
6712
0c28
000c
000a
6520
4228
000a
50e8
000b
4e75
4228
000b
5228
000a
0c28
0040
000a
6506
117c
0040
000a
4228
000b
4e75
50f8
fe28
6100
85fe
0839
0002
00a1
2003
66f6
08f9
0001
00a1
2003
67f6
6100
ec66
43fa
ff4a
4eb8
0420
21fc
0000
0000
fde8
43fa
0092
6100
8278
6100
82b6
6100
f0fe
42b9
0022
0e00
23fc
6000
0000
00c0
0004
43f9
0001
5300
4eba
8700
23fc
61c0
0000
00c0
0004
43f9
0001
546e
4eba
86ec
203c
4400
0000
31fc
0000
fe2c
223c
000e
e0ee
6100
91a4
6100
f094
43fa
005a
6100
8586
6100
88da
41f8
ff00
7000
7203
20c0
51c9
fffc
4278
fe0a
4278
fe16
4238
fe28
6000
853a
7e3b
6100
818e
51cf
fffa
31fc
ffff
ff00
4e75
8004
8124
8230
8334
8407
857a
8700
8a00
8b02
8c81
8d3c
8f02
9001
9100
9200
0000
002f
0000
0000
0c86
0ccc
0888
0444
0222
0eee
00ac
0666
0000
0444
0888
0eee
0eee
0a40
0000
0000
0c86
0888
0666
0222
0000
0aaa
00ac
0666
0000
0222
0444
0666
04ee
0000
0000
0666
0444
0888
0444
0000
0000
0004
0068
0000
0000
0288
04aa
06cc
04ee
0000
0000
0001
0101
0001
57a6
714b
c619
a772
4cc7
1a01
0000
0000
0101
143a
3812
1a06
3b39
131b
0701
5f5f
5f5f
5f5f
5f5f
5f5f
5f00
0000
0040
5345
4741
5f43
445f
524f
4d00
0100
0000
5241
4d5f
4341
5254
5249
4447
455f
5f5f
0060
0000
007f
ffff
217a
000c
0002
30ba
0004
4e75
4ef9
0000
88e2
48e7
0024
2a7c
ffff
fe80
d040
d040
4ebb
0010
247a
ffd6
0892
0000
4cdf
2400
4e75
6000
006a
6000
01e6
6000
0222
6000
0318
6000
0378
6000
04b2
6000
05d2
6000
0664
6000
0284
6000
0006
6000
0012
227a
ff98
323c
0040
c149
6100
0bb4
4e75
48e7
0030
247a
ff88
08d2
0000
2648
227a
ff7a
2449
323c
0040
c149
6100
0cf2
014a
0000
b093
6704
44fc
0001
4cdf
0c00
4e75
48e7
2038
48e7
0040
2b48
0000
41e8
0200
2b48
0004
41e8
0040
2b48
0008
41e8
0100
2b48
000c
41e8
0100
2b48
0010
41e8
0040
2b48
0014
41e8
0040
2b48
0018
41e8
0100
2b48
005a
41e8
0040
2b48
006a
206d
0000
6100
083e
243c
0008
0100
206d
0018
43fa
fea4
266d
0008
286d
000c
6100
084c
243c
0006
0040
206d
0018
43fa
fe9e
266d
0010
286d
0014
6100
0832
42ad
0030
42ad
0034
42ad
0066
4cdf
0200
6100
0e9c
6500
0090
2449
226d
005a
206d
0038
41e8
0060
323c
0010
6100
0acc
224a
246d
005a
41fa
fe8c
b588
670a
b588
6706
b588
6600
005c
2449
206d
0038
41e8
0040
323c
000c
3401
6100
0aa0
224a
45fa
fe54
3202
6100
0c18
6600
0058
202d
0030
e080
ea80
44fc
0000
4cdf
1c04
4e75
2449
3401
d442
d442
43fa
0052
2271
2000
3401
323c
000d
6100
0c1e
224a
3202
44fc
0001
60d6
6100
0e7c
640a
7000
323c
0000
6000
ffce
323c
0001
202d
0030
e080
ea80
6000
ffbe
323c
000b
6100
0e9e
65e6
202d
0030
e080
ea80
323c
0002
60c2
0000
8ad6
0000
8ae2
4e4f
545f
4558
4953
545f
5f00
554e
464f
524d
4154
5f5f
5f00
48e7
3020
7000
6100
0d56
6526
3600
6100
0d7a
651e
4a40
6c02
7000
2449
43fa
fd9c
323c
000c
6100
0b94
224a
3203
4cdf
040c
4e75
303c
ffff
323c
ffff
44fc
0001
60ec
48e7
303a
2648
6100
0d16
3200
6f66
206d
0038
5341
91fc
0000
0040
51c9
fff8
3400
5342
246d
005a
4ded
001c
2616
4296
224a
323c
0020
6100
0842
650c
323c
000b
224b
6100
0b02
6708
2c83
51ca
ffe4
6026
207a
fd4a
342a
000c
6f00
001c
5342
d1fc
0000
0080
51ca
fff8
122a
000b
302a
000e
4cdf
5c0c
4e75
44fc
0001
60f4
48e7
2012
2449
6100
ff7e
6500
0064
4a01
6700
0030
4ded
001c
4296
5340
3400
266d
005a
224b
323c
0040
6100
07d4
224b
323c
0020
6100
0a96
6600
003e
d4c1
51c8
ffe4
6024
266d
005a
5340
323c
0040
224b
6100
08f6
323c
0040
224b
6100
0a70
6618
d4fc
0040
51c8
ffe4
44fc
0000
4cdf
4804
4e75
303c
0000
6004
303c
ffff
44fc
0001
60ea
48e7
2002
48e7
0040
6100
fefc
4cdf
0200
48a7
c000
6500
0048
4a01
6700
0026
4ded
001c
4296
5340
3400
323c
0040
6100
0750
51c8
fff6
41ed
001c
0828
0007
0000
6710
601c
5340
323c
0040
6100
087c
51c8
fff6
44fc
0000
4c9f
0003
4cdf
4004
4e75
44fc
0001
60f0
48e7
3f3a
247a
fc3a
08d2
0000
2b48
0042
2b49
0046
6100
0bd6
6500
011e
3a00
6100
fe82
6514
da40
206d
0042
ba68
000c
6d00
0108
6100
010a
600c
206d
0042
ba68
000c
6d00
00f6
6100
0b7a
6500
00ee
206d
0038
3200
6e04
7c01
602c
5341
91fc
0000
0040
51c9
fff8
226d
005a
4ded
001c
4296
2449
323c
0020
6100
06a4
6500
00be
3c2a
000c
dc6a
000e
207a
fbb6
3406
6f0c
5342
d1fc
0000
0080
51ca
fff8
246d
0042
226d
0046
302a
000c
6f00
0092
4a2a
000b
6700
0016
5340
323c
0040
6100
07d0
6500
007c
51c8
fff6
600e
5340
323c
0040
6100
08f4
51c8
fff6
6100
0aec
6500
0060
5240
206d
0038
3200
5341
91fc
0000
0040
51c9
fff8
226d
0042
45ed
004a
43e9
0000
45ea
0000
323c
000b
6100
0918
246d
0042
43ed
004a
136a
000b
000b
3346
000c
336a
000c
000e
323c
0020
6100
0764
6510
43ed
004a
7000
6100
0928
4cdf
5cfc
4e75
44fc
0001
60f4
48e7
383e
247a
fafc
08d2
0000
2648
6100
0a72
4a40
6f00
0108
206d
0038
3200
5341
91fc
0000
0040
51c9
fff8
3400
5342
246d
005a
4ded
001c
4296
224a
323c
0020
6100
059c
650c
323c
000b
224b
6100
085c
6708
51ca
ffe6
6000
00c8
224a
48e7
8020
45ed
004a
323c
0010
6100
0876
4cdf
0401
3600
9642
5543
6500
0096
267a
fa84
342a
000c
5342
d7fc
0000
0080
51ca
fff8
4ded
001c
4296
91fc
0000
0080
224a
323c
0020
6100
053c
6500
007a
287a
fa56
342a
000c
5342
d9fc
0000
0080
51ca
fff8
7400
342a
000e
c4fc
0040
d442
220b
92ba
fa34
82fc
0080
4841
4a41
6706
0681
0001
0000
4841
3541
000c
48e7
0080
224a
323c
0020
6100
065c
652c
3544
000c
c74a
224c
3202
6100
07fc
c74a
d6c2
4cdf
0100
51cb
ff88
103c
0001
43ed
004a
6100
0804
4cdf
7c1c
4e75
44fc
0001
60f4
48e7
0010
6100
09b0
6500
0086
6100
0a18
6500
007e
267a
f9c8
08d3
0000
43fa
f98c
206d
0038
323c
0010
6100
0734
7000
206d
0038
41e8
0030
3000
3f00
4840
301f
2048
01c8
0001
d1fc
0000
0008
01c8
0001
302d
002e
206d
0038
41e8
0020
3000
3f00
4840
301f
2048
01c8
0001
d1fc
0000
0008
01c8
0001
43fa
f946
206d
0038
41e8
0040
323c
0020
6100
06da
44fc
0000
4cdf
0800
4e75
44fc
0001
60f4
48e7
3c3a
2849
3801
4841
3a01
7400
760a
2448
0c1a
002a
6706
5242
51cb
fff6
2448
6100
08a6
3600
6f00
0058
5343
206d
0038
91fc
0000
0040
226d
005a
4ded
001c
4296
2649
4a44
6f44
323c
0020
6100
03d6
224b
3202
6706
6100
0698
661e
4a45
6f04
5345
6010
323c
0010
c54c
6100
06ba
c54c
d8c1
5344
0c42
000b
6708
90fc
0080
51cb
ffc4
44fc
0000
4cdf
5c3c
4e75
44fc
0001
60f4
48e7
2100
3f02
3001
343c
0010
3e3c
001f
6128
3e3c
0001
204f
6120
544f
6110
62fc
4299
4299
4299
4299
4cdf
0084
4e75
3200
e049
12c1
ed48
5d42
4e75
61f2
0c42
0008
64f8
7208
9242
e268
1018
e368
5042
5347
64e8
4e75
48e7
2100
1019
ed48
1019
e548
3b40
002a
e948
1019
e858
1b40
002b
3e3c
002a
7402
6128
611a
e848
1019
e948
3b40
002c
e548
1019
e448
1b40
002d
4cdf
0084
4e75
3200
e049
10c1
e148
5142
4e75
6002
61f0
0c42
0008
62f8
323c
0008
9242
e268
1019
e368
5c42
5347
64e8
4e75
48e7
0300
206d
0004
d0c0
43ed
0020
7e07
48e7
0040
1010
7c07
1211
e308
e311
12c1
51ce
fff6
4cdf
0200
5048
51cf
ffe4
4cdf
00c0
4e75
48e7
0300
206d
0004
d0c0
43ed
0020
7e07
48e7
0080
1019
7c07
1210
e308
e311
1081
5048
51ce
fff4
4cdf
0100
51cf
ffe4
4cdf
00c0
4e75
206d
0004
43ed
0020
48e7
8080
d0c0
7204
1018
e408
12c0
5048
51c9
fff6
4cdf
0101
7200
123b
001c
1230
1000
e409
12c1
1230
0030
e409
12c1
1230
0038
e409
1281
4e75
2d2e
2f08
111a
232c
206d
0004
43ed
0020
48e7
8080
d0c0
7204
1019
e508
10c0
5048
51c9
fff6
4cdf
0101
3f00
7200
123b
00d2
1019
e508
1180
1000
301f
206d
0004
122d
0026
e509
1181
0030
122d
0027
e509
1181
0038
4e75
48e7
0120
246d
0000
7200
7e1f
1018
610e
51cf
fffa
3401
4642
4cdf
0480
4e75
e159
4242
1400
b302
d442
4201
3432
2000
b541
4e75
48e7
0100
7e00
3007
e148
7207
e348
6404
0a40
1021
51c9
fff6
30c0
5247
0c47
0100
65e4
4cdf
0080
4e75
48e7
0300
4842
7e00
1687
1087
1887
7001
7e01
1780
7000
1180
7000
e308
1987
7000
5247
b447
64ec
4842
4233
7000
4842
7c00
7000
4a31
6000
670e
3207
9246
5341
1033
1000
b133
7000
5246
bc42
65e4
4842
11b3
7000
7000
1987
7000
5247
be42
65ca
3202
5341
7e00
3c07
5246
1030
7000
b030
6000
6518
11b0
6000
7000
1180
6000
1034
7000
19b4
6000
7000
1980
6000
5246
bc42
65d8
5247
be41
65ce
4cdf
00c0
4e75
48e7
2100
41ed
0020
426d
0026
5342
7e00
7000
7200
1030
7000
4a40
6716
1234
0000
5341
611c
b12d
0026
c549
6114
b12d
0027
c549
5247
0c47
0006
65d6
4cdf
0084
4e75
1031
7000
d041
6002
9042
b042
64fa
5240
1033
0000
4e75
48e7
2100
41ed
0020
5342
426d
0028
7e00
7000
1030
7000
b12d
0028
4a00
671a
1034
0000
5c40
9047
6002
9042
b042
64fa
5240
1033
0000
b12d
0029
5247
0c47
0008
65d0
4a6d
0028
6742
7200
3002
122d
0029
1234
1000
d041
122d
0028
1234
1000
9041
6002
9042
b042
64fa
0c40
0008
6418
7207
9240
102d
0028
b130
1000
08ee
0003
0000
522d
006f
6004
08d6
0004
4cdf
0084
4e75
48e7
f138
48e7
40c0
7000
3008
2408
343c
0000
80fc
0080
c0fc
0080
d440
2042
b1ed
0066
6700
00ec
2b48
0066
2248
206d
006a
422d
006e
2f08
206d
0004
323c
0040
c149
6100
0106
c149
205f
2f09
2f08
343c
0100
266d
0008
286d
000c
422d
006f
7e07
7600
3003
6100
fcc6
6100
ff0a
3003
6100
fcf0
5243
51cf
ffec
4a2d
006f
6706
1d6d
006f
0001
343c
0040
266d
0010
286d
0014
422d
006f
7e07
7600
3003
6100
fcf8
6100
fed4
3003
6100
fd36
5243
51cf
ffec
4a2d
006f
6706
1d6d
006f
0001
205f
2f08
226d
0004
6100
fc00
205f
6100
fd5e
b26d
002a
670c
08ee
0005
0000
08ed
0005
006e
b46d
002c
670c
08ee
0006
0000
08ed
0006
006e
225f
082d
0005
006e
6718
082d
0006
006e
6710
08ee
0007
0000
08ed
0007
006e
526e
0002
4cdf
0302
2449
362d
0068
3408
9443
e442
226d
006a
d2c2
e241
6100
01d8
224a
d2c1
d241
d0c1
d0c1
082d
0007
006e
6704
44fc
0001
4cdf
1c8f
4e75
48e7
2000
5941
6d0a
0548
0001
22c2
5088
60f2
5841
5341
6d08
12e8
0001
5488
60f4
4cdf
0004
4e75
48e7
f138
48e7
40c0
0c41
0040
6c00
0088
48e7
4040
2408
2608
7000
3008
363c
0000
80fc
0080
c0fc
0080
d640
2043
9488
e482
323c
0040
226d
006a
2449
2648
4ded
001c
2616
4296
7000
6100
02f0
4a40
6f20
80fc
0002
3200
4840
4a40
6702
5241
c2fc
0080
202d
0038
9081
b088
6e04
6100
fe26
102e
0000
2c83
42ad
0066
4cdf
0202
0800
0007
6600
00b0
d4c2
d442
e241
6100
0108
d241
226d
006a
204b
c149
2f09
2f08
6100
fc1a
205f
226d
0004
6100
fa58
343c
0040
45fa
f2ce
266d
0010
286d
0014
7e07
7600
3003
6100
fb62
43fa
f2b2
6100
fce4
3003
6100
fbce
5243
51cf
ffe8
343c
0100
45fa
f28e
266d
0008
286d
000c
7e07
7600
3003
6100
facc
43fa
f272
6100
fcb6
3003
6100
faf2
5243
51cf
ffe8
225f
206d
0004
323c
0040
c149
6100
0024
c149
44fc
0000
4cdf
0302
40e7
d0c1
d0c1
e241
d2c1
46df
4cdf
1c8f
4e75
44fc
0001
60e4
48e7
2000
5941
6d0a
2419
05c8
0001
5088
60f2
5841
5341
6d08
1159
0001
5488
60f4
4cdf
0004
4e75
48e7
4060
5941
6d06
b589
6612
60f6
5841
5341
6d06
b509
6606
60f6
44fc
0004
4cdf
0602
4e75
48e7
4060
5341
14d9
51c9
fffc
4cdf
0602
4e75
48e7
4060
5941
6d04
24d9
60f8
5841
5341
6d04
14d9
60f8
4cdf
0602
4e75
48e7
4060
d3fc
0000
0001
d5fc
0000
0001
1491
5449
544a
5541
6ef6
4cdf
0602
4e75
48e7
f8e0
4a00
6700
0076
7600
6100
015a
6500
00e8
3600
5340
206d
0038
45e8
0030
3800
6100
0170
6500
00d2
86fc
0002
4843
4a43
6602
5240
d069
000e
206d
0038
41e8
0020
40e7
46fc
2700
3000
3f00
4840
301f
2048
01c8
0001
d1fc
0000
0008
01c8
0001
3004
3f04
4840
301f
204a
01c8
0001
d1fc
0000
0008
01c8
0001
46df
6000
0074
7600
6100
00e6
6500
0074
3600
5240
5243
206d
0038
45e8
0030
3800
6100
00fa
6500
005c
86fc
0002
4843
4a43
6602
5340
9069
000e
206d
0038
41e8
0020
40e7
46fc
2700
3000
3f00
4840
301f
2048
01c8
0001
d1fc
0000
0008
01c8
0001
3004
3f04
4840
301f
204a
01c8
0001
d1fc
0000
0008
01c8
0001
46df
44fc
0000
4cdf
071f
4e75
44fc
0001
60f4
48e7
7c78
7400
7601
7802
2449
264a
d7fc
0000
0002
284b
d9fc
0000
0002
3013
b052
660a
3014
b052
6604
3012
6028
5244
b244
6e00
ffe4
5243
3a03
5245
b245
6e00
ffd0
d5fc
0000
0002
5242
3a02
5445
b245
6e00
ffbc
600a
44fc
0000
4cdf
1e3e
4e75
303c
ffff
44fc
0001
60f0
48e7
60e0
323c
0008
3401
206d
0038
41e8
0030
43ed
005e
2449
6100
fc88
3202
e241
224a
6100
ff74
4cdf
0706
4e75
48e7
20e0
323c
0008
3401
206d
0038
41e8
0020
43ed
005e
2449
6100
fc5c
3202
e241
224a
6100
ff48
4cdf
0704
4e75
48e7
c000
7000
1039
0040
0001
0800
0007
6600
0058
223c
0000
2000
0200
0007
e381
51c8
fffc
b2ad
0030
6606
b2ad
0034
6734
2b41
0030
2b41
0034
2b7a
efea
003c
d3ad
003c
2b6d
003c
0038
04ad
0000
0080
0038
3b7c
fffd
002e
e281
526d
002e
0481
0000
0040
6ef4
4cdf
0003
4e75
44fc
0001
60f4
48e7
8060
247a
efb2
08d2
0000
227a
efa6
d3fc
0000
0001
1011
12bc
005a
0c11
005a
661e
12bc
00a5
0c11
00a5
6614
1280
44fc
0000
40e7
0892
0000
46df
4cdf
0601
4e75
44fc
0001
60ec
48e7
e0c0
5341
1419
41fa
0026
3018
b418
6518
b418
6306
51c8
fff6
600e
51c9
ffe8
44fc
0000
4cdf
0307
4e75
44fc
0001
60f4
0002
3039
415a
5f5f
ffff
ffff
ffff
ffff
ffff
ffff
ffff
ffff
ffff
ffff
ffff
ffff
ffff
ffff
ffff
ffff
ffff
ffff
ffff
ffff
ffff
ffff
ffff
ffff
ffff
ffff
ffff
ffff
ffff
ffff
ffff
ffff
ffff
ffff
ffff
ffff
ffff
ffff
ffff
ffff
ffff
ffff
ffff
ffff
ffff
ffff
ffff
ffff
ffff
ffff
ffff
ffff
ffff
ffff
ffff
ffff
ffff
ffff
ffff
ffff
ffff
ffff
ffff
ffff
ffff
ffff
ffff
ffff
ffff
ffff
ffff
ffff
ffff
ffff
ffff
ffff
ffff
ffff
ffff
ffff
ffff
ffff
ffff
ffff
ffff
ffff
ffff
ffff
ffff
ffff
ffff
ffff
ffff
ffff
ffff
ffff
ffff
ffff
ffff
ffff
ffff
ffff
ffff
ffff
ffff
ffff
ffff
ffff
ffff
ffff
ffff
ffff
ffff
ffff
ffff
ffff
ffff
ffff
ffff
ffff
ffff
ffff
ffff
ffff
ffff
ffff
ffff
ffff
ffff
ffff
ffff
ffff
ffff
ffff
ffff
ffff
ffff
ffff
ffff
ffff
ffff
ffff
ffff
ffff
ffff
ffff
ffff
ffff
ffff
ffff
ffff
ffff
ffff
ffff
ffff
ffff
ffff
ffff
ffff
ffff
ffff
ffff
ffff
ffff
ffff
ffff
ffff
ffff
ffff
ffff
ffff
ffff
ffff
ffff
ffff
ffff
ffff
ffff
ffff
ffff
ffff
ffff
ffff
ffff
ffff
ffff
ffff
ffff
ffff
ffff
ffff
ffff
ffff
ffff
ffff
ffff
ffff
ffff
ffff
ffff
ffff
ffff
ffff
ffff
ffff
ffff
ffff
ffff
ffff
ffff
ffff
ffff
ffff
ffff
ffff
ffff
ffff
ffff
ffff
ffff
ffff
ffff
ffff
ffff
ffff
ffff
ffff
ffff
ffff
ffff
ffff
ffff
ffff
ffff
ffff
ffff
ffff
ffff
ffff
ffff
ffff
ffff
ffff
ffff
ffff
ffff
ffff
ffff
ffff
ffff
ffff
ffff
ffff
ffff
ffff
ffff
ffff
ffff
ffff
ffff
ffff
ffff
ffff
ffff
ffff
ffff
ffff
ffff
ffff
ffff
ffff
ffff
ffff
ffff
ffff
ffff
ffff
ffff
ffff
ffff
ffff
ffff
ffff
ffff
ffff
ffff
ffff
ffff
ffff
ffff
ffff
ffff
ffff
ffff
ffff
ffff
ffff
ffff
ffff
ffff
ffff
ffff
ffff
ffff
ffff
ffff
ffff
ffff
ffff
ffff
ffff
0153
8005
0e16
2c27
7038
ec81
050f
1514
2631
376b
476e
58e3
68e6
7511
8204
0516
2a27
6738
e248
f078
df83
0632
8406
2718
ef85
0634
18ee
8604
0216
2b27
6d87
0403
162d
28e7
8803
0016
2627
7238
f489
0404
162f
28eb
8a04
0616
3028
ea8b
0512
1766
28de
38ed
776c
8c07
748d
0510
176a
28f1
8e06
2e18
f2ff
ff87
fc3f
e1ff
0ff8
7fc3
fe1f
e05f
f87f
c3fe
1ff0
ff87
fc3f
e1bf
fe05
ff02
ff81
7fc0
bfe0
5ff0
2ff8
17fc
0b18
c631
8c63
18c6
31d7
3c63
c6e8
c631
8c63
18c6
318b
e78c
6318
c631
7bb7
5835
ba66
8c63
8d84
6564
c7d7
37ee
aa6d
ffde
e78c
635f
0c53
9f2d
b866
fce5
b9f7
b0df
8c63
1773
0276
e432
76bc
c81d
18c6
318c
5fa4
75b8
9197
106c
b0a3
8367
a045
854f
7065
d164
f245
868b
2706
5d4b
271b
2c34
aa1d
d0e2
fd2a
ef2f
e957
b57f
4ab9
ba2f
e961
2fce
4974
d4bb
d9e0
b9b3
e905
9714
3ba0
b997
f8b9
97f8
b997
f8bb
cbfb
5de5
ee86
99fb
a154
3f8a
ad53
2075
2153
2073
f485
4c64
fd33
b207
68b2
c101
6953
21cd
5303
e496
fa5d
18c6
3177
33b9
9d18
d1d1
8c63
18c6
318e
bca3
18c6
318c
631d
73c6
318c
6318
ee9b
6c63
18c6
31ff
c463
18c6
31f4
d648
b0ee
8292
2fe9
7312
2f72
cba1
22fe
9564
48bf
b552
45fe
2b8d
61fb
5706
5fda
ef2e
9543
f392
5fd2
c3a4
97f6
b0cd
0fda
c164
bdda
aacd
a6a5
6fda
c164
7dd0
ee56
4fda
c159
21fa
5564
3877
4152
dfde
ade3
89af
09d4
8735
b79f
2ff3
95a1
d313
8fd3
6cc6
efdb
1902
76d0
e277
ed9c
1c4e
adc4
e276
db09
c4ea
ece6
7733
b99d
ccee
676b
9e31
8c63
18c7
8fb1
fc3d
2318
c75d
95bd
d5cc
6853
1a75
03bd
b3c6
3c76
3ddf
b698
81ff
e7ff
5fca
5fed
2c71
b3fa
dcbf
afff
9eb3
eaeb
3185
e7d7
fe26
c66f
eb72
fe3f
fe7f
93fe
715b
7230
9827
eeaa
b475
edfe
47ed
facd
2dfd
cdbf
f8ff
45bf
c82c
10e6
b85b
34ff
f8ff
c7fe
3f90
5ff8
f44a
ffd0
608d
2d07
31a1
a7fe
3ff1
cad4
b45a
9823
5b7e
08d3
7eda
63fe
47fd
edff
c7f9
faff
6f7b
4e80
c4e6
877b
1fa5
ed78
e7f4
434b
662f
fc0e
b3f4
ebfe
3f59
8409
873f
2b42
73a7
3a7e
e875
714d
c7c8
bd3a
cfd3
f93f
b74e
a430
d7e0
932b
5f85
f9fa
aa79
22c3
f4af
7065
8775
091b
3d1d
cf9b
177e
df59
0b35
f671
d9fb
5d4c
9fa5
d4ac
9542
a643
cc77
ffde
d98f
9138
a627
138b
b36b
8b9c
1b89
d68b
49c4
60dc
4e27
0371
389c
5613
89c5
6138
9c4e
adc4
e271
584e
2ec2
713a
be04
edae
793b
6d8f
7138
aca1
38ac
c5c5
66be
1b9d
18c6
318c
63b9
c518
c63c
6ebb
1b2e
06fe
07de
85c9
3bda
3bb8
5380
b838
bff1
cfcb
f733
a4e2
7ea5
69c6
13e1
34ee
ffc1
f79c
c613
bce6
9f9f
d0c2
4e27
3461
38b1
2ae4
68ad
6b1d
4c4b
6a37
121d
fc53
cc4d
9cc2
784e
8698
210b
f047
1e76
0469
054b
457f
d2d5
beb0
5833
c82b
7ee4
dc60
9967
712b
1ab5
80cb
8621
e40e
f3d3
57f8
b485
5807
54d3
8470
b9d7
709b
fa17
7f82
9c2b
1fb9
c33b
27f2
190e
71c1
0c16
be1b
ac79
50ee
7508
c1a0
fdba
3498
81a1
e04e
ba67
10b2
e2ef
20f7
7977
ccf1
b410
2158
42bf
9daf
3cd8
21a1
b75f
f1c5
a8d7
db7c
9af3
4c87
5da3
68b5
26bc
c5a5
90ff
383c
8d2d
cabf
d1f5
ff1e
f3bc
d0d2
d924
bfaf
fb9e
7e9d
bcff
cbe7
4edc
8f24
e92e
8869
6cc4
2f32
f4b5
2ddb
6dfc
e139
face
5d0d
2486
9dbf
b997
4924
ba24
b91f
17f2
2f6f
e418
feb7
23ca
6ac1
25b3
6d3e
be70
87d6
77f1
31a7
f899
01b7
80ac
2677
8acc
8d9f
58bc
d014
c982
5b31
0bff
e18f
f023
18c6
31ff
03fb
2318
c631
8c63
18c6
31c5
d18c
799d
adc5
70c5
c39e
8e07
7875
c279
8d35
d936
2e9a
f756
2f69
e6b6
f69c
fbcd
0d02
4c77
9a1d
ec86
b04e
a45d
40fb
da74
6308
ac98
4e2a
c158
2676
3075
41ad
4f0f
dee9
fbda
b4ff
6cf3
1870
69e6
9e66
5e44
1961
31ff
2961
a6a5
36f1
5d5b
fe10
fe93
6fb7
8304
e243
4f04
6dfc
f2aa
1c59
aa82
ef2c
b3ff
2ea9
34aa
92ef
784b
7f7e
aeda
bfb7
5497
795b
3787
6d5b
cb2f
f14b
8a55
7f6e
afed
ac97
3559
9735
5259
676c
c9bd
79c9
bb5b
fd79
e4bd
b9e5
bfbf
e19a
d464
b525
9fac
daa9
5f6f
6fee
9736
764e
295e
6bdb
6e5f
dbeb
b795
a0c3
a631
b7d0
efe4
f772
204f
7029
8a9c
8d0d
267f
ee4c
83ed
e5cf
fc63
bc6d
0998
1839
ad9a
f073
63c8
86bf
4c66
9f9f
66f7
4cc9
da96
e486
875e
462b
040d
0172
343f
e427
3ff6
0fb7
f39c
f91a
7edc
8f2f
dbf4
cad1
fb74
6bed
43be
dfe4
ff1d
0e6b
53fa
f79a
5b91
f4fd
be49
d10d
2de8
7f9c
b7a5
bd0f
f467
91a7
f5d0
d3f6
f2e7
c8d2
56a1
8797
edd2
d20c
924e
7207
9bac
c743
e9fd
bfd6
6cfc
e7fa
cfa4
a31e
668c
6318
c631
8f33
b758
35ba
63c5
c0ef
e370
c6c2
0747
4c77
d80f
ada6
bfa9
4efc
33df
8716
1fd2
3efe
bc13
0f0c
37fc
25bf
e125
d2a9
6ff1
49b8
bc73
c348
690a
a1fb
582f
e96a
87f1
78b4
dfde
ab37
14b3
fff5
7c78
bf7b
c50f
0927
87f6
f7f7
f8a1
bffd
282b
6796
735d
5bff
e286
792c
38b3
67cd
6cb3
f6e7
cd54
b7ff
c59a
a971
76ae
f2e6
5dea
a4bb
de1f
db5d
9b3f
9756
6f09
786f
55b3
fd6b
9b8b
3784
b8b6
6cd9
b367
6d52
5d9d
abb3
66cd
9fdb
4d99
9737
5cb3
cb20
7da9
95b9
bf27
6ecc
dd3f
b77e
cff5
a73f
27c9
0e6b
5fce
863f
6f7e
5583
2b4b
9d32
b492
479b
a4b2
cc72
e899
90f2
8c47
34dc
7fb6
d640
86bd
a7ae
b787
9526
214a
de2b
a11d
0107
9250
1079
4b14
158d
6c75
ee29
8ddc
643f
6f91
d69c
fd7c
e39d
1fb6
dc8c
b12b
5e4f
ac64
6368
e715
8c8a
dfc9
da47
2e74
e7eb
fdbe
5fb7
bcf2
4305
921a
5a9c
fbc8
696e
7915
a8bb
dd3b
7f39
24fe
5f4c
c9db
d249
feb4
d9fc
bb7b
7a1c
933c
ba66
e918
f33b
73ae
1adc
0d31
7034
67b8
8275
381a
3677
bae0
6983
81df
8283
4c33
a757
161c
599b
8bae
ac13
a965
7b2a
1efe
fff8
a4b9
b8a4
d9f3
5b54
b9c1
261b
c923
5492
cb8b
32e6
cf25
fedd
fbcb
24b7
b7f6
e879
b24b
532d
ecfb
de1f
cbcf
2dfc
f2ff
14bc
24b2
e296
7855
2aa5
9f32
ffad
7355
05f1
e2d5
54aa
8714
bfc5
2e2c
d6d4
8724
b64b
6a73
ef26
4794
9656
ef2e
6b65
9f35
b2aa
4687
25de
b7fb
677e
65cd
95bf
cbfc
99ff
2d73
2ecd
9b36
6cd9
fdbe
9b3f
96bb
366c
d9fc
b5ed
cfb3
66cd
9b36
6cd9
b366
cff5
fe73
fb7d
366c
974f
e5fe
732f
f5f4
d9b3
676d
bfcb
3fce
6ce9
dbd3
37ef
25f9
c974
3cc7
f93b
46f5
b902
e9bc
7f93
3fce
6f1f
43e9
6f49
27fd
d3f5
9fa3
e7fd
9832
3adf
79d3
69a5
a9f9
3049
521f
ed81
2ff9
b23f
c996
5b7f
6e36
8fdb
8acf
98b9
8b99
79b0
e325
6736
2114
824e
f246
2a4f
4320
640a
82d2
c8f1
0680
b583
42e3
bf13
143e
63e6
3204
7c44
0b25
8544
2b58
54fd
bc48
2b3c
ec9f
b692
a197
e4ed
4c0c
bf6e
bdbd
332e
65ed
597f
4bf9
7c5f
eb87
f4b7
9337
491f
4edf
ce4b
99dc
6e1b
9c13
1b02
351d
3260
f70b
f057
0bda
a617
e0ac
a0d3
0ce9
fbac
ffba
e2c3
7fc1
bfa5
24fe
94bf
c599
5916
496b
2b66
be4a
dd78
2c90
d255
48d0
e556
6469
55fc
b597
14bf
a52a
bb73
ef26
65bf
7b39
a497
7977
aacc
b9aa
967d
e596
7fe5
efd5
2ff1
4b3c
965f
e2cd
fd2c
dbfb
fbeb
bd56
cdec
ffcb
dfdf
fe96
6f0d
e597
17fa
f239
2e65
feda
ff2d
64bf
cb5c
cbb2
5e12
cf2c
f2f0
b7a6
cd9b
366c
d9b3
66ce
9dbf
acd9
b366
cfed
9ecd
9feb
5d9b
3f97
97f2
ff59
b3f9
9b36
6cd9
bd97
4d9b
dfac
dee8
7f9c
cadf
ce1e
4797
fafa
6cfe
dfe7
3374
cdfa
c97f
f3fd
9fa3
e879
7e73
fe7f
9ccd
d259
7f30
ff47
facf
c9ed
fd66
55d9
facf
db3b
f599
6d77
4c8f
f265
674c
8ff2
64e7
ff0e
bfc9
ff19
fff6
277f
1a96
3cb7
3b9a
ce37
71ff
0fd3
fec5
add1
8c63
1790
be81
f610
a813
dcfa
ea6a
56f6
be9b
6d2d
7598
e39b
8c8f
98e2
65c6
106e
0415
b115
de74
0f27
95a5
3560
d09a
fac1
e48c
6fdb
9064
3fdb
3cd8
c6d7
92b1
94d4
6563
63c6
f347
8e64
b7f9
7fb7
cc69
b4d3
a1a9
1e56
fe4e
4781
84c0
4631
dce1
b9c1
35b8
2362
e08c
b470
4c15
ee09
854e
0985
4c13
0cec
9fda
5fdd
2355
fdac
fd52
e2ea
e2c3
3caa
6ced
9fab
7ea9
2cb7
ffa5
9b8a
4b2d
f971
6f55
26fe
966d
fe2c
dbf9
e4b9
bfa5
9bfa
59bc
37bc
2487
9f66
f55d
a692
5cc9
24cc
b9af
cd56
643c
d521
a4b8
925e
19b7
f7f7
f7ff
a52d
fdfc
f9b3
c977
9505
52df
dfab
7b8b
b564
bfcb
5d92
4fe5
9ff6
4ffc
59aa
955d
b56c
d9fe
b491
a1e6
ff38
21fb
6d9f
eb4f
eddb
fcbe
991f
4cd6
e479
73e5
fb63
1fb6
b2be
c7bb
23cc
7974
c8f2
e879
74fc
99fe
4edc
abc8
b21f
b6cb
6f0f
db76
1763
dd5b
a9c3
f6df
bc3e
95e4
7d2d
e8f2
cba6
56e5
5fe8
c865
5e42
bcbf
adf9
3ffb
7f9a
ce92
fd67
e8cf
fe7f
93fe
b65f
c67f
f5a9
fb67
3ffc
0f75
1d8d
8fff
1d7f
93fd
b3ab
ff87
07bb
8dcf
b28e
8c75
ff59
d473
ec27
3dd8
ba31
8c78
ca31
a10d
6517
9f18
9e31
ddb4
f1ac
1027
9501
1d0a
9315
1b10
5895
10b1
da94
ac11
a3ed
991a
b9ad
9890
14c7
e862
b9b9
e62f
db8b
6fe5
d7d4
82d2
4c8f
afa8
d0ef
e32e
6653
dcca
c498
3cd3
0460
f404
7fb9
31b7
9eb7
d7fa
38c6
3cc4
f2be
bb6f
b7ac
d3f8
67d3
f87f
9c97
190d
c413
5904
6c48
2614
7046
a9ee
08d9
dc49
8672
36f0
4ea5
c17a
9705
c38b
abc2
4dbf
bfbf
beac
92f0
6967
cdfd
2cdb
fbff
d26d
fdfc
cbdb
bfbf
beb9
b8bb
5735
fbcb
2bf6
76d5
db9f
b73f
6f17
6f11
a76d
477f
6aa0
4592
e643
97ee
4ffc
52fe
966f
0de5
ccb2
bcf7
bf72
72bc
d2db
edbc
18fd
c9f2
fe5a
d7fc
b537
ff6c
ca57
cbac
5ffc
7086
47c8
a6ca
62e5
b6cd
a862
d20e
dbe9
b796
df4a
dc1c
fdae
7ff1
9cf7
13b6
ba84
e2b2
8efd
b765
7d94
2751
d4b1
f63e
ca3b
99dc
6ea3
b5bb
9ac7
f07f
63ec
8c63
18c6
9c1f
c28e
c5cf
7463
18c6
2fe0
f76e
751d
b9d1
8c63
1c5d
4746
3c6e
8c63
1e67
6247
c61b
8ce1
b8aa
d612
ac5c
12ac
5c12
adce
0f4e
642e
3542
dd05
81b8
9e12
1a2d
66c8
b052
c55c
906e
3237
4771
5084
4b8c
1621
30d6
305e
325a
04ac
d373
1bcf
1064
f30f
20f2
bc3c
1b5f
cf79
1d10
9e6f
3278
4782
32a5
e48f
ae62
3ad9
e432
2723
1532
2e36
d654
2a6d
7a64
6c1a
b9d9
5928
2858
ab18
3041
8562
b158
21b5
e2de
55a1
72b4
3c56
0d9e
2fad
2558
790e
7ca9
5fe4
e627
97e4
ff8d
4db4
adfb
7227
9032
fdb9
3e6e
723a
15f6
a13c
b2af
f47d
25fc
6fc9
cbfc
d957
bb6e
edbb
b682
a7ed
87ed
8f98
b8dc
3738
1ee2
34d6
e08d
8b84
f851
c11a
aa11
b670
9fd2
46fe
961f
d2c3
fa4d
fd28
3784
37f7
f7f7
f7ff
c4de
0c98
67fe
555f
daab
0bf0
f0de
e2ed
abf9
6925
edbd
b335
e77e
1fb9
3c2f
3061
bac1
cdfe
b695
f24c
dfc9
97ee
4ff7
36a1
a5a0
873f
22fe
c56e
ac38
b824
93f8
fd63
faff
c83f
fc0a
e6da
e2fe
017f
40b8
13a9
67ed
fd0f
d2be
443f
6dd9
b5c5
6138
9dfd
6e1b
7fe0
563d
c3fe
d5f0
276d
73f8
5765
2caf
863c
28ea
151d
1d7b
783f
fa1c
6e7b
b174
6317
475b
a318
c62e
7b9e
e8d1
d8b9
fc23
18f1
bb17
51db
9c56
3dcf
71ed
7d80
c182
8c63
18b9
eec5
cf73
ddb8
9d18
c631
8bdd
bace
3b26
28c6
318d
1d18
e2e8
c631
8c5d
1893
50ad
1baf
0ed7
c9da
e627
6e27
bb98
b8f6
eeea
7b87
1262
46c0
b59a
4e28
410c
56c9
fc82
4060
bd39
c56c
46d6
d74a
b078
ad8f
6995
a542
7836
7d66
8fb4
9a74
67cc
c81e
1fb4
1629
5832
7b07
d6fa
c14c
f230
f2a5
6c48
7311
b182
4075
deac
8082
9260
7fb6
7932
b7ed
83c1
a1ff
20a6
6599
1e42
a421
b591
8ebc
8c82
103d
ac0e
6cab
3e4d
cf97
3ed3
075e
47d7
cfd6
60b2
9ad4
98e6
af92
1829
adac
1023
069f
c60f
db6c
d5f2
b43c
b91a
0ac7
3f5c
c639
d0c8
1020
6860
9db5
e41a
31e6
771b
86e7
5c37
109f
5b81
cfac
1f7b
dc11
9595
c276
ab00
68cb
d469
d4ac
b3f5
2f54
ffea
9ffb
53ff
6a74
f0ea
e264
64ce
d7ce
8bd5
fb9e
a49d
274c
3f73
6f78
4639
905f
3a4c
c93f
5b5e
27bf
bd27
17cf
fb70
939f
fe39
4fff
81fd
0f2e
c0e6
bce6
2732
4e3b
2d15
f039
8870
9887
07cd
fc0a
dc5f
f0fe
8158
5fe0
2b1f
fe07
ffc3
fe1f
f0ec
7873
fb26
78ff
87f8
1fc2
9ff0
b0ac
2ec2
b263
0684
682d
9cc1
a607
382f
e03d
d5d1
d895
dd94
299d
af95
9470
2763
6073
ffa0
fb1f
fc08
ebb2
3476
2edd
c09e
e7d8
f457
131b
854f
9414
3556
02b0
9c4c
0dc4
cf72
35b8
1381
d5fb
a9b0
34c0
d81a
3260
a8fb
cd4d
51c2
d7d8
fece
4e99
c0c1
3a62
0c93
194c
d3cc
4189
26a0
2073
3dd3
d809
cf20
4f04
627e
be47
3600
9d33
282f
440e
0535
d33e
62b0
5931
39f7
0710
2b1e
e79d
2cac
dd5d
b706
2fe4
5ffd
0467
b9ee
9916
c217
064a
1878
a9c5
3877
5074
c4c6
0c16
0ec1
26c1
e191
93d1
2a9c
3b93
7fa2
739c
c15c
e1fa
4640
e276
b73d
8901
62a7
33b1
3498
9c4e
add3
3a8e
2702
c7f9
0773
eee4
5351
d471
6189
b2a3
dd47
3282
76bb
4624
e206
f73f
91ba
8e0a
cf2c
6428
2b79
1b41
48d0
a88c
6ac1
e1ee
1818
4237
9218
bccb
abad
a764
6d61
f7db
8546
c468
6985
a468
d05a
f239
232b
2036
426a
8d15
a981
0604
6a8f
2435
d57c
0b20
6535
6d5a
8c8d
ea6f
acd0
9172
2e72
4392
a164
0c6d
7845
3620
f9b3
fedb
9104
3ade
4f26
4347
ed34
29c8
5b78
7cd6
cc77
fa73
cd6a
1f23
086c
96c9
1f32
0c15
e1a6
6459
8c19
1827
9218
29ab
990f
f905
e864
f341
5cc4
09ba
dcf9
8a7d
c75e
b242
76eb
816e
1b5e
428e
af93
c384
fadd
36d6
304f
c083
e62c
0a80
a6d6
2318
c631
8c62
fcb5
bb99
dc6e
18b8
7e92
8e23
fd25
087e
919e
e1fb
4670
3fda
3034
fe20
4fe2
0ff2
065c
2749
cf0e
f49c
4f87
e926
fea2
4e3f
6984
e279
bbfd
2eef
f21e
427f
275c
e349
cfbc
3bf4
9cae
77e9
3959
3fa5
d64f
e975
937e
bb85
c3c9
d770
f275
dff0
bbfe
1ff0
ecbb
f817
70bb
fe1c
2ee0
3f80
271f
f0ff
85df
c0b9
c40e
c2b0
20e0
fe53
f64c
c9c2
6c27
b395
4ce7
d93b
8a77
7f22
7e47
38be
7bc7
ee57
aa74
eaeb
fdd0
9d17
098a
729d
c77b
5bd4
9327
ee92
6c17
0430
d7fe
e8da
fc13
02fe
d2a2
b5e4
c953
4e56
10e1
4357
07d8
2adb
632b
5bc8
81cd
683e
b3eb
c10c
2367
636e
2c16
0b0e
a456
5821
03c2
0809
1919
4ff7
57e0
a86c
8c8c
877e
0687
84ec
bfba
426e
b998
3043
7b19
3275
4f32
7520
2721
c98c
5868
a935
9e95
ff60
813e
eae6
b0c1
7271
4ee2
e446
95b8
5385
c4ed
6408
1625
82e8
8fc8
31b6
8af5
4327
6b9b
8dc5
516b
2d20
db92
0315
3257
50b4
3d64
d054
060d
6c9a
7641
882e
5475
3846
26ee
3527
d98a
8c5d
499c
f240
e0f7
51d3
3b74
dcc5
b9d7
0e67
62e8
eb21
682b
394e
464e
9f91
1af2
73c9
354e
35ac
2c7b
9eba
a8e2
72e8
b476
2189
2074
da6c
9522
bdaa
64ab
c508
64da
9589
d82c
b52c
aa21
dda9
6069
abbb
5173
b5b9
2a55
25d4
6905
304f
b537
5481
e545
64d6
0c71
c8b8
c820
a89f
04a2
7190
7973
1620
a86d
4236
04d4
2637
9526
ae86
18ca
841e
0b58
7879
0925
12a3
60f2
465d
664d
aca8
7427
9511
586b
077b
252b
060d
e484
0c83
dab8
2964
1e47
050c
2820
b936
2134
23c4
c829
b021
b5f3
7eda
84db
4eb4
612f
15bc
d752
5ad9
e0af
0daa
a0f2
5d4a
7429
b710
8c63
1dc3
986b
7463
18c6
3ad0
c463
423d
ce09
b88d
b5b8
236b
2369
f170
469e
8e08
ddf4
236e
f09d
e279
ae69
c77f
29e6
ef9b
bc77
fa4f
fd8b
a6fe
f4df
ce77
fb9d
70ba
cf27
4fe5
6793
87f3
9c2e
75d6
5ceb
9de5
65dc
2eb3
cbf8
1fbe
7793
bc9d
73bf
7ceb
acb8
7f40
7f00
4f77
64cd
d970
9d9d
7597
4ed3
f09a
7616
09cd
9438
4e7d
86c7
fc0c
11fd
9534
dc30
0c77
59fb
4167
29ee
709d
c270
f9da
7e17
0582
b383
2c15
2739
d152
eb05
8c81
cfb9
ee61
d94e
c9df
3765
cf67
b83a
e9ac
7b6a
d2c7
a4ed
dd61
4f92
e170
672d
82eb
1ee2
1d94
b1ee
d775
9ae6
b345
1447
cea1
cf21
8bb7
162e
c5cf
752c
78b1
e277
1b50
d9c4
8ce7
b4ef
0c43
fc47
0585
5a9b
8b48
2676
5830
f063
4d4a
c830
d4c6
d514
1592
69c4
2a9c
f025
60ec
0e79
a893
b9e1
e536
28f0
4ea3
9830
751c
f730
7508
598b
8102
3793
89f3
39ee
250e
c496
0ec6
c45d
6e26
57f0
78d2
0686
28b0
656c
4e15
43b9
1fa9
5354
9746
a550
ee04
b05d
5a26
a62a
a12a
91aa
fe69
e7d5
a415
aafe
2eae
efde
e90d
2182
c197
554c
a8ba
9592
ad4b
d468
b2c2
aacd
4670
8baa
adda
b476
bf19
99ee
f130
a1d0
582b
ec7d
505d
7aaa
18c1
5846
318e
b751
d1a5
7c73
b478
cdb7
26aa
40c3
d4e8
af2a
9eec
4b48
486b
6936
20a5
5150
dfe2
b0aa
1dca
956a
a99e
756a
632b
d748
33f5
4bc5
6b68
6905
8299
777e
f6a8
7778
b0e3
0ee3
6c9e
4f0c
f682
d782
a6a3
65bf
3f3f
8251
958e
7278
dba1
4c90
5796
353c
811b
d8de
d258
2b19
35ac
0960
749b
1117
8afa
2b50
d509
e4f2
9310
3c89
159f
9490
829e
553d
0aa6
3637
92a3
cb14
595e
70ca
0ba9
5e83
106a
f0f3
4193
2ce4
60d0
6991
3eb3
2582
982b
c1ab
14d3
9645
691a
5522
04ba
8f56
e3e6
6dc4
f3a0
a162
409f
5879
2924
2a26
feea
ff35
a3cc
e9c4
5f74
63ad
9f3e
e0f9
e3ae
773c
dee7
9463
18ee
0cf4
c48c
4631
8c5e
5cc5
cd3f
1ba7
7b82
3778
791b
77cc
e08d
df31
2377
cd71
e1df
35dd
53f2
ba76
ef9b
c9bf
482e
1fde
75ce
1fbe
75ce
fe77
0f2b
2ee1
e4ef
ef7f
82ef
f87f
83f7
dfd0
b9d7
765d
65dc
3cbb
26fe
00c3
b3a9
6c0d
534e
2756
5631
67e9
2a9d
dfa4
654e
f69d
a716
6135
dc1a
7bbf
813d
dd97
5977
0bac
bb83
c59d
f677
b9f7
5935
2ee0
2cbb
f80f
b2e7
5dc1
e2e7
7939
f74c
eb9c
f9fa
b83d
b3a1
94e2
e4b8
5ddf
60ec
a4ee
47b9
e11c
50e0
8e7d
473b
839e
93b4
e1cf
4c05
eada
9b58
751c
f74f
750a
774c
e7a4
2729
9c50
d108
39ed
dc82
c387
7287
b843
b903
dc49
dce7
cc58
1207
1df8
4192
0119
da55
a983
ff8b
042f
e2c1
47ed
7531
7ed6
1532
e084
1d33
8fa9
d471
54c4
f215
31cc
d282
9e78
2c14
43c1
1fe0
ce7a
4179
8b5d
7471
2e13
e250
2c42
f227
8461
783c
2d54
ea83
6762
30ca
4f46
82bb
171d
f8b9
eec0
13dc
5624
f8b0
3479
39e1
60a1
f63d
3571
8658
36a0
4c8a
d311
b54c
09cc
8cac
6e78
be72
a38a
f314
13ab
13a9
58a8
9e48
486c
b036
585e
cacb
0539
d96d
4fdb
21b2
6d43
4837
a192
b021
89e0
fdb3
2674
7962
ca46
aea0
4586
8285
92ea
c012
2eaa
99ff
bd65
8714
18c2
93da
0c8f
751c
f73d
db9c
1cf7
6bb5
18c5
1c4f
7228
ac3b
5b95
b8c9
35cc
f39f
12aa
18a3
2c15
cf45
0706
7934
150d
5e5d
d043
d1e5
e281
0919
03dc
f832
31ed
45fe
6a92
e90d
3c49
7f6b
0a8a
1fa5
82c3
2fd2
c3ba
12fe
2c2f
2fe2
87af
f170
327a
56b7
991c
d6d4
1856
b042
632c
f253
47e9
a952
67f8
d6f3
4f12
3941
5e52
aa0a
cf2f
deaa
3d60
b0d3
5169
056a
a05a
1b0a
1bf4
9295
2b95
56ed
7ac3
3b3d
3893
223c
2aaf
c659
da15
42a4
2aa5
0525
c81c
b463
a908
e0ad
9433
4149
1eda
a48f
07a0
4824
c578
ad1e
2079
c502
ea6a
23d7
52d1
1fe2
9afc
449a
9fcd
20f3
4581
e284
f6e6
2e68
6858
cef0
a35d
7cc3
128c
78e6
dd38
dce9
f8c1
96e1
51eb
2a92
ea03
0878
9367
2799
42a6
0d0f
07a6
7f14
9cef
aa0f
9988
2c0e
660f
486e
706d
c48d
adc1
1b59
234f
ac91
a7c5
c1bb
f123
6efa
387e
d1a7
9bf7
dfa4
9bf5
d3cd
fce9
e6b8
7ebb
bf97
93a7
f4f2
772f
d73a
7e5e
4117
fa01
7f80
8b0e
c3d4
b60b
9a0b
0b03
b3c2
e99a
a875
55a9
9ebe
2ac1
d059
d1a7
f256
569c
5953
075d
6413
f802
03b3
c858
f75c
e7d8
f70f
e879
70b9
d475
dd94
bb85
cf70
7b9f
fc07
d8fe
0f75
3f81
751c
f75d
63ff
a147
3ec7
8777
8e13
bae7
b9ee
13f0
0fec
7cf7
58f6
b058
f735
8f75
2e73
dcf7
3dd8
b9ee
4fde
a906
d5a2
ba89
d4eb
a977
33b5
b9ee
e375
d8b9
fe5b
9d77
f41e
9dd4
b161
dd8b
961a
4317
2c34
858f
382e
a75c
1c8b
a9fe
4f65
d41d
73ae
9d1b
487e
97c7
f8ab
0fe2
c2ad
21a7
892f
ed60
a6b0
fd2a
b2b7
ef4a
4c8a
982c
0c2e
a3a2
6106
2a06
582c
d7ab
78ab
69e3
a416
1fb5
82fe
d61a
2882
f741
4855
fa5f
1c38
bb8c
1234
986e
54ad
e6ad
ab8a
0dab
3c30
d5a1
6557
ed6a
82a1
7313
13d9
014c
f24c
204c
161d
ca99
fc59
74aa
0902
cf05
6e28
2b8b
03d4
84c4
e04b
793c
250e
67b9
1f93
6284
160c
f283
2fee
b88f
a2b2
9547
c4d4
7079
3ca9
9eba
65a9
592a
d5a2
9c34
f1d2
0ba4
0e50
5486
9065
6279
676c
72a8
1bc9
909e
b05b
f1fd
aa82
7c3f
4b05
82c3
f6b0
eefd
ee9a
aaf1
92b2
32c3
4821
8d64
d33c
9e7d
48f0
9a83
1192
1a2e
4f85
4850
67b7
8b2c
0901
aea6
e450
d158
75b9
ee79
3107
3cbf
90e2
180a
f173
dab1
4254
7902
7b95
f5c9
4e81
e348
0350
50fe
29ea
fe29
4961
a6a5
955e
3a43
4565
d5a4
1597
bb3b
d61d
cc4f
25d1
50eb
869f
bd56
d3c5
6124
e2da
1591
6140
6f27
9504
2aa1
4d02
7d6f
31fb
67ca
aadb
3e09
0954
1e47
0407
ac3e
ba1b
c981
22c0
9959
60a1
094d
7b8f
39b1
921d
4864
d7e7
3545
7e12
4e7c
fa97
282f
5415
a0a7
5ea2
8193
da0c
fd0e
6bc8
6732
5427
c159
60c8
f642
682a
1292
b674
aa07
261a
b3ea
2582
c175
4dc5
a94b
126a
163a
a8c5
8a9d
1270
e437
827a
bd1a
8a43
7407
183e
60f7
049e
81ee
783a
4fac
a723
e69e
318f
1bb7
1b71
9af3
2b0d
d24d
c506
78c5
601e
a11e
500f
104a
2463
18c6
3cce
e62a
11b7
e928
47fb
47b8
27ed
1e47
fb40
e34f
d24c
48df
a4e5
3b7e
9269
f0ef
1fa4
9ae0
d54d
e53e
79a7
6a99
44eb
0d19
1436
a59f
00b0
5c27
13ab
4e27
174f
80f2
176a
aa7e
19e7
e175
43f8
0d3b
aeec
165d
60ba
cb9c
f61d
8f74
f77f
03c8
5d65
c1cf
73ee
e563
dcf0
e9ec
7dd3
f90b
acbb
b27e
173a
e13f
93e7
78b8
70b9
c3b1
fc31
73ee
76bb
9f76
e73d
cf74
773b
9acc
5d4b
23ad
cf75
2c7b
b174
f73e
ca3a
e73e
ea59
709d
daee
9eec
5cf7
5d4b
b9ac
a760
d7c0
62e7
bae7
62e7
ba7e
6773
59c6
e0ed
ce9c
4e41
ee2b
2e0e
7b85
dc37
59c6
e8ee
13ba
8ea2
f7d8
2c60
e272
b561
ec1a
7710
eca3
8dee
c5cf
470d
61b7
3bbf
8f87
1b98
97c7
484e
8d0f
dab2
f543
baa8
29a6
ace8
c6e2
c170
c5d3
3a77
3d35
ba87
fe58
7e96
1fa5
5ee8
550a
9a0c
12a8
3cf0
aa0a
4f56
a9af
7ded
79a8
7b20
c161
a23c
4e50
ee65
1482
b268
acf5
ade9
0671
8391
ed9b
8810
9e67
82c9
85a8
608c
13a5
a949
e53b
2b19
0b09
8151
d448
193c
9cf2
05a3
3c9c
f70d
15e8
7782
71de
7368
c8e3
5bd4
292c
159e
d065
d16b
08e4
639c
a9b4
1922
b213
2160
14d1
8182
5b58
e0ba
2ed5
65d1
3251
5a35
62b6
232c
41bd
6da1
07da
1e73
9502
3ef6
0f06
0c31
ae87
6616
a907
b035
d11c
46f3
6567
da93
1192
a624
d0d0
9cf3
45d4
8f06
52d1
1e41
600d
9f25
81bd
1d0e
e864
a1ff
a5cf
4d14
9f05
a40a
9042
7a50
e0c2
84f2
542a
64cb
fa55
7c08
ff4b
0252
5824
ad12
d5dd
0234
854d
59cb
44a1
05d1
5e8e
be0a
41cf
7291
91e9
0d15
ee7a
7740
dc46
b064
27d6
a1f5
e306
2041
e495
82a7
2267
860c
0dbf
4b06
345d
3f7b
540d
4754
34e4
f92c
1419
3caa
4560
782b
6a54
5682
78f1
269a
9589
17b9
6484
ada4
33c9
597f
7b51
a2c3
4563
254d
20b5
856f
154b
5919
60c8
a4f5
f145
624a
b55e
4b5e
aac2
bcef
ade8
c695
211b
0ada
f2a1
3ceb
a034
7854
7827
93e0
cf34
7c8c
aa63
0b00
f678
7415
1e74
72c1
1e74
71c1
0ad2
6d4c
6a46
d18c
5d19
e33a
6e21
3847
8469
9af1
8e11
a078
a0dc
4fc3
8c97
8f07
9730
aabd
6000
0903
0000
0003
0678
019e
0062
0018
0800
1400
7d1c
2011
4c20
117e
2808
0124
0210
0028
0fbd
c501
0027
df57
8a02
0049
86fb
bc90
1002
0060
2100
0308
e010
0030
08f0
00a9
0504
0a80
8734
0400
8018
0644
4738
0064
7880
6006
5714
0400
930d
de28
1801
9bc5
0100
2501
4380
1270
fe28
0801
3a02
7c40
3003
3c0e
2808
013d
c803
0030
0c89
e0f1
4040
09f4
6003
b3c2
e280
8013
fc40
303b
3501
38a0
2004
ef00
9689
e271
4040
09f3
c5e2
8080
13c7
8dc5
0100
274f
1f8a
0200
4e9e
3f14
0400
9c3c
8e28
0801
3879
1c50
1002
6cf2
78a0
2801
3e00
cf80
3160
0c0c
01fc
0006
8171
00ff
000f
c180
3f63
f843
f83f
8000
03f2
3f85
0fc5
0000
0300
0000
0000
0150
1001
a011
010e
095e
8820
96e0
d1ec
c228
34b8
2638
25ba
20c1
5202
fe00
0201
0000
0000
0382
5782
4782
4602
0383
5383
7004
3855
7825
7f80
0300
0000
0000
0100
1103
0948
0638
2478
5539
20d4
e0d7
c254
e095
e091
e095
e0d1
8257
c253
e481
5783
5783
4b92
051c
252e
4814
b824
7824
7094
3094
312e
090f
e000
0000
0000
0000
0000
0000
0000
0000
0000
0000
0000
0000
0000
0000
0000
0000
0000
0000
0000
0000
0000
0000
0aaa
000a
addd
00ad
dddd
0aed
dddd
aeed
dddd
aeee
dddd
0000
0000
0000
0000
0000
0000
0000
0000
0000
0000
0000
0000
0000
0000
0000
0000
0000
0000
0000
0000
aaaa
aaaa
cccc
ccbb
dccc
cccb
dccc
cccb
ddcc
cccc
ddcc
cccc
0000
0000
0000
0000
0000
0000
0000
0000
0000
0000
0000
0000
0000
0000
0000
0000
0000
0000
0000
0000
aaaa
aaaa
bbbb
bbbb
bbbb
bbbb
bbbb
bbbb
bbbb
bbbb
bbbb
bbbb
0000
0000
0000
0000
0000
0000
0000
0000
0000
0000
0000
0000
0000
0000
0000
0000
0000
0000
0000
0000
aaaa
aaaa
bbbb
bbbb
bbbb
bbbb
bbbb
bbbb
bbbb
bbbb
bbbb
bbbb
0000
0000
0000
0000
0000
0000
0000
0000
0000
0000
0000
0000
0000
0000
0000
0000
0000
0000
0000
0000
aa00
000a
ba00
0aad
ba00
addd
ba0a
eddd
baae
eedd
baae
eedd
0000
0000
0000
0000
0000
0000
0000
0000
0000
0000
0000
0000
0000
0000
0000
0000
0000
0000
0000
0000
aaaa
aaaa
dddc
cccc
dddc
cccc
dddd
cccc
dddd
cccc
dddd
dccc
0000
0000
0000
0000
0000
0000
0000
0000
0000
0000
0000
0000
0000
0000
0000
0000
0000
0000
0000
0000
aaaa
aaaa
cbbb
bbbb
cbbb
bbbb
ccbb
bbbb
ccbb
bbbb
cccb
bbbb
0000
0000
0000
0000
0000
0000
0000
0000
0000
0000
0000
0000
0000
0000
0000
0000
0000
0000
0000
0000
aaaa
aaaa
bbbb
bbbb
bbbb
bbbb
bbbb
bbbb
bbbb
bbbb
bbbb
bbbb
0000
0000
0000
0000
0000
0000
0000
0000
0000
0000
0000
0000
0000
0000
0000
0000
0000
0000
0000
0000
aaaa
a000
bbbb
a000
bbbb
a000
bbbb
a00a
bbbb
a0ae
bbbb
aaee
0000
0000
0000
0000
0000
0000
0000
0000
0000
0000
0000
0000
0000
0000
0000
0000
0000
0000
0000
0000
000a
aaaa
0aad
ddcc
addd
ddcc
dddd
dddc
eddd
dddc
eddd
dddd
0000
0000
0000
0000
0000
0000
0000
0000
0000
0000
0000
0000
0000
0000
0000
0000
0000
0000
0000
0000
aaaa
aaaa
cccc
bbbb
cccc
bbbb
cccc
cbbb
cccc
cbbb
cccc
ccbb
0000
0000
0000
0000
0000
0000
0000
0000
0000
0000
0000
0000
0000
0000
0000
0000
0000
0000
0000
0000
aaaa
aaaa
bbbb
bbbb
bbbb
bbbb
bbbb
bbbb
bbbb
bbbb
bbbb
bbbb
0000
0000
0000
0000
0000
0000
0000
0000
0000
0000
0000
0000
0000
0000
0000
0000
0000
0000
0000
0000
aaaa
aaaa
bbbb
bbbb
bbbb
bbbb
bbbb
bbbb
bbbb
bbbb
bbbb
bbbb
0000
0000
0000
0000
0000
0000
0000
0000
0000
0000
0000
0000
0000
0000
0000
0000
0000
0000
0000
0000
a000
0000
a000
0000
a000
0000
a000
0000
a000
0000
a000
0000
0000
0000
0000
0000
0000
0000
0000
0000
0000
0000
0000
0000
0000
0000
0000
0000
0000
0000
0000
0000
0000
0000
0000
00aa
0000
0acb
0000
accc
000a
cccc
000a
cccc
0000
0000
0000
0000
0000
0000
0000
0000
0000
0000
0000
0000
0000
0000
0000
0000
0000
0000
0000
0000
aaaa
aaaa
bbbb
bbbb
bbbb
bbbb
bbbb
bbbb
bbbb
bbbb
cbbb
bbbb
0000
0000
0000
0000
0000
0000
0000
0000
0000
0000
0000
0000
0000
0000
0000
0000
0000
0000
0000
0000
a000
0aaa
baa0
000a
bbba
000a
bbbb
a00a
bbbb
ba0a
bbbb
ba0a
0000
0000
0000
0000
0000
0000
0000
0000
0000
0000
0000
0000
0000
0000
0000
0000
0000
0000
0000
0000
aa0a
a000
000a
0a0a
000a
0a0a
000a
00a0
000a
0000
000a
0000
0000
0000
0000
0000
0000
0000
0000
0000
0000
0000
0000
0000
0000
0000
0000
0000
0000
0000
0000
0000
aa00
0000
0a00
0000
0a00
0000
0a00
0000
0a00
0000
0a00
0000
0000
0000
0000
0000
0000
0000
0000
0000
0000
0000
0000
0000
0000
0000
0000
0000
0000
0000
0000
0000
0000
0000
0000
0000
0000
0000
0000
0000
0000
0000
0000
0000
0000
0000
0000
0000
0000
0000
0000
0000
0000
0000
0000
0000
0000
0000
0000
0000
0000
0000
0000
0000
0000
0000
0000
0000
0000
0000
0000
0000
0000
0000
0000
0000
0000
0000
0000
000a
0000
000a
0000
000a
0000
000a
0000
000a
0000
000a
0000
000a
0000
000a
0000
000a
0000
000a
0000
000a
0000
000a
0000
000a
0000
000a
0000
0000
aeee
dddd
eeee
eddd
eeee
eddd
eeee
eedd
eeee
eeda
eeee
eeea
eeee
eeea
feee
eeea
feee
eeea
ffee
eeea
ffee
eeea
fffe
eeea
fffe
eeea
ffff
eeea
ffff
eeee
afff
feee
dddc
cccc
ddaa
aaaa
dadd
cccc
addd
cccc
dddd
dccc
dddd
dccc
dddd
ddcc
dddd
ddcc
dddd
ddda
eddd
dddc
eddd
dddd
eedd
dddd
eedd
dddd
eeed
dddd
aaed
dddd
eeaa
aaaa
cbbb
bbbb
aaaa
aaaa
ccbb
bbbb
ccbb
bbbb
cccb
bbbb
cccb
bbbb
cccc
bbbb
cccc
bbbb
aaaa
aaaa
cccc
cbbb
cccc
ccbb
cccc
ccbb
dccc
cccb
dccc
cccb
ddcc
cccc
aaaa
aacc
bbbb
bbbb
aaaa
aaaa
bbbb
bbbb
bbbb
bbbb
bbbb
bbbb
bbbb
bbbb
bbbb
bbbb
bbbb
bbbb
aaaa
aaaa
aa00
0000
bbaa
0000
bbbb
a000
bbbb
ba00
bbbb
bba0
bbbb
bbba
bbbb
bbbb
baee
eeed
aaee
eeed
baee
eeee
baee
eeee
baee
eeee
baee
eeee
bafe
eeee
bafe
eeee
aaff
eeee
0aff
eeee
0aff
feee
0aff
feee
0aff
ffee
0aff
ffee
0aff
fffe
aaff
fffe
dddd
dccc
dddd
daaa
dddd
adcc
ddda
dddc
edad
dddc
edad
dddd
eead
dddd
eead
dddd
eead
dddd
eead
dddd
eeae
dddd
eeae
dddd
eeae
eddd
eeae
eddd
eeae
eedd
eeaa
aaaa
cccb
bbbb
aaaa
aaaa
cccc
bbbb
cccc
cbbb
cccc
cbbb
cccc
ccbb
cccc
ccbb
dccc
cccb
aaaa
aaaa
ddcc
cccc
ddcc
cccc
dddc
cccc
dddc
cccc
dddd
cccc
dddd
cccc
aaaa
aaaa
bbbb
bbbb
aaaa
aaaa
bbbb
bbbb
bbbb
bbbb
bbbb
bbbb
bbbb
bbbb
bbbb
bbbb
bbbb
bbbb
aaaa
aaaa
bbbb
bbbb
bbbb
bbbb
cbbb
bbbb
cbbb
bbbb
ccbb
bbbb
ccbb
bbbb
aaaa
aaaa
bbbb
aaee
aaaa
aeee
bbbb
aeee
bbbb
aeee
bbbb
aeee
bbbb
aeee
bbbb
afee
bbbb
afee
aaaa
affe
a000
affe
a000
afff
a000
afff
a000
afff
a000
afff
a000
afff
a000
afff
eedd
dddd
eedd
ddda
eeed
ddad
eeed
dadd
eeee
addd
eeee
addd
eeee
addd
eeee
addd
eeee
aedd
eeee
aedd
eeee
aeed
eeee
aeed
feee
aeee
feee
aeee
ffee
aeee
ffee
aeee
cccc
ccbb
aaaa
aaaa
dccc
cccb
ddcc
cccc
ddcc
cccc
dddc
cccc
dddc
cccc
dddd
cccc
dddd
caaa
dddd
accc
dddd
accc
dddd
adcc
dddd
adcc
dddd
addc
eddd
addc
eddd
aaaa
bbbb
bbbb
aaaa
aaaa
bbbb
bbbb
bbbb
bbbb
bbbb
bbbb
cbbb
bbbb
cbbb
bbbb
ccbb
bbbb
aaaa
aaaa
cccb
bbbb
cccb
bbbb
cccc
bbbb
cccc
bbbb
cccc
cbbb
cccc
cbbb
aaaa
aaaa
bbbb
bbbb
aaaa
aaaa
bbbb
bbbb
bbbb
bbbb
bbbb
bbbb
bbbb
bbbb
bbbb
bbbb
bbbb
bbbb
aaaa
aaaa
bbbb
bbbb
bbbb
bbbb
bbbb
bbbb
bbbb
bbbb
bbbb
bbbb
bbbb
bbbb
bbbb
bbbb
a000
0000
a000
0000
a000
0000
a000
0000
a000
0000
a000
0000
a000
0000
a000
000a
a000
000a
a000
00ae
a000
00ae
a000
00ae
a000
0aee
a000
0aee
a000
0aee
a000
aeee
00ac
cccc
00ad
cccc
0add
cccc
0add
dccc
addd
dccc
addd
ddcc
addd
ddcc
dddd
dddc
eddd
dddc
eddd
dddd
eedd
dddd
eedd
dddd
eeed
dddd
eeed
ddda
eeee
ddda
eeee
ddda
cbbb
bbbb
ccbb
bbbb
ccbb
aabb
ccca
bbab
ccca
bbab
ccac
bbba
ccac
bbba
cacc
cbbb
cacc
cbbb
cacc
ccbb
accc
ccbb
accc
cccb
accc
cccb
ddcc
cccc
ddcc
cccc
dddc
cccc
bbbb
bba0
bbbb
bba0
bbbb
bbba
bbbb
bbba
bbbb
bbbb
bbbb
bbbb
bbbb
bbbb
abbb
bbbb
abbb
bbbb
abbb
bbbb
babb
bbbb
babb
bbbb
babb
bbbb
bbab
bbbb
bbab
bbbb
cbab
bbbb
0000
0000
0000
0000
0000
0000
0000
0000
a000
0000
a000
0000
a000
0000
ba00
0000
ba00
0000
bba0
0000
bba0
0000
bba0
0000
bbba
0000
bbba
0000
bbba
0000
bbbb
a000
0000
0000
0000
0000
0000
0000
0000
0000
0000
0000
0000
0000
0000
0000
0000
0000
0000
0000
0000
0000
0000
0000
0000
0000
0000
0000
0000
0000
0000
0000
0000
0000
0000
0000
0000
0000
0000
0000
0000
0000
0000
0000
0000
0000
0000
00aa
0000
00af
0000
00af
0000
00af
0000
00af
0000
00af
0000
00af
0000
00aa
0000
00af
0000
00af
afff
feee
0aff
ffee
0aff
ffee
00af
fffe
000a
fffe
0000
aaaf
aaaa
aaaa
ffff
ffff
ffff
ffff
ffff
ffff
ffff
ffff
ffff
ffff
ffff
ffff
aaaa
aaaa
ffff
ffff
ffff
ffff
eeee
dddd
eeee
eddd
eeee
eddd
eeee
eedd
eeee
eedd
eeee
eeed
aaaa
aaaa
feee
eeee
feee
eeee
ffee
eeee
ffee
eeee
fffe
eeee
fffe
eeee
aaaa
aaaa
ffff
eeee
ffff
feee
dddc
ccac
dddc
ccca
dddd
cccc
dddd
cccc
dddd
dccc
dddd
dccc
addd
ddcc
dddd
ddcc
dddd
dddc
eddd
dddc
eddd
dddd
eedd
dddd
eedd
ddda
aaaa
aaad
eeed
dddd
eeee
dddd
cbbb
bbbb
cbbb
bbbb
acbb
bbbb
acbb
bbbb
accb
bbbb
accb
bbbb
accc
bbbb
accc
bbbb
accc
cbbb
accc
cbbb
accc
ccbb
accc
ccbb
dccc
cccb
dccc
cccb
ddcc
cccc
ddcc
cccc
aaff
ffff
baff
ffff
baff
ffff
baff
ffff
baff
ffff
baff
ffff
baff
ffff
baff
ffff
baff
ffff
baff
ffff
baff
ffff
baff
ffff
baff
ffff
baff
ffff
baff
ffff
a0af
ffff
eeae
eeed
eeae
eeed
feae
eeee
feae
eeee
ffae
eeee
ffae
eeee
ffae
eeee
ffae
eeee
ffaf
eeee
ffaf
eeee
ffaf
feee
fffa
feee
ffff
afee
ffff
faaa
ffff
fffe
ffff
fffe
dddd
dccc
dddd
ddcc
dddd
ddcc
dddd
dddc
eddd
dddc
eddd
dddd
aaaa
aaaa
eedd
dddd
eeed
dddd
eeed
dddd
eeee
dddd
eeee
dddd
eeee
eddd
aaaa
aaaa
eeee
eedd
eeee
eedd
cccb
bbbb
cccc
bbbb
cccc
bbbb
cccc
cbbb
cccc
cbbb
cccc
ccbb
aaaa
aaaa
dccc
cccb
dccc
cccb
ddcc
cccc
ddcc
cccc
dddc
cccc
dddc
cccc
aaaa
aaaa
dddd
cccc
dddd
dccc
a000
afff
a000
afff
a000
afff
a000
afff
a000
afff
a000
afff
aaaa
afff
bbbb
afff
bbbb
afff
bbbb
afff
bbbb
afff
cbbb
afff
cbbb
afff
aaaa
afff
ccbb
afff
cccb
aaff
fffe
aeee
fffe
aeee
ffff
aeee
ffff
aeee
ffff
aeee
ffff
aeee
ffff
afee
ffff
afee
ffff
affe
ffff
affe
ffff
afff
ffff
faff
ffff
ffaf
ffff
fffa
ffff
ffff
ffff
ffff
eedd
addd
eedd
addd
eeed
addd
eeed
addd
eeee
addd
eeee
addd
eeee
aaaa
eeee
eddd
eeee
eedd
eeee
eedd
eeee
eeed
eeee
eeed
feee
eeee
aaaa
aaaa
ffee
eeee
ffee
eeee
cccc
ccba
dccc
ccca
dccc
ccca
ddcc
ccca
ddcc
ccca
dddc
ccca
dddc
ccca
dddd
ccca
dddd
ccca
dddd
dcca
dddd
dcca
dddd
ddca
dddd
ddca
aaaa
aaaa
eddd
dddc
eddd
dddd
bbbb
bbbb
bbbb
bbbb
bbbb
bbbb
bbbb
bbbb
bbbb
bbbb
cbbb
bbbb
cbbb
bbbb
ccbb
bbbb
ccbb
bbbb
cccb
bbbb
cccb
bbbb
cccc
bbbb
cccc
bbbb
cccc
cbbb
cccc
cbbb
cccc
ccbb
a000
afee
a000
afee
a00a
fffe
a00a
fffe
a0af
ffff
a0af
ffff
a0af
ffff
aaff
ffff
aaff
ffff
aaff
ffff
afff
ffff
afff
ffff
afff
ffff
afff
ffff
afff
ffff
afff
ffff
eeee
edad
eeee
edad
eeee
eead
eeee
eadd
eeee
eaed
eeee
eaed
feee
aeee
feee
aeee
ffee
aeee
ffee
aeee
fffa
eeee
fffa
eeee
fffa
eeee
ffaf
eeee
ffaf
feee
ffaf
feee
dddc
cccc
dddd
cccc
dddd
cccc
dddd
dacc
dddd
aaac
dddd
aaac
dddd
aaac
dddd
dddc
eddd
dddc
eddd
dddd
eedd
dddd
eedd
dddd
eeed
dddd
eeaa
aaaa
eeae
dddd
eeae
dddd
cbba
bbbb
ccba
bbbb
ccba
bbbb
cccb
abbb
cccb
abbb
cccc
abbb
cccc
babb
cccc
cabb
cccc
cabb
cccc
cabb
cccc
ccab
dccc
ccab
dccc
ccab
aaaa
aaac
ddcc
cccc
dddc
cccc
bbbb
a000
bbbb
a000
bbbb
ba00
bbbb
ba00
bbbb
bba0
bbbb
bba0
bbbb
bba0
bbbb
bbba
bbbb
bbba
bbbb
bbba
bbbb
bbbb
bbbb
bbbb
bbbb
bbbb
bbbb
bbbb
bbbb
bbbb
cbbb
bbbb
0000
0000
0000
0000
0000
0000
0000
0000
0000
0000
0000
0000
0000
0000
0000
0000
0000
0000
0000
0000
a000
0000
a000
0000
a000
0000
a000
0000
ba00
0000
ba00
0000
0000
0000
0000
0000
0000
0000
0000
0000
0000
0000
0000
0000
0000
0000
0000
0000
0000
0000
0000
0000
0000
0000
0000
0000
0000
0000
0000
0000
0000
0000
0000
0000
0000
0000
0000
0000
0000
0000
0000
0000
0000
0000
0000
0000
0000
0000
0000
0000
0000
0000
0000
0000
0000
0000
0000
0000
0000
0000
0000
0000
0000
0000
0000
0000
0000
00af
0000
00af
0000
00af
0000
00af
0000
00aa
0000
0000
0000
0000
0000
0000
0000
0000
0000
0000
0000
0000
0000
0000
0000
0000
0000
0000
0000
0000
0000
0000
ffff
ffff
ffff
ffff
ffff
ffff
ffff
ffff
aaaa
aaaa
0000
0000
0000
0000
0000
0000
0000
0000
0000
0000
0000
0000
0000
0000
0000
0000
0000
0000
0000
0000
0000
0000
ffff
feee
ffff
ffee
ffff
ffee
ffff
fffe
aaaa
aaaa
0000
0000
0000
0000
0000
0000
0000
0000
0000
0000
0000
0000
0000
0000
0000
0000
0000
0000
0000
0000
0000
0000
eeee
dddd
eeee
eddd
eeee
eddd
eeee
eedd
aaaa
aaaa
0000
0000
0000
0000
0000
0000
0000
0000
0000
0000
0000
0000
0000
0000
0000
0000
0000
0000
0000
0000
0000
0000
dddc
ccca
dddc
cca0
dddd
ca00
ddda
a000
aaa0
0000
0000
0000
0000
0000
0000
0000
0000
0000
0000
0000
0000
0000
0000
0000
0000
0000
0000
0000
0000
0000
0000
0000
00af
ffff
000a
ffff
0000
afff
0000
0aaf
0000
000a
0000
0000
0000
0000
0000
0000
0000
0000
0000
0000
0000
0000
0000
0000
0000
0000
0000
0000
0000
0000
0000
0000
ffff
ffff
ffff
ffff
ffff
ffff
ffff
ffff
aaaa
aaaa
0000
0000
0000
0000
0000
0000
0000
0000
0000
0000
0000
0000
0000
0000
0000
0000
0000
0000
0000
0000
0000
0000
eeee
eeed
eeee
eeed
feee
eeee
feee
eeee
aaaa
aaaa
0000
0000
0000
0000
0000
0000
0000
0000
0000
0000
0000
0000
0000
0000
0000
0000
0000
0000
0000
0000
0000
0000
dddd
dccc
dddd
ddcc
dddd
ddcc
dddd
dddc
aaaa
aaaa
0000
0000
0000
0000
0000
0000
0000
0000
0000
0000
0000
0000
0000
0000
0000
0000
0000
0000
0000
0000
0000
0000
cccb
aaff
cccc
a0af
cccc
a00a
cccc
a000
aaaa
a000
0000
0000
0000
0000
0000
0000
0000
0000
0000
0000
0000
0000
0000
0000
0000
0000
0000
0000
0000
0000
0000
0000
ffff
ffff
ffff
ffff
ffff
ffff
aaff
ffff
00aa
aaaa
0000
0000
0000
0000
0000
0000
0000
0000
0000
0000
0000
0000
0000
0000
0000
0000
0000
0000
0000
0000
0000
0000
fffe
eeee
fffe
eeee
ffff
eeee
ffff
eeee
aaaa
aaaa
0000
0000
0000
0000
0000
0000
0000
0000
0000
0000
0000
0000
0000
0000
0000
0000
0000
0000
0000
0000
0000
0000
eedd
dddd
eedd
dddd
eeed
dddd
eeed
dddd
aaaa
aaaa
0000
0000
0000
0000
0000
0000
0000
0000
0000
0000
0000
0000
0000
0000
0000
0000
0000
0000
0000
0000
0000
0000
cccc
ccbb
dccc
cccb
dccc
cccb
ddcc
cccc
aaaa
aaaa
0000
0000
0000
0000
0000
0000
0000
0000
0000
0000
0000
0000
0000
0000
0000
0000
0000
0000
0000
0000
0000
0000
afff
ffff
afff
ffff
afff
ffff
afff
ffff
aaaa
aaaa
0000
0000
0000
0000
0000
0000
0000
0000
0000
0000
0000
0000
0000
0000
0000
0000
0000
0000
0000
0000
0000
0000
faff
ffee
faff
ffee
faff
fffe
faff
fffe
aaaa
aaaa
0000
0000
0000
0000
0000
0000
0000
0000
0000
0000
0000
0000
0000
0000
0000
0000
0000
0000
0000
0000
0000
0000
eeae
eddd
eeae
eddd
eeae
eedd
eeae
eedd
aaaa
aaaa
0000
0000
0000
0000
0000
0000
0000
0000
0000
0000
0000
0000
0000
0000
0000
0000
0000
0000
0000
0000
0000
0000
dddc
cccc
dddd
cccc
dddd
cccc
dddd
dccc
aaaa
aaaa
0000
0000
0000
0000
0000
0000
0000
0000
0000
0000
0000
0000
0000
0000
0000
0000
0000
0000
0000
0000
0000
0000
cbbb
bbbb
ccbb
bbbb
ccbb
bbbb
cccb
bbbb
aaaa
aaaa
0000
0000
0000
0000
0000
0000
0000
0000
0000
0000
0000
0000
0000
0000
0000
0000
0000
0000
0000
0000
0000
0000
ba00
0000
bba0
0000
bba0
0000
bba0
0000
aaa0
0000
0000
0000
0000
0000
0000
0000
0000
0000
0000
0000
0000
0000
0000
0000
0000
0000
0000
0000
0000
0000
0000
0000
0000
0000
0000
0000
0000
0000
0000
0000
0000
0000
0000
0000
0000
0000
0000
0000
0000
0000
0000
0000
0000
0000
0000
0000
0000
0000
0000
0000
0000
0000
0000
0000
0000
0001
0002
0003
0004
0005
0006
0007
0008
0009
000a
000b
000c
000d
000e
000f
0010
0011
0012
0013
0014
0000
0015
0016
0017
0018
0019
001a
001b
001c
001d
001e
001f
0020
0021
0022
0023
0024
0025
0026
0027
0028
0029
002a
0000
0000
0000
0000
0000
0000
0000
0000
0000
0000
0000
0000
0000
0000
0000
0000
0000
0000
0000
0000
0000
0000
0000
0000
0000
0000
0000
0000
0000
0000
0000
0000
0000
0000
0000
0000
0000
0000
0000
0000
0000
0000
0000
0000
0000
0000
0000
0000
0000
0000
0000
0000
0000
0000
0000
0000
aaaa
aaaa
aeee
eeee
aebb
bbbb
aebb
bbbb
0000
0000
0000
0000
0000
0000
0000
0000
0000
0000
0000
0000
0000
0000
0000
0000
0000
0000
0000
0000
0000
0000
0000
0000
aaaa
aaaa
eeee
eeee
bbbb
bbbb
bbbb
bbbb
0000
0000
0000
0000
0000
0000
0000
0000
0000
0000
0000
0000
0000
0000
0000
0000
0000
0000
0000
0000
0000
0000
0000
0000
aaaa
aaaa
eeee
eeee
bbbb
bbbb
bbbb
bbbb
0000
0000
0000
0000
0000
0000
0000
0000
0000
0000
0000
0000
0000
0000
0000
0000
0000
0000
0000
0000
0000
0000
0000
0000
0000
0000
0000
0000
0000
0000
0000
0000
aebb
bbbb
aebb
bbbb
aebb
bbbb
aebb
bbbb
aebb
bbbb
aebb
bbbb
aebb
bbb1
aebb
bbb1
aebb
bbb1
aebb
bbb1
aebb
bbb1
aebb
bbb1
aebb
bbbb
aebb
bbbb
aebb
bbbb
aebb
bbbb
bbbb
bbb1
bbbb
1111
bb11
1111
b111
1121
1111
1112
1111
2129
1111
1999
1121
9999
1112
9999
2121
999b
1212
199b
2122
2229
1212
2222
2222
2222
b222
2222
bbb2
2222
1112
1222
2121
2122
1212
2222
2121
2222
1222
2222
9999
9999
9999
9999
99bb
bbbb
bbbb
bbbb
bbbb
bbbb
bbbb
bbbb
bbbb
bbbb
2232
3232
2223
2333
3232
3233
2323
3333
222b
bbbb
2223
23bb
2222
3232
2323
2323
2232
3233
9999
2323
9999
9933
bbbb
bbb3
bbbb
bbb3
bbbb
bbbb
bbbb
bbbb
bbbb
bbbb
333b
bbbb
3333
3333
3333
3434
3333
3343
bbbb
bbbb
bbbb
bbbb
3bbb
bbbb
2333
3bbb
3333
9999
3339
9999
3399
999b
3999
99bb
b999
9bbb
bb99
bbbb
bb9b
bbbb
bbbb
bbbb
bbbb
bbbb
bbbb
bbbb
349b
bbbb
4349
9bbb
bbbb
bbbb
3343
4343
b334
3444
bb43
4344
bb34
4444
bb43
4444
bb44
4444
bb44
4444
bb44
4445
bb44
4444
bb44
4545
bb44
4454
bb45
4545
bb44
5454
bb45
4545
bb54
5455
bbbb
bbbb
4444
4545
4444
4454
4445
4545
4444
5454
4545
4545
9999
9999
9999
9999
999b
bbbb
999b
bbbb
999b
bbbb
999b
bbbb
999b
bbbb
999b
bbbb
5555
5556
5555
5555
bbbb
bbbb
4545
5555
5455
5555
4545
5556
5555
5555
4555
5656
9999
9999
9999
9999
bbbb
bbbb
bbbb
bbbb
bbbb
bbbb
bbbb
bbbb
bbbb
bb6b
bbbb
b66b
5656
566b
6566
6669
bbbb
65bb
5656
56b9
5565
6699
5656
5699
6566
6699
5656
6699
9999
6699
9999
9699
bbbb
bbb9
bbbb
bbbb
bbbb
bbbb
bbbb
bbbb
bbbb
bbbb
b9bb
bbbb
99bb
bbbb
99bb
bbbb
bbbb
bbbb
9bbb
bbbb
9bbb
bbbb
9bbb
bbbb
9bbb
bbb7
9bbb
bb77
9bbb
b777
9bbb
7777
9bbb
7777
9bb7
7777
bbb7
7777
bbb7
7777
bb77
7787
bb77
7778
bb77
8787
bb77
7878
bbbb
bbbb
bbbb
b777
bb77
7777
7777
7777
7777
7787
7777
7779
7777
8999
7779
9999
7799
9999
7999
99bb
8999
9bbb
9999
bbbb
9999
bbbb
999b
bbbb
999b
bbbb
999b
bbbb
7787
8787
7778
7888
8787
8788
7878
8888
8787
8888
9999
9999
9999
9999
99bb
bbbb
bbbb
bbbb
bbbb
bbbb
bbbb
bbbb
bbbb
b8bb
bbbb
b88b
bbbb
b818
bbbb
b881
bbbb
b811
8888
bbbb
8888
8181
8888
8818
8881
8181
8888
1818
9999
9181
9999
9999
bbbb
bbbb
bbbb
bbbb
bbbb
bbbb
bbbb
bbbb
bbbb
bbbb
9bbb
bbbb
1111
1111
8111
1111
1111
1111
bbbb
bbbb
8bbb
bb1b
1818
111b
8111
1199
1811
1999
1111
9999
1119
9999
9199
999b
bbb9
99bb
bbbb
9bbb
bbbb
bbbb
bbbb
bbbb
bbbb
bbbb
1111
111b
1111
1199
1111
1199
bbbb
bbbb
bbbb
bbbb
b9bb
bbbb
99bb
bbbb
99bb
bbbb
9bbb
bbbb
bbbb
bbbb
bbbb
bbbb
bbbb
bbbb
bbbb
bbbb
bbbb
bbbb
bbbb
bbbb
bbbb
bbbb
bbbb
bbb1
99bb
bbb2
99bb
bb22
bbbb
bbbb
bbbb
bb11
bbbb
b112
bbbb
b121
bbbb
1212
bbbb
2121
bbb2
1222
bbb1
2122
bb12
2222
b121
2229
b222
2229
2122
2299
2222
2299
2222
2999
2222
2999
2222
9999
bbbb
bbbb
2121
22bb
1222
2299
2122
2229
2222
2229
2222
2222
2222
2232
2922
2222
9992
2323
9999
2232
999b
2323
99bb
b233
99bb
b323
9bbb
bb33
9bbb
bb33
bbbb
bbb3
bbbb
bbbb
bbbb
bbbb
9bbb
bbbb
9bbb
bbbb
99bb
bbbb
99bb
bbbb
999b
bbbb
399b
bbbb
2999
bbbb
3399
bbbb
2399
9bbb
3339
9bbb
3339
99bb
3333
99bb
3333
999b
3333
499b
bbbb
bbbb
bbbb
bbbb
bbbb
bbbb
bbbb
bbbb
bbbb
bbbb
bbbb
bbbb
bbbb
bbbb
bbbb
bbbb
bbbb
bbbb
bbbb
bbbb
bbbb
bbbb
bbbb
bbbb
bbbb
bbbb
bbbb
bbbb
bbbb
bbbb
bbbb
bbbb
bbbb
bbbb
bbbb
bbbb
bbbb
bbbb
bbbb
bbbb
bbbb
bbbb
bbbb
bbbb
bbbb
bbbb
bbbb
bbbb
bbbb
bbbb
bbbb
bbbb
bbbb
bbbb
bbbb
bbbb
bbbb
bbbb
bbbb
bb33
bbbb
3333
bbb3
3333
bbbb
bbbb
bbbb
bbbb
bbbb
bbbb
bbbb
bbbb
bbbb
bbbb
bbbb
bbbb
bbbb
bbbb
bbbb
bbbb
bbbb
bbbb
bbbb
bbbb
bbbb
bb44
bbb4
4444
b343
4444
3334
3434
3333
3333
3333
3333
bbbb
bbbb
bbbb
bbbb
bbbb
bbbb
bbbb
bbbb
bbbb
bbbb
bbbb
bbbb
bbbb
bbbb
bbbb
bbbb
bbbb
5556
b555
5555
4454
5455
4444
4445
4444
5599
4455
9999
3499
9999
5999
999b
bbbb
bbbb
bbbb
bbbb
bbbb
bbbb
bbbb
bbbb
bbbb
bbbb
bbbb
bbbb
bbbb
6667
6666
6666
5656
5677
5556
6999
5599
9999
9999
999b
9999
9bbb
999b
bbbb
9bbb
bbbb
bbbb
bbbb
bbbb
bbbb
bbbb
bbbb
bbbb
bbbb
bbbb
bbbb
bbbb
bbbb
bbb7
7777
6767
7779
7779
9999
9999
9999
9999
9bbb
99bb
bbbb
bbbb
bbbb
bbbb
bbbb
bbbb
bbbb
bbbb
bbbb
bbbb
bbbb
bbbb
bbbb
bbbb
bbbb
bbbb
bbbb
bbbb
bbbb
bbbb
b111
7bb7
7771
9999
bb99
9999
bb99
9bbb
b2bb
bbbb
b2bb
bbbb
b33b
bbbb
b33b
bbbb
b43b
bbbb
b444
bbbb
b454
bbbb
b545
bbbb
bbbb
bbbb
bbbb
bbbb
bbbb
bb21
2233
1112
2233
1122
2333
9999
9999
9999
9999
bbbb
bbbb
9bbb
bbbb
9bbb
bbbb
99bb
bbbb
99bb
bbbb
99bb
bbbb
999b
bbbb
999b
bbbb
bbbb
bbbb
bbbb
bbbb
bb34
4454
3344
4545
3344
5455
3445
4555
2222
2222
9999
9999
bbb9
9999
bbbb
bbbb
bbbb
bbbb
bbbb
bbbb
bbbb
bbbb
bbbb
bbbb
bbbb
bbbb
bbbb
bbbb
bbbb
bbbb
bbbb
bbbb
5556
5656
5565
6666
5666
6667
6666
7677
6667
7777
2221
1717
9999
9772
bbb9
9996
bbbb
bbbb
bbbb
bbbb
bbbb
bbbb
bbbb
bbbb
bbbb
bb44
bbbb
b454
bbbb
bbbb
bbbb
bbbb
6666
6666
6676
7676
6777
7777
7777
7771
7771
7111
1711
1111
1111
2121
2212
1222
6222
2223
b232
3232
b333
3333
4443
4343
4444
4444
5444
4444
bbbb
bbbb
bbbb
bbbb
6bbb
bbbb
7777
7bbb
7777
7777
7171
1111
1111
1111
1111
1212
2121
2222
2222
2232
2323
2323
3232
3233
3333
3333
4333
3377
4444
1199
4422
9999
baaa
aaba
bbba
bbba
bbba
bbba
bbba
bbba
bbba
bbba
199b
bbbb
1199
bbbb
1219
9bbb
2229
99bb
3249
99bb
2399
99bb
3599
99bb
6999
9bbb
9999
9bbb
9999
bbbb
99bb
bbbb
bbba
bbea
abaa
bbea
baba
bbea
bbba
bbea
bbba
bbea
bbbb
bbea
bbbb
bbea
bbbb
bbea
bbbb
bbea
bbbb
bbea
bbbb
bbea
bbbb
bbea
bbbb
bbea
bbbb
bbea
bbbb
bbea
bbbb
bbea
0000
0000
0000
0000
0000
0000
0000
0000
0000
0000
0000
0000
0000
0000
0000
0000
0000
0000
0000
0000
0000
0000
0000
0000
0000
0000
0000
0000
0000
0000
0000
0000
0000
0000
0000
0000
0000
0000
0000
0000
0000
0000
0000
0000
0000
0000
0000
0000
0000
0000
0000
0000
0000
0000
0000
0000
0000
0000
0000
0000
0000
0000
0000
0000
aebb
bbbb
aebb
bbbb
aebb
bbbb
aebb
bbbb
aebb
bbbb
aebb
bbbb
aebb
bbbb
aebb
bbbb
aebb
bbb2
aebb
bb23
aebb
b222
aebb
bbb3
aebb
bbbb
aebb
bbbb
aebb
bbbb
aebb
bbbb
bbbb
9232
bbbb
bb99
bbbb
bbbb
bbbb
bbbb
bbbb
bbbb
bbbb
bbbb
b2bb
bbbb
232b
9bbb
2232
39bb
2323
2333
3233
3333
2323
3333
9933
3333
bb99
9333
bbbb
b999
bbbb
bbbb
3232
3333
2333
3333
9999
9999
bbb9
9999
bbbb
bbbb
bbbb
bbbb
bbbb
bbbb
bbbb
bbbb
bbbb
bbbb
3bbb
bbbb
3333
3434
3343
4343
3334
3444
4343
4344
9434
4444
9999
9999
3334
3434
3333
4343
9994
3444
9999
9944
bbbb
bb94
bbbb
bbb4
bbbb
bbb4
bbbb
bb44
bbbb
b444
bb44
4444
4444
4444
4444
4444
4444
4449
4444
4999
4499
9999
9999
9999
4444
99bb
4444
999b
4444
499b
4444
4999
4444
4999
4444
4999
4444
4999
4444
9999
4444
9999
4449
999b
4499
999b
4999
99bb
9999
9bbb
9999
bbbb
99bb
bbbb
bbbb
bbbb
bb45
4545
bb54
5555
bb45
4555
bb55
5555
bb45
5555
bb55
5555
bb55
5556
bb55
5555
bb55
5656
bb55
5565
bb56
5656
bb55
6566
bb56
5656
b565
6666
6656
5666
bbb9
9999
5555
5656
5555
5565
9999
9999
9999
9999
999b
bbbb
999b
bbbb
999b
bbbb
999b
bbbb
999b
bbbb
999b
bbbb
5666
6666
6666
6666
6666
6676
6666
6667
6666
7676
9999
9999
5656
6669
6666
6669
9999
9669
9999
9969
bbbb
bbbb
bbbb
bbbb
bbbb
bbbb
bbbb
bbbb
bbbb
bbbb
bbbb
bbbb
7676
7777
6767
7777
7676
7777
6777
7777
7677
7777
9999
9999
99bb
bbbb
99bb
bbbb
99bb
bbbb
99bb
bbbb
99bb
bbbb
b9bb
bbbb
bbbb
bbbb
bbbb
bbbb
bbbb
b7bb
bbbb
87bb
7777
78b9
7787
8799
7778
7899
8787
8899
7878
8799
9999
8899
bb87
8787
bb78
7878
bb87
8788
bbb8
7878
bbb7
8888
bbb8
7888
bbbb
8888
bbbb
8888
bbbb
b888
9bbb
bb88
9bbb
bbb8
9bbb
bbbb
9bbb
bbbb
9bbb
bbbb
9bbb
bbbb
9bbb
bbbb
999b
bbbb
999b
bbbb
999b
bbbb
899b
bbbb
8999
bbbb
8899
bbbb
8889
9bbb
8888
99bb
8818
199b
8881
8181
1818
1111
8181
8111
bb11
1111
bbb9
9111
bbbb
b999
bbbb
bbbb
bbbb
b881
bbbb
b811
bbbb
b88b
bbbb
b8bb
bbbb
bbbb
bbbb
bbbb
bbbb
bbbb
bbbb
bbbb
bbbb
bbbb
bbbb
bbbb
1111
1111
1111
1111
1111
1111
1111
1111
1111
1111
9999
9999
1111
1111
1111
1111
9999
9999
9999
9999
99bb
bbbb
9bbb
bbbb
bbbb
bbb1
bbbb
bbb1
bbbb
b111
bbb1
1111
1111
1111
1111
1111
1111
1111
1111
1999
1199
9999
9999
9999
1111
1999
1111
1999
1111
1999
1111
1999
1111
1999
1111
1999
1111
1999
1111
1999
1111
1199
1111
1119
1111
1999
1119
9999
1999
9999
9999
99b2
9999
bb23
bbbb
bbbb
9bbb
bb22
9bbb
b222
bbbb
b222
bbbb
2222
bbbb
2222
bbb2
2222
bbb2
2223
bb22
2222
bb22
2323
9222
2239
9223
2329
2222
3299
2323
2399
2232
3999
2323
2999
b999
9999
2222
2323
2222
2232
2223
2323
2222
3232
2323
2323
2232
3233
2999
9999
9999
9999
9999
bbbb
999b
bbbb
999b
bbbb
99bb
bbbb
99bb
bbbb
9bbb
bbbb
9bbb
bbbb
bbbb
bbbb
2323
2333
3233
3333
2323
3333
3333
3333
2333
3333
3333
3343
9999
9999
9999
9999
bbbb
bbbb
bbbb
bbbb
bbbb
bbbb
bbbb
bbbb
bbbb
bbbb
bbbb
bbbb
bbbb
bbbb
bbbb
bbbb
3333
3999
3343
4399
3334
3499
4343
4349
3434
3439
4343
4444
9934
3444
9994
4444
bbb4
4444
bbbb
4444
bbbb
4444
bbbb
b444
bbbb
b444
bbbb
bb45
bbbb
bb44
bbbb
bbbb
bbbb
bbbb
bbbb
bbbb
9bbb
bbb3
9bbb
bb32
99bb
bb22
99bb
bb22
999b
bb22
499b
bb52
4999
bbb4
4499
bbbb
4499
9bbb
4549
9bbb
4459
99bb
4545
99bb
5455
599b
b999
9999
b333
3333
3333
3333
3333
2323
3222
2222
2222
2222
2222
2222
2221
2121
1211
1111
4111
1111
b331
1111
bb92
2221
bbbb
9992
bbbb
bb99
bbbb
bbbb
bbbb
bbbb
bbbb
bbbb
3333
3334
3232
3224
2222
2224
2222
2222
2222
2121
1211
1111
1111
1111
1111
1111
1111
1717
1171
7177
1717
7777
2221
1111
9999
9999
bb99
9999
bbbb
bbbb
bbbb
bbbb
9999
9bbb
9999
bbbb
999b
bbbb
499b
bbbb
2299
bbbb
1122
9bbb
1117
2276
7171
7777
7777
7777
7777
7676
7777
6767
1111
7777
9999
9999
9999
9999
bbbb
bbbb
bbbb
bbbb
bbbb
bbbb
bbbb
bbbb
bbbb
bbbb
bbbb
bbbb
bbbb
bbbb
bbbb
bbbb
6bbb
bbbb
7676
66bb
6766
6655
7666
6555
7777
7666
9999
9999
9999
9999
999b
bbbb
bbbb
bbbb
bbbb
bbbb
bbbb
bbbb
bbbb
bbbb
bbbb
bbbb
bbbb
bbbb
bbbb
bbbb
bbbb
bbbb
bbbb
bbbb
bbbb
bbbb
5555
bbbb
5555
5555
6699
9999
9999
9999
9999
9bbb
bbbb
bbbb
bbbb
bbbb
bbbb
bbbb
bbbb
b555
bbbb
b656
bbbb
b565
bbbb
b666
bbbb
b767
bbbb
b676
bbbb
b777
bbbb
b777
bbbb
b777
55bb
b555
9999
9bbb
9999
9bbb
bbbb
bbbb
bbbb
bbbb
bbbb
bbbb
bbbb
bbbb
699b
bbbb
5999
bbbb
6999
bbbb
6699
bbbb
6799
9b76
7676
7777
7777
7777
7777
7773
7444
4449
5999
9999
9999
9999
9999
bbbb
bbbb
bbbb
bbbb
bbbb
bbbb
bbbb
bbbb
bbbb
bbbb
bbbb
bbbb
bbbb
bbbb
b656
bb67
6666
7676
7676
7767
6767
7777
2222
3333
9999
9999
9999
9999
999b
99bb
bbbb
bbbb
bbbb
bbbb
bbbb
bbbb
bbbb
bbbb
bbbb
bbbb
bbbb
bbb5
5545
6565
5555
5656
5655
6665
6566
6666
7779
1119
9999
9999
9999
9999
99bb
999b
bbbb
bbbb
bbbb
bbbb
bbbb
bbbb
bbbb
bbbb
bbbb
bbbb
bbbb
bbbb
bbbb
bbbb
bbbb
4545
4444
5454
5444
5555
5999
6699
9999
9999
9999
9999
9bbb
99bb
bbbb
bbbb
bbbb
bbbb
bbbb
bbbb
bbbb
bbbb
bbbb
bbbb
bbbb
bbbb
bbbb
bbbb
bbbb
bbbb
bbbb
bbbb
bbbb
3399
9999
9999
999b
9999
9bbb
999b
bbbb
bbbb
bbbb
bbbb
bbbb
bbbb
bbbb
bbbb
bbbb
bbbb
bbbb
bbbb
bbbb
bbbb
bbbb
bbbb
bbbb
bbbb
bbbb
bbbb
bbbb
bbbb
bbbb
bbbb
bbbb
9bbb
bbbb
bbbb
bbbb
bbbb
bbbb
bbbb
bbbb
bbbb
bbbb
bbbb
bbbb
bbbb
bbbb
bbbb
bbbb
bbbb
bbbb
bbbb
bbbb
bbbb
bbbb
bbbb
bbbb
bbbb
bbbb
bbbb
bbbb
bbbb
bbbb
bbbb
bbbb
bbbb
bbea
bbbb
bbea
bbbb
bbea
bbbb
bbea
bbbb
bbea
bbbb
bbea
bbbb
bbea
bbbb
bbea
bbbb
bbea
bbbb
bbea
bbbb
bbea
bbbb
bbea
bbbb
bbea
bbbb
bbea
bbbb
bbea
bbbb
bbea
0000
0000
0000
0000
0000
0000
0000
0000
0000
0000
0000
0000
0000
0000
0000
0000
0000
0000
0000
0000
0000
0000
0000
0000
0000
0000
0000
0000
0000
0000
0000
0000
bbbb
bbbb
bbbb
bbbb
eeee
eeee
aaaa
aaaa
0000
0000
0000
0000
0000
0000
0000
0000
0000
0000
0000
0000
0000
0000
0000
0000
0000
0000
0000
0000
0000
0000
0000
0000
bbbb
9999
bbbb
bbbb
eeee
eeee
aaaa
aaaa
0000
0000
0000
0000
0000
0000
0000
0000
0000
0000
0000
0000
0000
0000
0000
0000
0000
0000
0000
0000
0000
0000
0000
0000
9999
9bbb
bbbb
bbbb
eeee
eeee
aaaa
aaaa
0000
0000
0000
0000
0000
0000
0000
0000
0000
0000
0000
0000
0000
0000
0000
0000
0000
0000
0000
0000
0000
0000
0000
0000
bbbb
bbbb
bbbb
bbbb
eeee
eeee
aaaa
aaaa
0000
0000
0000
0000
0000
0000
0000
0000
0000
0000
0000
0000
0000
0000
0000
0000
0000
0000
0000
0000
0000
0000
0000
0000
bbb9
9999
bbbb
bbbb
eeee
eeee
aaaa
aaaa
0000
0000
0000
0000
0000
0000
0000
0000
0000
0000
0000
0000
0000
0000
0000
0000
0000
0000
0000
0000
0000
0000
0000
0000
9999
9999
bbbb
bbbb
eeee
eeee
aaaa
aaaa
0000
0000
0000
0000
0000
0000
0000
0000
0000
0000
0000
0000
0000
0000
0000
0000
0000
0000
0000
0000
0000
0000
0000
0000
9999
9999
bbbb
bbbb
eeee
eeee
aaaa
aaaa
0000
0000
0000
0000
0000
0000
0000
0000
0000
0000
0000
0000
0000
0000
0000
0000
0000
0000
0000
0000
0000
0000
0000
0000
9999
9899
bbbb
bbb9
eeee
eeee
aaaa
aaaa
0000
0000
0000
0000
0000
0000
0000
0000
0000
0000
0000
0000
0000
0000
0000
0000
0000
0000
0000
0000
0000
0000
0000
0000
9bbb
bbbb
9bbb
bbbb
eeee
eeee
aaaa
aaaa
0000
0000
0000
0000
0000
0000
0000
0000
0000
0000
0000
0000
0000
0000
0000
0000
0000
0000
0000
0000
0000
0000
0000
0000
bbbb
bbbb
bbbb
bbbb
eeee
eeee
aaaa
aaaa
0000
0000
0000
0000
0000
0000
0000
0000
0000
0000
0000
0000
0000
0000
0000
0000
0000
0000
0000
0000
0000
0000
0000
0000
bbb9
9999
bbbb
bbbb
eeee
eeee
aaaa
aaaa
0000
0000
0000
0000
0000
0000
0000
0000
0000
0000
0000
0000
0000
0000
0000
0000
0000
0000
0000
0000
0000
0000
0000
0000
9999
9bbb
bbbb
bbbb
eeee
eeee
aaaa
aaaa
0000
0000
0000
0000
0000
0000
0000
0000
0000
0000
0000
0000
0000
0000
0000
0000
0000
0000
0000
0000
0000
0000
0000
0000
bbbb
bbbb
bbbb
bbbb
eeee
eeee
aaaa
aaaa
0000
0000
0000
0000
0000
0000
0000
0000
0000
0000
0000
0000
0000
0000
0000
0000
0000
0000
0000
0000
0000
0000
0000
0000
b999
9999
bbbb
bbbb
eeee
eeee
aaaa
aaaa
0000
0000
0000
0000
0000
0000
0000
0000
0000
0000
0000
0000
0000
0000
0000
0000
0000
0000
0000
0000
0000
0000
0000
0000
0031
0032
0032
0032
0032
0032
0032
0032
0032
0032
0032
0032
0032
0032
0032
0032
8031
0033
0034
0035
0036
0037
0038
0039
003a
003b
003c
003d
003e
003f
0040
0041
0042
0043
0044
0045
0046
0047
0048
0049
004a
004b
004c
004d
004e
004f
0050
0051
0052
0053
0054
c031
0055
0056
0057
0058
0059
005a
005b
4032
005b
4032
4032
4032
4032
4032
4032
4031
001e
8004
0c13
0425
1c35
1b46
3d54
0b65
1d72
0181
040a
1200
28fb
363c
477c
58fa
8305
1aff
56f5
5ee8
f4b2
c573
c84d
1859
658a
ecca
d995
b32b
6656
cca5
7ea5
5eaa
cb2e
95d7
c84d
195d
aed2
bd37
e70c
210c
39e2
b642
1084
2108
415d
6cca
d995
ae18
7084
15e7
c873
cb2c
5555
55fa
84d5
439a
858a
a4ae
1084
2108
2bbf
3843
0df9
d15e
ebe6
689a
ac2c
b157
da55
d965
965e
8bd5
2d96
5964
d19f
505f
acad
995b
32b6
656c
cad9
94bf
2165
965e
be96
576b
b5da
e934
66be
2cfb
f7cd
9870
8438
61b1
6108
4210
8421
0841
6187
355a
37e7
bf7e
e8b1
709f
5efd
fbf7
ed61
c27c
5cae
d76b
b4aa
e165
9673
509a
a9f4
a421
0842
1095
c2c5
df9d
3be6
cc21
cf17
8596
597a
26aa
6be2
aad2
bd00
001a
8005
1a14
0b24
0c35
1c45
1d53
0466
3d72
0181
040a
1200
277c
363c
58fb
68fa
8305
1bff
57bf
3a42
1057
5f30
b2cc
3461
a30d
0ac2
1084
15fe
0aaa
bd21
dd9b
e79c
afc9
d2b3
cc2c
d1ca
d1e8
acfb
b395
a210
5794
aaab
aadc
3dad
dd61
759b
adea
95e6
ea17
57ba
cab3
2b5b
adab
0877
66f9
e72b
f274
af4b
ac21
082b
9f58
4210
744f
9d21
082e
17fc
1c21
0841
6108
427d
685f
172b
da9f
5a14
b2cb
2feb
55c3
d20b
9e7a
7b5a
3956
599e
2e7d
d9ca
d1ca
d109
f6aa
ad2b
86eb
9e73
66fa
426e
9755
b39e
7366
fa43
95aa
df29
7459
659a
ff89
cf90
94b8
4210
cab3
2ac5
e908
4210
5e00
0034
8004
0a15
1824
0b35
1945
1c53
0465
1d72
0181
051a
1200
251e
351b
48fa
8307
7cff
579e
e108
415a
f598
3059
4594
5942
bbe9
d210
571f
e1a2
1082
aeec
c146
77d1
5776
60a3
3aa3
a2ab
9d2a
ad7f
4784
2105
68a2
1084
15c9
5ba2
8b28
b28b
2857
1e55
55b3
8708
7456
8bf5
1d15
5cfd
5908
4154
873e
1f33
bceb
f27a
573f
d1c1
6519
d519
d519
d2b7
f53d
cf73
dc15
f2aa
ad6f
2421
36a9
657c
3060
c15f
0c14
58af
0ad6
4842
0ae3
fc36
4210
573f
f1b2
1082
b3eb
05ea
8841
54f9
8d63
d82b
df28
add1
450a
e084
2106
89ee
1084
16cc
7d59
0842
0b65
ee1d
3a74
5afe
8e08
4213
fc2b
7be9
dde4
a305
ed79
be9d
d519
d60c
17b5
5ad7
74aa
e484
2108
2e7e
ac84
2105
bf56
e8a2
ca2c
a2ca
2cad
a8ab
3cad
8b93
a745
3a74
870e
0b08
439e
e7b3
bc8a
60c1
831f
e1ad
64e9
05a2
cafe
8e0c
182c
a33a
a15b
2109
ee6f
22aa
aae4
8421
09b5
f860
c7c2
8b28
c7c2
be6a
be17
be69
7242
135f
385e
d610
8421
05e9
0842
105c
9084
3a5e
afe9
4a31
ea31
f0a2
ca2f
5820
b7aa
33af
8677
cf73
e105
c800
0028
8004
0a14
0c24
0b36
3a45
1c53
0466
3b72
0181
051b
1200
263c
363d
477c
58fb
68fa
8305
1aff
566b
7cd1
c210
56bd
c334
5108
4157
bdc2
1057
e5ee
cec8
415b
f6cc
28eb
dec5
67d5
1084
1555
559f
5d10
8415
cdd1
0842
0af4
57d5
1651
6516
50ad
8aaa
b9af
2f47
0841
5b33
dd14
4210
5709
a268
8415
6bce
1084
15af
268b
de68
a2ca
2ca1
5f97
bb3b
2105
6fe6
17ef
3ce7
9cda
b9f7
8594
75ba
3add
0abd
6fb2
106c
8421
344d
6d61
0843
3457
de0b
0842
1dfd
aa42
10ad
d99f
179e
f677
ef45
185f
ab7f
7842
109f
4aaa
abd1
0842
105e
bef0
8421
05e8
afaa
2ca2
ca2c
a2ca
f8bb
55ec
5688
4213
44d7
8bd1
0843
3451
867a
b842
1cd1
d68e
0ad9
0842
13c5
b28b
28b2
8cd1
4568
bf55
c210
856e
ccf8
b673
ce79
cf39
ba2c
cf8b
5ba2
cafa
a33c
a2f7
8417
adaf
7bec
ec5e
0000
0000
0011
0000
0100
0000
1001
0000
1010
0000
1010
0000
1001
0000
0100
0000
0011
1100
0000
0010
0000
1001
0000
0001
0000
0001
0000
1001
0000
0010
0000
1100
0000
0000
0000
0000
0100
0000
1100
0000
0100
0000
0100
0000
0100
0000
0100
0000
0100
0000
0000
0011
1000
0100
0100
0100
0100
0011
1100
0000
0100
0100
0100
0011
1000
0000
0000
0011
1000
0100
0100
0100
0100
0011
1100
0000
0100
0100
0100
0011
1000
0000
0000
0011
1000
0100
0100
0000
0100
0001
1000
0000
0100
0100
0100
0011
1000
0000
0000
0000
0000
0000
0000
0000
0000
0000
0000
0000
0000
0000
0000
0000
0000
0000
0000
0011
1100
0100
0100
0100
0000
0011
1000
0000
0100
0100
0100
0111
1000
0000
0000
0111
1100
0100
0000
0100
0000
0111
1000
0100
0000
0100
0000
0111
1100
0000
0000
0011
1100
0100
0010
0100
0000
0100
1110
0100
0010
0100
0010
0011
1100
0000
0000
0000
1000
0001
0100
0001
0100
0010
0010
0011
1110
0100
0001
0100
0001
0100
0100
0100
0100
0100
0100
0100
0101
0100
0101
0010
1001
0001
0000
0000
0000
0000
0000
0000
0000
1100
1010
0010
1100
1110
1000
0000
1000
1100
1000
0000
0000
0000
0000
0000
0000
0000
0000
0000
0000
0000
0000
0000
0000
1000
0000
0000
0000
0111
0000
1000
1000
1000
1000
0001
0000
0010
0000
0100
0000
1111
1001
0000
0000
0001
1100
0010
0010
0010
0010
0010
0010
0010
0010
0010
0010
0001
1100
0000
0000
0000
1000
0001
1000
0000
1000
0000
1000
0000
1000
0000
1000
0001
1100
0000
0000
0001
1100
0010
0010
0000
0010
0000
0100
0000
1000
0001
0000
0011
1110
0000
0000
0001
1100
0010
0010
0000
0010
0000
1100
0000
0010
0010
0010
0001
1100
0000
0000
0000
0100
0000
1100
0001
0100
0010
0100
0011
1110
0000
0100
0000
0100
0000
0000
0011
1100
0010
0000
0010
0000
0011
1100
0000
0010
0000
0010
0011
1100
0000
0000
0001
1100
0010
0010
0010
0000
0011
1100
0010
0010
0010
0010
0001
1100
0000
0000
0011
1110
0010
0010
0000
0010
0000
0100
0000
0100
0000
1000
0000
1000
0000
0000
0001
1100
0010
0010
0010
0010
0001
1100
0010
0010
0010
0010
0001
1100
0000
0000
0001
1100
0010
0010
0010
0010
0001
1110
0000
0010
0010
0010
0001
1100
0000
0000
ffff
ffff
ffff
ffff
ffff
ffff
ffff
ffff
ffff
ffff
ffff
ffff
ffff
ffff
ffff
ffff
ffff
ffff
ffff
ffff
ffff
ffff
ffff
ffff
ffff
ffff
ffff
ffff
ffff
ffff
ffff
ffff
ffff
ffff
ffff
ffff
ffff
ffff
ffff
ffff
ffff
ffff
ffff
ffff
ffff
ffff
ffff
ffff
ffff
ffff
ffff
ffff
ffff
ffff
ffff
ffff
ffff
ffff
ffff
ffff
ffff
ffff
ffff
ffff
ffff
ffff
ffff
ffff
ffff
ffff
ffff
ffff
ffff
ffff
ffff
ffff
ffff
ffff
ffff
ffff
ffff
ffff
ffff
ffff
ffff
ffff
ffff
ffff
ffff
ffff
ffff
ffff
ffff
ffff
ffff
ffff
ffff
ffff
ffff
ffff
ffff
ffff
ffff
ffff
ffff
ffff
ffff
ffff
ffff
ffff
ffff
ffff
ffff
ffff
ffff
ffff
ffff
ffff
ffff
ffff
ffff
ffff
ffff
ffff
ffff
ffff
ffff
ffff
ffff
ffff
ffff
ffff
ffff
ffff
ffff
ffff
ffff
ffff
ffff
ffff
ffff
ffff
ffff
ffff
ffff
ffff
ffff
ffff
ffff
ffff
ffff
ffff
ffff
ffff
ffff
ffff
ffff
ffff
ffff
ffff
ffff
ffff
ffff
ffff
ffff
ffff
ffff
ffff
ffff
ffff
ffff
ffff
ffff
ffff
ffff
ffff
ffff
ffff
ffff
ffff
ffff
ffff
ffff
ffff
ffff
ffff
ffff
ffff
ffff
ffff
ffff
ffff
ffff
ffff
ffff
ffff
ffff
ffff
ffff
ffff
ffff
ffff
ffff
ffff
ffff
ffff
ffff
ffff
ffff
ffff
ffff
ffff
ffff
ffff
ffff
ffff
ffff
ffff
ffff
ffff
ffff
ffff
ffff
ffff
ffff
ffff
ffff
ffff
ffff
ffff
ffff
f3f3
ed56
184c
0000
3a00
40cb
7f20
f9c9
c33f
0400
0000
0000
c34d
0400
0000
0000
2100
1106
00c3
1904
4f06
0009
0900
0000
7e23
666f
c900
0000
f5c5
d5e5
21ff
1f7e
b728
0335
1807
2108
1c34
cd6b
00e1
d1c1
f1c9
31fd
1f3e
0332
ff1f
fb3a
ff1f
b7c2
5a00
cd08
07fb
cd5b
0718
facd
2d06
cd42
07cd
bc06
cd8e
04cd
a000
af32
191c
dd21
401c
ddcb
007e
c4ee
0706
06dd
2170
1cc5
ddcb
007e
c4be
0011
3000
dd19
c110
f0c9
cd8e
043e
0132
191c
dd21
901d
0603
cd8f
003e
8032
191c
0602
dd21
201e
18d1
cd71
0220
17cd
5001
ddcb
0066
c0cd
a802
cdd9
03cd
d302
cdfc
00c3
b103
cd5b
02dd
cb00
66c0
cd79
02dd
7e1e
b728
06dd
351e
cac8
03cd
d903
ddcb
0076
c0cd
d302
ddcb
0056
c0dd
cb00
46c2
1101
3ea4
4cd7
3ea0
4dd7
c9dd
7e01
fe02
20f0
cd40
01d9
21d2
0706
047e
f523
d9eb
4e23
4623
ebdd
6e0d
dd66
0e09
f1f5
4cdf
f1d6
044d
dfd9
10e3
d9c9
112a
1c3a
191c
b7c8
111a
1cf0
1122
1cc9
dd5e
03dd
5604
ddcb
008e
ddcb
00a6
1a13
fee0
d296
0908
cdc8
03cd
1502
08dd
cb00
5ec2
bd01
b7f2
e301
d681
f282
01cd
ac03
1821
dd86
05d5
1608
1e0c
08af
0893
3804
0882
18f8
8321
d607
ef08
b467
d1dd
750d
dd74
0edd
cb00
6e20
0d1a
b7f2
e201
dd7e
0cdd
770b
1833
1a13
dd77
1018
2467
1a13
6fb4
280c
dd7e
0506
00b7
f2ce
0105
4f09
dd75
0ddd
740e
ddcb
006e
2805
1a13
dd77
101a
13cd
0b02
dd77
0cdd
7303
dd72
04dd
7e0c
dd77
0bdd
cb00
4ec0
afdd
7725
dd77
22dd
7717
dd7e
1fdd
771e
c9dd
4602
05c8
4f81
10fd
c9dd
7e11
3df8
203b
ddcb
004e
c0dd
3516
c0d9
dd7e
15dd
7716
dd7e
1221
6302
efdd
5e13
dd34
13dd
7e14
3dbb
200e
dd35
13dd
7e11
fe02
2804
dd36
1300
1600
19eb
cd47
0bd9
c9af
dd77
13dd
7e11
d602
f818
be6b
026c
026d
026e
02c0
80c0
40c0
80dd
7e0b
3ddd
770b
c9dd
7e18
b7c8
f83d
0e0a
e7ef
cd7b
03dd
661d
dd6e
1c11
ca07
0604
dd4e
19f5
cb29
c530
0686
e67f
4f1a
d7c1
1323
f110
eec9
ddcb
077e
c8dd
cb00
4ec0
dd5e
20dd
5621
dde5
e106
000e
2409
ebed
a0ed
a0ed
a07e
cb3f
12af
dd77
22dd
7723
c9dd
7e07
b7c8
fe80
2048
dd35
24c0
dd34
24e5
dd6e
22dd
6623
dd35
2520
20dd
5e20
dd56
21d5
fde1
fd7e
01dd
7725
dd7e
264f
e680
07ed
4447
09dd
7522
dd74
23c1
09dd
3527
c0fd
7e03
dd77
27dd
7e26
ed44
dd77
26c9
3deb
0e08
e7ef
1803
dd77
25e5
dd4e
25cd
1e04
e1cb
7fca
6903
fe82
2812
fe80
2812
fe84
2811
26ff
301f
ddcb
00f6
e1c9
030a
18d6
af18
d303
0add
8622
dd77
22dd
3425
dd34
2518
c626
006f
dd46
2204
eb19
10fd
dd34
25c9
dd77
17e5
dd4e
17cd
1e04
e1cb
7f28
21fe
8328
0cfe
8128
13fe
8028
0c03
0a18
e1dd
cb00
e6e1
c3ac
03af
18d6
e1dd
cb00
e6c9
dd34
17c9
ddcb
00e6
c9dd
7e0d
ddb6
0ec8
dd7e
00e6
06c0
dd7e
01f6
f04f
3e28
dfc9
dd7e
00e6
06c0
ddcb
00b6
dd4e
013e
28df
c906
00dd
7e10
b7f2
e303
05dd
660e
dd6e
0d4f
09eb
3e07
a247
4bb7
2183
02ed
4238
0621
85fa
1918
0eb7
2108
05ed
4230
0521
7c05
19eb
ebdd
cb00
6ec8
dd74
0edd
750d
c909
08f7
08c9
0600
094d
440a
c92a
371c
3a19
1cb7
2806
dd6e
2add
662b
afb0
2806
1119
0019
10fd
c9dd
cb01
5620
11dd
cb00
56c0
dd86
0132
0040
cf79
3201
40c9
ddcb
0056
c0dd
8601
d604
3202
40cf
7932
0340
c911
b507
dd4e
0a3e
b4d7
cd88
04dd
771b
0614
cd88
0410
fbdd
751c
dd74
1dc3
670b
1a13
4e23
d7c9
3a09
1ccb
7fca
0807
fe90
dadc
04fe
94da
4f05
fee0
da45
05fe
f9d2
0807
d6e0
21b5
04ef
af32
181c
e9a8
0608
07bb
04dd
2120
1e06
023e
8032
191c
c5dd
cb00
7ec4
d704
1130
00dd
19c1
10f0
c9e5
e5c3
bf0b
d681
f8f5
cd08
07f1
0e04
e7ef
e5e5
f722
371c
e1fd
e1fd
7e05
3213
1c32
141c
1106
0019
2233
1c21
3705
2235
1c11
401c
fd46
02fd
7e04
c52a
351c
eda0
eda0
1213
2235
1c2a
331c
eda0
eda0
eda0
eda0
2233
1ccd
f505
c110
df3e
8032
091c
c980
0280
0080
0180
0480
0580
0680
02d6
d008
3e80
2108
0d18
07d6
9008
af21
000d
3219
1c08
efe5
f722
391c
af32
151c
e1e5
fde1
fd7e
0232
3b1c
1104
0019
fd46
03c5
e523
4ecd
d805
cbd6
dde5
3a19
1cb7
2803
e1fd
e5d1
e1ed
a01a
fe02
cc2f
07ed
a03a
3b1c
1213
eda0
eda0
eda0
eda0
cdf5
05dd
cb00
7e28
0cdd
7e01
fdbe
0120
04fd
cb00
d6e5
2a39
1c3a
191c
b728
04fd
e5dd
e1dd
752a
dd74
2bcd
c803
cd3b
07e1
c110
a0c3
3105
79d6
0232
321c
f521
1906
efe5
dde1
f1f5
210f
06ef
e5fd
e1f1
2123
06ef
c908
af12
1312
1308
eb36
3023
36c0
2336
0106
2423
3600
10fb
23eb
c920
1e20
1e20
1e20
1e50
1e90
1dc0
1dc0
1dc0
1df0
1d60
1d00
1d00
1d00
1d30
1d21
101c
7eb7
c8fa
6606
d13d
c036
02c5
f506
033e
b40e
00f5
dff1
3c10
fa06
033e
b4f5
cd60
04f1
3c10
f806
073e
280e
00f5
df0c
f110
faf1
c1c3
3105
af77
3a0d
1cb7
c208
07dd
2170
1c06
063a
111c
b720
06dd
cb00
7e28
06dd
4e0a
3eb4
d711
3000
dd19
10e7
dd21
901d
0605
ddcb
007e
2806
dd4e
0a3e
b4d7
1130
00dd
1910
edc9
3e18
320d
1c3e
0232
0f1c
320e
1caf
3240
1cc3
3105
210d
1c7e
b7c8
fcb5
06cb
be3a
0f1c
3d28
0432
0f1c
c93a
0e1c
320f
1c3a
0d1c
3d32
0d1c
2828
dd21
401c
0608
dd34
06f2
f106
dd35
0618
0fdd
cb00
7e28
09dd
cb00
5620
03cd
670b
1130
00dd
1910
dfc9
2109
1c11
0a1c
0176
0236
00ed
b0dd
2137
0506
06c5
cd97
07cd
3b07
dd23
dd23
c110
f206
07af
320d
1c3e
0f32
121c
4f3e
27df
c331
053e
900e
00c3
ab07
2113
1c7e
b7c8
35c0
3a14
1c77
214b
1c11
3000
0607
3419
10fc
c9ed
5f32
171c
110a
1ccd
6907
cd69
071a
cb7f
c80e
00fe
9038
04d6
0f0e
12d6
8121
0011
e74f
0600
093a
181c
be28
0230
0a1a
3209
1c7e
e67f
3218
1caf
1213
c9cd
a707
3e40
0e7f
cdab
07dd
4e01
c3ce
033e
800e
ff06
04f5
d7f1
c604
10f9
c9b0
3038
343c
5058
545c
6068
646c
7078
747c
8088
848c
4048
444c
9098
949c
adae
aca6
8402
ab02
d302
fe02
2d03
5c03
8f03
c503
ff03
3c04
7c04
c004
cd71
02cc
f507
c9dd
5e03
dd56
041a
13fe
e0d2
6e08
b7fa
0a08
1bdd
7e0d
dd77
0dfe
80ca
5b08
d521
601d
cb56
2040
08cd
c803
0811
6b08
ebed
a0ed
a0ed
a03d
2178
08ef
0106
00ed
b0cd
fc05
2165
1ddd
7e05
8677
3a68
1d21
8c08
ef3a
661d
dd5e
06d5
83dd
7706
cd69
04d1
dd73
06cd
2f07
d11a
13b7
f2e3
011b
dd7e
0cdd
770b
c3e9
0180
0201
2174
08c3
9909
13c3
fb07
9808
ba08
de08
e708
fb08
1d09
f208
3f09
4809
6f09
a108
c508
0409
2609
5609
7d09
9e08
0006
0000
b410
f23c
0f00
0000
1f1a
181c
1711
1a0e
000f
1410
1fec
ffff
0780
1680
c008
000c
0101
e080
b60a
f23e
6030
3030
191f
1f1f
1511
110c
100a
0609
4f5f
af8f
0082
8380
e408
000c
0101
b30a
f2ed
0800
0c01
01e0
40b0
0af2
f808
000c
0101
b20a
f201
0900
0a01
028f
08f2
3c00
0000
001f
1f1f
1f00
160f
0f00
0000
000f
afff
ff00
850a
8023
0900
0601
03b0
16f2
729e
5b42
2296
969e
9616
1816
1810
1711
184f
5f4f
4f00
0010
8045
0900
0e01
01b9
10f2
4e09
f70a
0004
fe03
0000
0095
20f2
3c0a
5070
001f
1719
1d1d
151a
1706
1807
190f
5f6f
1f0c
9500
8e75
0900
0700
05fe
0003
0003
d108
f23d
000f
0f0f
1f9f
9f9f
1f1f
1f1f
000e
100f
0f4f
4f4f
0090
9085
21a2
09e5
d6e0
21a6
09ef
1ae9
13c3
5e01
470b
760a
8a0a
ac0a
bc0a
890c
610b
cf0a
b20a
580b
9f0c
9f0c
9f0c
8e0a
930a
120b
9e0a
9f0c
bf0b
9f0c
910b
9f0c
950b
720c
450c
5f0c
8d0b
860b
9b0b
b10b
d50a
f609
9f0c
830a
250a
2d0a
680a
160a
fd09
7a0a
21e6
09ef
131a
e9dd
3618
80dd
7319
dd72
1a21
ce07
0604
1a13
4f7e
23d7
10f8
1bc9
d906
0711
3000
2142
1c77
1910
fcd9
c9dd
e5cd
9104
dde1
c932
111c
b728
1ddd
e5d5
dd21
401c
0607
1130
00dd
cb00
becd
ce03
dd19
10f5
d1dd
e1c3
3105
dde5
d5dd
2140
1c06
0711
3000
ddcb
00fe
dd19
10f8
d1dd
e1c9
eb5e
2356
234e
0600
23eb
edb0
1bc9
dd77
10c9
dd77
1813
1add
7719
c921
141c
772b
77c9
3216
1cc9
cd98
0ad7
c9cd
980a
dfc9
eb7e
234e
ebc9
dd73
20dd
7221
dd36
0780
1313
13c9
cd97
07c3
bf0b
cd0b
02dd
771e
dd77
1fc9
dde5
e101
1100
09eb
0105
00ed
b03e
0112
eb1b
c9dd
cb00
ce1b
c9dd
7e01
fe02
202a
ddcb
00c6
d9cd
4001
0604
c5d9
1a13
d921
0a0b
874f
0600
09ed
a0ed
a0c1
10ec
d91b
3e4f
3212
1c4f
3e27
dfc9
1313
13c9
0000
3201
8e01
e401
cda7
071a
dd77
08b7
f23d
0b13
1add
770f
d521
0011
0e04
dd7e
0fd6
81cd
2300
eff7
dd7e
08e6
7f47
cd34
0418
05d5
47cd
2504
cd69
04d1
c90e
3fdd
7e0a
a1eb
b6dd
770a
4f3e
b4d7
ebc9
4f3e
22df
130e
c018
e8dd
8606
dd77
06d9
11ca
07dd
6e1c
dd66
1d06
047e
b7f2
7b0b
dd86
06e6
7f4f
1ad7
1323
10ef
d9c9
dd86
05dd
7705
c9dd
7702
c9dd
7707
c9eb
5e23
561b
c9fe
0120
05dd
cb00
eec9
ddcb
008e
ddcb
00ae
afdd
7710
c9fe
0120
05dd
cb00
dec9
ddcb
009e
c9dd
cb00
be3e
1f32
151c
dd4e
01cd
ce03
dde5
cdd8
053a
191c
b728
67af
3218
1cfd
cb00
7e28
12dd
7e01
fdbe
0120
0afd
e5fd
6e2a
fd66
2b18
08e5
2a37
1cfd
cb00
96dd
e1dd
cb00
96dd
cb00
7e28
373e
02dd
be01
200d
3e4f
ddcb
0046
2002
e60f
cdfe
0add
7e08
b7f2
290c
cd22
0b18
1447
cd34
04cd
6904
dd7e
18b7
f240
0cdd
5e19
dd56
1acd
070a
dde1
e1e1
c94f
131a
47c5
dde5
e1dd
3509
dd4e
09dd
3509
0600
0972
2b73
d11b
c9dd
e5e1
dd4e
0906
0009
5e23
56dd
3409
dd34
09c9
13c6
284f
0600
dde5
e109
7eb7
2002
1a77
1335
c295
0b13
c913
c628
4f06
00dd
e5e1
097e
3dca
9a0c
13c9
af77
c395
0bc9
a60d
ce0d
f80d
280e
6e0e
6e0e
6e0e
6e0e
6e0e
6e0e
6e0e
6e0e
6e0e
6e0e
6e0e
6e0e
6e0e
6e0e
6e0e
6e0e
6e0e
6e0e
6e0e
6e0e
6e0e
6e0e
6e0e
6e0e
6e0e
6e0e
6e0e
6e0e
6e0e
6e0e
6e0e
6e0e
6e0e
6e0e
6e0e
6e0e
6e0e
6e0e
6e0e
6e0e
6e0e
6e0e
6e0e
6e0e
6e0e
6e0e
6e0e
6e0e
6e0e
6e0e
6e0e
6e0e
6e0e
6e0e
6e0e
6e0e
6e0e
6e0e
6e0e
6e0e
6e0e
6e0e
6e0e
a60d
6e0e
6e0e
6e0e
6e0e
6e0e
6e0e
6e0e
6e0e
6e0e
6e0e
6e0e
6e0e
6e0e
6e0e
6e0e
b50d
0101
8006
b00d
000c
ef00
bd03
f201
0804
0201
1f1f
1f1f
0000
0000
0000
0000
0f0f
0f0f
1e1e
1e80
df0d
0101
8006
d80d
000c
ef00
c903
d506
f201
0804
0201
1f1f
1f1f
0000
0000
0000
0000
0f0f
0f0f
2420
2780
0f0e
0102
8005
0a0e
fb11
8006
080e
fb11
e10a
ef00
b014
f203
0205
0404
1f1f
1f1f
0000
0000
0000
0000
2f1f
0f0f
120f
1085
550e
0103
8002
3e0e
000b
8005
450e
000b
8006
4c0e
000b
ef00
e080
c13f
f2ef
0080
05c4
39f2
ef00
e040
800a
c934
f204
3772
7749
1f1f
1f1f
070a
070d
000b
000b
1f0f
1f0f
2380
2380
790e
0101
8005
780e
000b
f200
0313
080d
0413
000d
1411
5a12
9000
0000
001c
ff12
2811
3411
4011
4b11
8f11
c411
0112
1b12
3512
4612
4060
7060
5030
10f0
d0b0
9083
0002
0406
080a
0c0e
1012
1481
0000
0103
0100
fffd
0082
0200
0000
0000
0000
0000
0000
0000
0000
0000
0000
0000
0000
0000
0000
0000
0000
0000
0000
0000
0000
0002
0406
080a
0c0a
0806
0402
00fe
fcfa
f8f6
f4f2
f4f6
f8fa
fcfe
0082
2900
0000
0000
0000
0000
0000
0000
0000
0000
0000
0000
0000
0000
0000
0002
0406
080a
0c0a
0806
0402
00fe
fcfa
f8f6
f4f6
f8fa
fcfe
821b
0000
0000
0000
0000
0000
0000
0000
0000
0000
0000
0000
0000
0000
0000
0000
0000
0000
0000
0000
0000
0000
0000
0000
0000
0000
0306
0300
fdfa
fafd
0082
3300
0000
0000
0000
0000
0000
0000
0000
0002
0402
00fe
fcfe
0082
11fe
ff00
0000
0000
0000
0000
0000
0000
0000
0001
0100
00ff
ff82
1100
0000
0001
0101
0102
0201
0101
0000
0080
0000
0000
0101
0101
0202
0101
0100
0000
8401
8204
7012
7212
7912
9212
9e12
a912
b812
c112
d212
de12
f312
0283
0002
0406
0810
8302
0100
0001
0202
0202
0202
0202
0202
0202
0303
0304
0404
0581
0000
0203
0404
0505
0506
0681
0300
0101
0102
0304
0405
8100
0001
0102
0304
0505
0608
0707
0681
010c
030f
0207
030f
8000
0000
0203
0304
0506
0708
090a
0b0e
0f83
0000
0101
0303
0405
0505
8204
0100
0000
0001
0101
0202
0203
0303
0304
0404
0505
8105
0504
0403
0302
0201
0100
817f
7f7f
7f80
0613
3d15
0700
015f
3c15
0000
2813
0c18
2913
0c10
8b14
0010
3213
0010
6e13
0c07
da13
0010
f2e1
02e6
0880
0bf6
6e13
ef01
a060
a1a3
54a7
0ca8
24a7
a318
a060
a1a3
aaac
60e7
ace7
ace7
acaa
60a7
30a3
a060
e730
a8aa
60e7
30af
ac60
e730
a8aa
60e7
30a7
a560
e7a5
f645
13f2
ef02
800c
a0a5
a7e7
a7ac
e7ac
a7e7
a7a0
e7a0
a5e7
30f7
0003
7013
800c
a0a5
a7e7
a7ac
80ad
e7ad
ace7
acaa
3c80
6080
8080
8080
8080
3caa
0cac
afb1
24af
3080
0cac
24aa
30a8
0caa
ac18
ac3c
e7a0
3080
0caa
acaf
b124
af30
800c
ac24
aa30
a80c
aaac
e7ac
a530
a30c
a560
f699
13f2
ef04
e080
e1ff
9460
9597
48e7
970c
9b9c
249b
9718
9448
e794
0c97
9948
970c
999b
249c
9e18
a00c
a1a0
3cef
03a3
0ce0
c0a5
24a3
0680
1ea5
24a3
0680
42a3
0ca5
24a3
0680
1ea5
24a3
0680
1ea8
0680
a80c
a7a3
a524
a306
801e
a524
a306
8042
a30c
a524
a306
801e
a524
a306
8012
a030
a30c
a524
a306
801e
a524
a306
8042
a30c
a524
a306
801e
a524
a306
8012
a024
a00c
a306
80a5
24a3
0680
1ea5
24a3
0680
42a3
0ca5
24a3
0680
1ea5
24a3
0680
12a3
0ca5
30f6
0914
f2ef
04e0
40e1
0194
6095
9748
e797
0c9b
9c24
9b97
1894
48e7
940c
9799
4897
0c99
9b24
9c9e
18a0
0ca1
a03c
ef03
a30c
e0c0
a024
9e06
801e
a024
9e06
8042
9e0c
a024
9e06
801e
a024
9e06
801e
a306
80a3
0c80
80a0
249e
0680
1ea0
249e
0680
429e
0ca0
249e
0680
1ea0
249e
0680
129c
309e
0ca0
249e
0680
1ea0
24a0
0680
429e
0ca0
249e
0680
1ea0
249e
0680
129c
249c
0c9e
0680
a024
9e06
801e
a024
9e06
8042
9e0c
a024
9e06
801e
a024
9e06
8012
9e0c
a030
f6ba
14f2
f203
0903
0202
9f9f
1fbf
0e00
0008
0e08
0403
6f5f
1f3f
0e35
1780
0470
4052
141f
1404
0600
0000
0600
0000
000f
0f0f
2f19
8510
853a
310c
6401
9cdb
9cd9
0409
0403
0301
0300
1f0f
0faf
243b
2687
3c32
0233
021f
1f1f
1f0a
0a0a
0a02
0202
02ff
3fff
3f1e
881e
882c
7272
3332
1f0b
1f0b
0000
0000
0000
0000
1f2f
1f2f
198a
178c
ffff
ffff
ffff
ffff
ffff
ffff
ffff
ffff
ffff
ffff
ffff
ffff
ffff
ffff
ffff
ffff
ffff
ffff
ffff
ffff
ffff
ffff
ffff
ffff
ffff
ffff
ffff
ffff
ffff
ffff
ffff
ffff
ffff
ffff
ffff
ffff
ffff
ffff
ffff
ffff
ffff
ffff
ffff
ffff
ffff
ffff
ffff
ffff
ffff
ffff
ffff
ffff
ffff
ffff
ffff
ffff
ffff
ffff
ffff
ffff
ffff
ffff
ffff
ffff
ffff
ffff
ffff
ffff
ffff
ffff
ffff
ffff
ffff
ffff
ffff
ffff
ffff
ffff
ffff
ffff
ffff
ffff
ffff
ffff
ffff
ffff
ffff
ffff
ffff
ffff
ffff
ffff
ffff
ffff
ffff
ffff
ffff
ffff
ffff
ffff
ffff
ffff
ffff
ffff
ffff
ffff
ffff
ffff
ffff
ffff
ffff
ffff
ffff
ffff
ffff
ffff
ffff
ffff
ffff
ffff
ffff
ffff
ffff
ffff
ffff
ffff
ffff
ffff
ffff
ffff
ffff
ffff
ffff
ffff
ffff
ffff
ffff
ffff
ffff
ffff
ffff
ffff
ffff
ffff
ffff
ffff
ffff
ffff
ffff
ffff
ffff
ffff
ffff
ffff
ffff
ffff
ffff
ffff
ffff
ffff
ffff
ffff
ffff
ffff
ffff
ffff
ffff
ffff
ffff
ffff
ffff
ffff
ffff
ffff
ffff
ffff
ffff
ffff
ffff
ffff
ffff
ffff
ffff
ffff
ffff
ffff
ffff
ffff
ffff
ffff
ffff
ffff
ffff
ffff
ffff
ffff
ffff
ffff
ffff
ffff
ffff
ffff
ffff
ffff
ffff
ffff
ffff
ffff
ffff
ffff
ffff
ffff
ffff
ffff
ffff
ffff
ffff
ffff
ffff
ffff
ffff
ffff
ffff
ffff
ffff
ffff
ffff
ffff
ffff
ffff
ffff
ffff
ffff
ffff
ffff
ffff
ffff
ffff
ffff
ffff
ffff
ffff
ffff
ffff
ffff
ffff
ffff
ffff
ffff
ffff
ffff
ffff
ffff
ffff
ffff
ffff
ffff
ffff
ffff
ffff
ffff
ffff
ffff
ffff
ffff
ffff
ffff
ffff
ffff
ffff
ffff
ffff
ffff
ffff
ffff
ffff
ffff
ffff
ffff
ffff
ffff
ffff
ffff
ffff
ffff
ffff
ffff
ffff
ffff
ffff
ffff
ffff
ffff
ffff
ffff
ffff
ffff
ffff
ffff
ffff
ffff
ffff
ffff
ffff
ffff
ffff
ffff
ffff
ffff
ffff
ffff
ffff
ffff
ffff
ffff
ffff
ffff
ffff
ffff
ffff
ffff
ffff
ffff
ffff
ffff
ffff
ffff
ffff
ffff
ffff
ffff
ffff
ffff
ffff
ffff
ffff
ffff
ffff
ffff
ffff
ffff
ffff
ffff
ffff
ffff
ffff
ffff
ffff
ffff
ffff
ffff
ffff
ffff
ffff
ffff
ffff
ffff
ffff
ffff
ffff
ffff
ffff
ffff
ffff
ffff
ffff
ffff
ffff
ffff
ffff
ffff
ffff
ffff
ffff
ffff
ffff
ffff
ffff
ffff
ffff
ffff
ffff
ffff
ffff
ffff
ffff
ffff
ffff
ffff
ffff
ffff
ffff
ffff
ffff
ffff
ffff
ffff
ffff
ffff
ffff
ffff
ffff
ffff
ffff
ffff
ffff
ffff
ffff
ffff
ffff
ffff
ffff
ffff
ffff
ffff
ffff
ffff
ffff
ffff
ffff
ffff
ffff
ffff
ffff
ffff
ffff
ffff
ffff
ffff
ffff
ffff
ffff
ffff
ffff
ffff
ffff
ffff
ffff
ffff
ffff
ffff
ffff
ffff
ffff
ffff
ffff
ffff
ffff
ffff
ffff
ffff
ffff
ffff
ffff
ffff
ffff
ffff
ffff
ffff
ffff
ffff
ffff
ffff
ffff
ffff
ffff
ffff
ffff
ffff
ffff
ffff
ffff
ffff
ffff
ffff
ffff
ffff
ffff
ffff
ffff
ffff
ffff
ffff
ffff
ffff
ffff
ffff
ffff
ffff
ffff
ffff
ffff
ffff
ffff
ffff
ffff
ffff
ffff
ffff
ffff
ffff
ffff
ffff
ffff
ffff
ffff
ffff
ffff
ffff
ffff
ffff
ffff
ffff
ffff
ffff
ffff
ffff
ffff
ffff
ffff
ffff
ffff
ffff
ffff
ffff
ffff
ffff
ffff
ffff
ffff
ffff
ffff
ffff
ffff
ffff
ffff
ffff
ffff
ffff
ffff
ffff
ffff
ffff
ffff
ffff
ffff
ffff
ffff
ffff
ffff
ffff
ffff
ffff
ffff
ffff
ffff
ffff
ffff
ffff
ffff
ffff
ffff
ffff
ffff
ffff
ffff
ffff
ffff
ffff
ffff
ffff
ffff
ffff
ffff
ffff
ffff
ffff
ffff
ffff
ffff
ffff
ffff
ffff
ffff
ffff
ffff
ffff
ffff
ffff
ffff
ffff
ffff
ffff
ffff
ffff
ffff
ffff
ffff
ffff
ffff
ffff
ffff
ffff
ffff
ffff
ffff
ffff
ffff
ffff
ffff
ffff
ffff
ffff
ffff
ffff
ffff
ffff
ffff
ffff
ffff
ffff
ffff
ffff
ffff
ffff
ffff
ffff
ffff
ffff
ffff
ffff
ffff
ffff
ffff
ffff
ffff
ffff
ffff
ffff
ffff
ffff
ffff
ffff
ffff
ffff
ffff
ffff
ffff
ffff
ffff
ffff
ffff
ffff
ffff
ffff
ffff
ffff
ffff
ffff
ffff
ffff
ffff
8006
8003
0214
0c24
0735
1a55
1b65
1474
0881
051e
8207
7c84
0406
8604
0987
140e
8807
7d8b
0300
1301
8e04
0b8f
0515
ff34
fc61
d0fc
e7e0
ce9a
bc50
fac1
73cb
0671
72d5
dcb0
7179
edcf
e174
2e14
ff00
5c50
5c50
4441
df1d
32e3
957e
28bf
3883
8dfc
03bf
34b3
fbe7
e1f5
ef8f
2cbe
656f
3d95
193f
8555
085c
505a
ac0d
0fb4
2e77
c77c
73f6
9f93
087e
abf2
6ffa
9457
dfdd
b8a0
81e8
8003
0014
0525
1035
1446
2a56
2b66
3073
0181
0404
1767
78df
8205
1118
e383
0406
162f
28de
38e8
78e2
8406
2d18
ec85
062e
18e7
7769
8605
1217
6a87
050f
176b
8807
6818
eb28
ee78
e989
08e6
8a07
6617
6c28
f08b
0772
8c05
0e16
2c27
6e37
708d
0632
78ea
8e05
1317
6d8f
0631
ff24
9249
26b7
caa7
84a4
9292
b982
2bd9
0304
1140
8196
eb77
9caf
b922
3112
8ef4
12f1
d0ac
bfa1
0947
d182
6b40
81a1
8a4f
f3ee
cb36
23fb
e78b
7c3c
3c3c
6b0f
0f0f
23ff
5fff
3c5b
e1e1
e1e3
5878
7879
16ff
1f54
7f4e
a81f
0d61
07e8
575d
33c1
a88b
7865
41fc
30d6
bee9
5bae
e608
1036
7bd0
25af
0819
2e57
8416
d1e1
2881
f2ab
3d59
ffa7
9ffa
6493
56f4
2f86
f55c
4493
c459
5830
6830
deae
fc18
9278
afaf
7abb
f062
4d57
8fe1
8684
79e9
17ec
658b
f352
2fcc
acaf
ccad
5b1a
5df9
fdda
7ff4
7889
3ffc
d3ff
a3c4
4fff
bfa5
9f9e
3061
b1f1
af33
e2b7
ae67
c60c
b99f
46aa
7825
9f9f
b892
492a
cbfc
3249
24ad
d67e
bc92
4936
735e
4924
92b3
2492
4cd6
fe67
4492
4929
f9fb
1f7f
e7c7
e7d3
f3e6
bfcf
d789
c4ae
2b8a
e23f
7f57
e7d7
130f
cfc3
15fc
fc31
35fe
7c62
b8af
ebc6
2bfb
f30f
cfd5
f9fa
d31a
e69f
bf84
c7eb
c62b
88fe
78c4
7e7c
7e7c
6249
3863
0c61
faf1
8c31
18ac
c4ea
4095
2629
54d2
75ce
18d7
f9f1
8c31
1fbf
abf5
e6af
cfd7
f9f3
5feb
e9fb
f249
24c3
ffdf
ee24
9247
fb87
ff89
87e7
cd7f
9f26
1673
6f1b
d5f9
ab8b
f37e
ae11
bbf4
8c58
df4f
d8fe
cba8
ffef
fe84
98bb
f5f7
2e4c
5733
d7f5
799f
15fd
25d1
2ad5
b557
d4c7
0624
b130
fe19
24ab
eb7b
54f6
4a3d
b3d2
575b
7425
fb71
aff8
2fe2
dfdf
3869
ffbe
ff16
feff
fdcf
fcbf
efbf
c5fd
1d7f
d112
fdbc
1307
fecb
9f8f
fefb
fc5a
ffa3
fa6f
f0d7
ae55
3097
f1c9
0d5c
490d
5c6b
ced0
bcd6
c4b1
27a2
d96b
2496
25ab
d7d8
c848
6ad9
0d4c
8f35
323e
b68f
1108
1020
ce10
2042
af0f
0f1a
c3c3
c3c7
f563
77f0
d5aa
47aa
0417
e708
1021
5787
878d
61e1
e1e2
e8ff
55b5
ff0c
33eb
4640
8338
4081
0abc
3c3c
6b0f
0f0f
17e7
fd91
5886
35c4
3571
0c6b
886f
e8de
4924
9835
b2d7
0624
7e86
bce4
9fdb
b068
d6c9
831d
fdf2
74ff
df7f
8bfa
2fff
084f
db9a
7ecb
9e37
7fdf
7f8b
7f7c
9feb
7657
1312
4931
ff08
635c
45f5
455a
a898
86ae
22ff
d8dd
fa4a
b78d
4812
b435
bc3e
b78f
dbb5
d1bb
f86a
fa93
5840
82f8
a040
810a
bc3c
3c6b
0f0f
0f1a
7f4f
fc3f
d3d4
d164
0833
8408
10ab
c3c3
c6b0
f0f0
f1fe
34c2
2492
4f1e
7bb7
9595
0271
8654
8718
60d4
bad6
aeee
caf9
cf10
4081
0670
8102
2b06
0c2f
0c18
30ff
a693
ff21
c5fe
3249
2d87
1711
2493
c5c5
8356
c49c
38af
23b1
f27c
9f72
06fd
8ade
1021
3abf
a9c4
64f9
3e4f
93f7
c204
0810
d68f
fea5
dc4c
5f27
c9f2
7cb7
d020
4084
5d84
7b3f
8ead
5b2f
649f
0b90
452a
bd09
c1f0
e7d6
449f
27c9
fabf
c2a8
1020
425e
b73d
6e1d
88d6
be21
abe6
0d5f
3065
613c
6419
5867
906a
91e1
83e8
f0d7
469a
ceaa
d85b
5b0b
68c1
85b4
60c2
da30
616d
dfa4
d76d
d124
e1cd
5a4c
e988
fea8
8beb
8caa
8da9
5724
ae67
0d3f
a2d7
cf12
4e12
c10c
357e
943e
37dc
221f
157c
579a
2bcd
159d
b113
b632
096c
825a
8b9d
50e9
8ff5
635b
3f06
32c1
0d72
feac
847f
43c6
8bbc
ad13
0ec7
c9eb
7206
cf4b
c213
c7af
f6bf
f232
7c9f
27c9
fbe1
0204
086a
4fd3
dbaf
b38e
8dfa
20cb
d927
c2e4
114a
af42
4fe8
b5fe
97fe
527c
9f27
c9fb
e102
0408
6173
d6e5
ba2b
7479
c71d
cbfe
2127
c9fa
b987
f057
9820
409f
9fad
03ea
64c1
83f8
d6f2
4925
757e
d75f
65d6
f193
5fe6
6a4d
a4e9
fd16
bfd2
9249
30d5
fa59
2dff
a24e
68af
3456
76c4
4ed8
aa5b
2096
c33a
a13a
63fc
5d58
4aab
a519
42e1
108b
7088
65b8
4432
dc22
1835
c221
830e
30d9
f8e0
dfb2
17d4
c197
b1e1
96d5
bd6d
1bcb
686a
5c1a
917c
bf8b
ff22
f93e
4f93
e5be
8102
0434
4d6a
fb5f
268f
3ab0
6fd1
418f
4124
c7fc
3ff2
3c44
9297
c2f8
86ad
ab62
49a9
86af
e23c
924e
aad8
5bfc
57fe
938f
9c93
4e69
5493
42ba
63fe
1249
24b1
2492
495f
e1ab
56cb
d927
c2e4
1146
846f
45b8
e127
fed5
5bf8
464f
93e4
f93f
7d24
f93c
3e4b
aa12
5d50
95bf
b2b7
fe5c
664f
93e4
f93f
7df2
493e
4f1a
975a
c917
5ac6
eb7f
656f
fc8c
9f27
c9f2
7efb
e4f9
0cf2
1fa7
0926
1ac2
49ae
fd15
d6df
2fe1
3159
3e4f
93e4
fdf5
7c9f
27a3
d350
d419
e8b9
c5f6
dcdf
a424
937e
1fe3
5fe9
9249
3c4b
cffb
75d5
460c
2da3
0616
f3ab
06ad
8371
d1a1
fc38
4848
6a0f
547c
95e3
9979
8734
ade5
cfca
de56
9ff9
13ae
4353
e5ad
73ae
a1cd
4fd2
72fd
2da7
fe44
8fd3
ca9f
a759
3f9b
f4c3
9907
2fda
72e7
3ff2
255f
21fa
7960
9ccb
cd0b
b95d
6f2f
d29f
f913
fe32
49c2
fa9a
23f8
715b
e3cf
ae50
7d68
1f46
081f
4608
1f46
081f
4609
5b04
97f1
7512
4978
7878
7abc
3c3c
7fdd
e49c
12b4
0f0f
0f40
c1e1
f20c
3f4f
20dc
ea81
8495
0306
4081
8323
d583
23d5
8323
e8c8
fa32
3ea7
ddfc
24c1
8924
91fc
3c2d
d70d
7bcb
fd15
4fe3
c3f8
2bfd
356a
b7b0
fea8
e68b
a2e8
b824
d269
3419
3bf3
bf9f
5fd3
caeb
730f
f78c
b987
30e6
85b9
5b95
b969
8ba2
e8ba
2e9a
4d26
93ce
1020
49ff
aadf
fff3
0e61
cc39
85b9
5b95
b95b
97f5
562e
8ba2
e789
a4d2
6931
3b33
72cd
c85d
27d5
fef1
cc39
8730
c83e
6f9c
b476
511f
9ea4
d75a
1427
0497
f443
cd6f
c130
6c25
5bf0
41fc
18da
956f
53f7
55ec
35ec
af65
362f
1716
687e
e85b
4d87
2b69
b1f5
6ca6
c5e2
e2cd
4f01
6ae6
1b2a
c972
b619
2e59
9730
fdd4
3c38
b89f
47ec
cad5
b7f3
b9b2
9acc
3c65
3598
78ca
d5b7
f3b9
9f47
ecde
ab7a
af0a
bc2a
f0ab
657b
2199
7c17
3108
6b42
9536
7a5f
9e17
84a5
e187
ec62
8f8d
72a9
2883
3bd7
f42a
8b9c
23d9
5209
2560
8d74
1827
f089
3835
48d5
2469
9e35
2458
343f
a63f
a63f
c6bf
d341
fc34
61d0
8cbb
d461
fa26
8235
48c6
b624
e1fc
2fd0
d5bd
5785
330d
8609
4608
fe43
6064
d7f9
bcca
d1bb
8f89
b35b
7ff2
ada6
6761
2c25
9ada
6676
6b6f
fdd7
1713
f0ca
d866
b466
987e
613d
930f
cc27
9b2b
619a
d0fc
38b8
a0ff
dd2d
bf9d
f078
9878
d8f1
30f1
b16d
fcef
841f
fbad
eab7
aacd
866c
3313
866a
b3d7
9ebc
f526
ba27
e9e0
9af8
c24b
5c55
3f4f
186b
e3a3
c46a
788d
4f8d
71ad
ab62
9532
342f
460c
1823
2de1
1a0c
11aa
46a9
1ab6
2708
ff84
9243
5711
1ae2
2ea6
78ca
3cf1
8347
f4f5
71bf
0892
4ffc
bfef
ff7f
f912
4ff4
b9ff
effd
7ff9
124a
c708
935b
56c9
5323
42f4
6832
45aa
46a3
245a
0c8d
5235
6c49
2bd9
fa18
5a97
71d2
eb6f
2493
bfc5
ff22
493f
e18f
f8d3
fc4c
4927
8daa
e362
4924
92bf
a6a4
b8da
1cea
8b74
86b5
6943
5b20
45d6
d168
ef5a
7fed
c477
cbf0
6ff2
1ffb
711d
f27f
e87f
8d0f
e1fe
94ef
9c13
fc97
1371
fdac
1022
dcbf
a156
ba59
d7a2
dfd2
cae9
5c49
26ec
1a57
556d
cf68
ef0f
e0c3
fa2b
fe11
fe11
11fc
1178
419c
6f52
5195
dfa6
fdbd
7fa7
aff4
f045
78fd
3e71
fd10
86af
fb12
7fef
be4f
fdb0
4af3
d683
fefb
e4be
5fa7
b5f6
e75e
8487
47e8
56f1
fa7d
4cbf
b11c
f567
1756
81ff
a4fd
15e1
04ae
87ec
6325
cf04
90cf
0c50
675f
d7aa
2feb
f9d1
7f5f
7fe9
f43f
412f
c317
d7f9
feba
630d
0742
ece6
cdcd
9922
3fc6
3fc6
3fc6
3fc6
3fc6
bfd3
87f0
c7e8
b34b
3730
ce39
6352
0e4e
a903
f955
9ca1
3fea
8e1a
0e18
f286
23f3
e390
fe7a
0e5f
bf54
1c86
2bc7
7fed
cbf0
c5f5
e21e
6582
4b04
92ff
15f9
eade
abc2
9986
c269
986c
abc3
8b8a
dbff
956d
361c
d866
b6f5
d82d
5fe5
7171
619a
dc26
bb21
35d9
0b4d
79b8
b8bf
7556
c16a
e623
6656
d366
5997
62ec
86f5
5bd5
7eea
1986
c16c
325c
d386
4b9a
74d8
2d87
eea1
9897
c1f9
9727
87e5
4ca5
9559
9d9a
bcd5
6686
cab3
f3db
0416
e7a2
0b93
08d4
81f5
a143
75b7
5bcf
6c7f
8211
507e
c654
4ad8
306b
87f4
c5df
d341
77f0
e37c
ae95
d226
ec1b
0695
77ca
adea
9f6c
9bf6
a550
4ab4
124a
9067
a924
704f
dbdb
fa26
8354
812e
87f0
61fc
1820
4096
983c
3d6e
1249
24ae
b52a
dea6
67e1
93f0
ca55
e676
19a9
b178
b883
f32f
83f2
ab36
55ec
af36
1986
c5f0
e2e2
f05c
cf1e
10c9
fb2a
cb65
5fba
abc1
760e
2e25
7e68
660f
ca19
84b2
ab27
66ab
2cd5
6686
c866
deab
7aad
8f87
eeb2
b6bc
d3af
34e9
b32b
69b1
f0d8
4f82
e678
d82d
19b2
7d79
b2d9
95b4
d996
6af6
4331
21f9
aa7e
59aa
cb31
35e6
35a1
c109
24a4
9249
248f
f5d7
f4e1
f479
355c
70cf
fd29
577d
5bd4
e887
443a
21d1
55f4
60d5
5f5b
1249
3060
d574
55bd
5df8
3125
bfa5
7325
4fbd
2ade
4827
4243
f869
0fe1
a43a
1778
313f
aba7
21f9
babf
564d
5fab
a7e6
caff
2e1f
cb5f
edc3
f910
fdc3
43f5
6392
55f9
b41c
8ffe
c7fe
ffd7
0fe4
43f7
0c3f
b64d
3f96
bc87
eee1
fcba
b975
d7d7
5fe6
d790
e461
faba
bf57
47fe
ae8e
ee82
0ee4
593b
f370
473d
7927
2cc3
953f
363f
9757
e6c3
e1cb
5f27
0e4b
62a5
48e9
2bdd
b1ee
573f
3721
f9b1
c979
0e55
7eae
be55
7287
224d
7fab
abba
9cbb
a9fb
ba7e
ee9f
b8a7
41fd
58e4
8396
8c34
61fb
ba7e
ac72
41cb
f70d
0fe1
9a7f
6e9f
b8a7
ee3f
f7c8
7fef
fd03
fc65
790e
43f3
75f2
aff3
74fe
5af2
1fbb
87f2
21fc
33c8
72fd
0f2a
e4ea
ddaf
956e
fcda
c9cb
d7ca
3d83
45e3
7831
e483
90e4
95ba
41c3
90e4
f709
27ea
d73f
f2e1
fd84
1fd3
23fc
5751
fa91
5fa2
0c1f
88c5
033d
a788
c506
7098
8c51
8304
c462
105e
9886
cb76
3341
fefe
287f
0552
8f6a
6b08
c835
f3e2
8c97
71da
93c5
df9f
cb97
fff8
b7ff
eeff
d2ea
d69f
a4d7
a9f8
7fef
fffc
5bff
f7ab
7cc3
ff7f
ffe2
dfff
bef9
2ffd
36bb
6e0f
5cec
8bfb
7460
947a
2fe8
55f5
6728
37a9
1fcc
be50
4fcf
c655
5b2a
5d14
aa4f
35a1
c244
d695
a46a
48dc
6a8d
d22a
978b
9919
ffc5
8ddf
ddbb
2b31
eec9
c1a9
8de1
049f
fb18
27f3
86af
e443
4f56
89e8
b344
f419
1c25
31d8
26ba
29a0
69ea
b344
ff70
6a7c
9f52
0484
c6a9
f60d
10d1
a7ab
1fdc
3b43
8a09
3e4c
1a08
1024
c6ad
a27a
21d6
3469
eac5
d8fe
e1c1
aa64
0824
f92a
4102
7eb8
6adb
dc22
df9b
fdab
d907
f36e
8a62
ec6c
cae8
860c
1d95
c810
5f8a
a0fd
8cbf
dc3f
d64e
7a93
8d20
91b8
dd18
46e9
1932
5e2e
6467
ff16
377f
76ec
9dd7
8bb1
c9d6
abd8
62c2
4f5f
d0aa
041b
46a1
3975
d340
d3d4
ec7b
b1b1
a8fb
c209
3e09
0419
e531
a86d
1a29
d7a7
abb9
d8f7
42da
9f20
824f
0952
0d42
6355
3443
4f56
8777
3b1d
01a1
6ac9
5f20
8a81
29b4
6a13
1d74
d034
f577
3b1e
b741
9eb6
c9f2
57c9
5020
45d5
b46a
875c
77bf
6af6
41fc
dba2
9fc8
cae8
be16
bb2b
9241
f7e3
5e79
6d1f
9fda
3f37
1fdc
3233
ff8b
1bbf
bb76
5dce
c746
4e85
ab8b
07c8
20ce
129b
46a1
31d7
4d03
4f56
2ec5
dd78
b830
b55e
c810
49f0
4820
4fd7
0d42
7dd4
d1a7
ab43
b176
8763
a159
5a1f
a454
1284
9167
a068
fd70
eb1f
b81a
7aba
f177
7395
ed0b
64f8
3e4a
8102
2ea1
31aa
9a29
a7ab
1775
e2ec
740b
55ec
f082
4f83
e081
024c
6d13
13d0
3ae3
c9b9
7ed5
ec83
f9b7
4534
70ca
e88b
6f0e
cae9
3d6f
c57f
a3fa
6fe7
0bff
9648
4c22
86bb
a26b
41d0
58b1
2494
ff19
25e4
9c12
8d23
5f3c
8d52
e7ae
5761
23fd
5bff
a3af
37f8
eafd
268e
6de8
5da3
c3f5
bcff
d897
f96f
a4a9
d849
57e5
cb2f
cce5
cb37
4e9e
c128
4aad
6956
f761
7a0d
efce
eccb
c3a7
4ca1
a849
06bc
e118
7406
c2d6
1d0b
9b2f
dd7e
77a7
4fe9
a1ab
f423
5e7d
e1d1
d8bf
a483
51bf
3b9b
f7b9
ba74
ff99
bfc2
3fa7
9a47
f87c
da2e
fe56
8e7f
e473
cbfa
b217
0deb
a447
3c39
e46e
9425
cf2a
a576
123c
fd17
3671
ac23
f330
bc5e
7473
0bc5
f768
cb66
5b39
ffb1
2ff2
df4d
4f41
ac67
bc5e
2f87
642f
83ef
d9fa
df0e
9d30
d547
8ce3
5861
78bd
7b17
b05e
1a19
6ccb
37eb
7a74
ea86
a19c
6bce
2f1d
02d2
c3a0
659b
2fdd
65d3
a575
535e
71ac
740b
c7e9
0b0b
c7eb
7365
b32e
9d3a
87ed
9b38
fd88
bc6f
6691
bc5f
cda2
ed99
6cd1
cffc
8e79
7f56
4354
1ae6
ce35
e719
9874
11a3
9874
0bb4
65fb
acb9
ffb1
2d2d
2a4b
f423
584d
e178
6ec2
c2f0
df9d
cd96
ccb3
74e9
d43f
6c33
8fd8
8bc7
4117
8e81
b32f
dd65
d3a5
7542
5af3
8784
e80c
1abe
ce81
78fd
d65b
32e9
d321
a848
4906
7081
185e
1832
f642
d67a
bd9e
367e
77c3
2e9d
321f
c664
1fc1
0c3a
334a
d5ec
a3d9
79b4
5d96
cfce
e8e7
fe47
3cbf
ab21
70de
915e
735d
d2ae
44e0
fff1
9249
265f
e324
924a
04fe
1a33
ff8b
1bbf
bb76
5662
ec5d
9383
060d
8de1
020f
d884
09ff
ee9d
3d5d
ced0
ec5d
0616
8690
9412
8904
98da
344a
7a07
58d0
3469
ead0
efe4
3835
4cb2
787c
9502
0408
3f5c
3f5c
3b87
769e
aee7
62ec
7442
d0cf
57c8
22bc
2410
20d4
3689
d3ac
68d3
d5a1
d8bb
1762
e168
60c1
a410
204a
2040
931f
ded0
3fb1
a7ab
177f
2310
d5a0
93c3
e4a8
1020
4fdf
0fd7
7ee0
7769
eac7
bbf3
fa31
c1e8
f0fc
f040
94da
3f5c
3b87
70d1
a7a9
d8bb
1d1f
9fd0
c19f
5243
3878
7d72
1a06
da68
1d63
4f57
ee31
762e
a983
49f2
7a04
5408
1027
e9bf
9d7c
7f90
8cff
e2c6
efee
dd95
98f5
bb27
067a
db8d
eaf9
3ff6
2102
7ef8
6a9f
ee21
a34f
563f
b877
5d4c
a824
f909
3e08
1024
c6af
df68
87ee
34f5
773b
1763
a20c
1a0f
9040
8a81
0243
fbc2
3fdb
6249
2530
d3bf
9bfc
6747
37f4
eed1
fdae
7fec
4b4d
da84
8490
6708
1185
e1ad
7da2
d2c2
f7fe
b736
5e1d
3a47
e987
e987
e847
e846
f0de
2378
6f65
e197
874e
987e
9848
3c7e
8420
61bc
197b
2168
bc5e
f196
ccbc
32e9
d321
fd64
1fd1
61fd
3b4b
ffa7
97fa
ba74
fed8
7e9b
f623
f43d
0378
f40d
efdd
65e1
d3a7
50fd
3096
71fa
1097
8de0
c2d1
6d1a
1786
cdfa
dd99
66e9
d321
a86a
08fc
e338
e817
91d0
2f1f
bacb
665d
3a61
fc6f
d3ff
078b
f687
a3f7
bfba
e9d3
fc68
7f07
58cd
fd3a
bf48
3473
5ef5
7dda
3c3f
3b9b
9ffb
12d3
72fe
d906
bfd8
b0fe
9afe
920d
4dec
dfbd
f0e9
d23f
acbf
d15f
e995
fe98
cbfb
5974
e9b4
924e
085a
b90f
e992
58b2
a54c
33d4
c33d
57c5
b4f5
62ec
7add
8e80
cf5b
5515
f27a
2a04
08bb
46ad
a3ae
1d63
4f57
5e2e
c7ad
caf6
7adb
27c1
f254
0811
7509
8d54
d14d
3d53
775e
2eeb
16ab
da92
7c95
f040
8126
3f7c
25a0
7ee1
74f5
75e2
ec5d
8ba0
c183
49e8
1022
a040
8125
fee1
fe8d
3d58
bbb9
d8e8
16c2
d541
27c9
e944
08b3
1fce
1a07
f206
9eac
5d8b
bf70
1835
1022
be4f
0810
204f
df0d
53fd
c434
69ea
c5dd
78bb
ac5a
af65
4127
c1f0
4081
2635
0989
68a6
85d3
d5a1
d8bb
1762
e168
60c1
a410
204a
2040
921f
de5f
ec69
eac5
da1d
8bb4
3830
60c1
9033
d1ec
a970
b85c
9fae
dedb
dcc1
baf4
f563
dd8b
baea
6547
87a0
93c2
0408
1368
fe77
58fe
469e
aee7
62ec
5d06
0c18
3e41
022a
0408
107f
baec
dfd8
56aa
d7a3
556b
d1aa
b5e8
d55a
f46a
ad7a
3556
bffa
3195
6c12
b62c
4963
d02e
64c3
3c39
e433
d57e
712e
756c
e257
4191
6546
86a7
ab5c
d9c6
b083
f861
a1fa
485e
f57b
0f0f
ceec
cba7
4aea
a6bc
e358
e817
91d0
2f1f
bacb
665d
3a64
3f6d
4fd8
87af
4065
fd22
da24
af65
fcdf
e776
7e77
a748
ff33
ffc3
c5d8
7fa7
f9df
ed74
e990
fe30
41fc
10c3
f870
fda2
b3e0
f61b
3f5b
b32e
9d3f
b684
bf62
35a7
40de
fd22
fe92
0d4f
d6e6
fdef
4e99
524a
8358
40f6
1786
0c58
5e18
366c
b665
9b2c
dd3a
57fa
c1ff
d11f
e3ec
ad87
f4f3
65fd
ae9d
3fb6
84bf
6235
a740
deab
f49d
14fd
d7ef
7a74
fe99
836a
fd0e
f67b
ed0f
16b2
b5a2
d617
8de0
db32
f0cb
374e
9d43
f8d9
c7f0
6f1f
c316
8b68
d0e8
cdfa
dfdd
74e9
1fe6
1fe1
1fe3
23fc
797f
aba7
4dc3
fa78
273d
33d5
9c5d
25cf
7c97
3b41
0234
33df
468f
f06e
c2d2
4925
a3fd
17a3
556b
d1aa
b5e8
d55a
d28b
556b
4a35
dac7
fc31
c189
2d84
a2d5
5ad2
8b43
8e48
3a17
3d2f
fd8d
2ffd
0d57
a60c
4f11
39eb
ff08
bffa
2bfc
389e
2249
cf5f
1ff4
cf11
249e
23fd
38b4
3384
61fb
1bc7
e86f
825f
5313
87ec
6e8b
556b
4a35
dac4
9277
efae
328d
f4b5
b571
b43b
2f89
277c
96c2
3fe1
24ef
9277
c93b
fa7a
b1ee
c746
2ead
ec8f
0f4a
2045
b9fb
46d8
758e
b170
d3d5
8e89
fee1
d832
424f
9568
1184
c7e9
a770
d14d
1a7a
bf71
9771
0f93
d64f
0812
0835
32ea
873c
34f5
59fc
875a
d532
c9e1
f254
0810
20fd
70fd
70ee
1dda
7abb
9d3e
e85b
53e5
093c
2548
3689
8d43
ac68
869e
ad19
68cb
1763
a2a6
5944
4502
2a04
08bb
47ef
8758
fdc0
d3d5
dd3f
dc19
3e49
2787
8408
1026
afdf
09af
ee06
8d3d
5a27
fb8c
5d83
4903
e4f4
5408
1026
d1ab
f9c3
568c
b467
19d6
ebc5
e338
b45b
4683
0bf3
7eb7
365b
3a74
dc35
4257
2a6b
090d
e0d0
fd22
beb6
cd97
2fde
e6e9
d30e
7a6b
8abd
77aa
fd22
b3eb
61fb
dd19
6ce9
d3fb
61fa
6fd8
8fd0
f40d
eb4e
f0de
cbc3
2f0e
9d23
5095
33c3
58be
178e
c876
41e9
0fd6
ecfd
6f4e
9d43
f6c3
38fd
88bc
740b
623f
4915
4a20
cb37
ef73
65d3
a57f
6c25
aff6
213f
a61b
f487
7837
eb7c
32cd
d3a7
543f
4d9c
6bfd
0de3
f870
fd22
df4b
f67e
f767
4e9f
f90f
f711
fee2
47fb
88ff
f7fb
8fff
89ff
f1ff
f2ff
3a1b
46d2
49aa
661f
be5d
a319
88fe
b863
3ae6
2711
b576
a0da
66b3
499a
bf5c
9b53
f7c8
4987
ef90
4d07
eb92
6567
5eda
b6d7
b70d
a709
9abf
7c9f
ae1f
ae5c
6627
4c7f
9cbb
5675
7eba
1fde
4fd7
19a4
e9b4
9384
d7f5
c826
9fbe
499f
d727
efb1
dabf
aec6
75ed
35fe
b97f
bc9f
be29
fce5
4da3
6924
d53a
6f92
706a
dab6
adb0
e84c
33e1
9eab
f3d6
dfa1
a9bf
4355
f9ff
a483
7c92
4a1d
fff0
9249
249a
92bc
f7af
e85a
1fa1
6867
be88
1b06
adab
6249
aefe
3e80
dfb1
a5ff
b1a5
ffa1
aaf4
c189
ff97
fca4
f93e
4f93
f7c2
0408
10a4
ffa2
39bf
ad6f
f487
f884
9f27
eae6
1fc1
5e60
8102
7e7e
b4c1
9306
096f
edd8
25cc
1ad8
25c2
da91
e498
69fe
aeac
2555
d28d
2e11
a5c2
2196
e110
cb70
8860
d708
860d
0e3c
fff2
e37c
9f27
c9f2
df40
8102
1823
ea4b
85b0
68da
fb61
2ad2
32ba
b88b
a08c
222e
a308
8b95
8308
8b95
8308
8ba5
bc1b
9e4d
0678
e6fe
b09f
f449
2349
ffbe
ff16
fefb
dcf7
3dda
f90e
4390
e43f
d31f
fbef
f16f
efff
dffd
c3fc
4e87
0ab7
5565
7657
ba9c
090e
aaca
b757
6576
0dd4
e01c
4d38
0b16
caec
af70
7616
0751
c4ee
1fec
5fee
2d82
c858
2c87
f707
0246
eaf7
1356
ea6e
270f
e642
c161
26a7
1357
0ab7
0b16
c5b1
6caf
7538
134e
1559
5d95
b83a
bb28
e571
2380
7437
2b96
c858
2ca3
86ea
700e
260e
5b15
cbc0
3a16
5761
8383
95c4
8dc1
cb60
72b8
e160
7074
1c37
072b
8987
0aac
5b16
c5b1
5c1d
5d94
72b8
9a6e
a383
8395
c1c4
9355
8b65
2ca9
d838
9249
249c
1cae
a703
4e10
70b0
38ad
8487
071a
3838
d1c1
c68e
0e57
56ea
aca7
f70c
3841
c2c0
e2b6
126c
0ea5
81c4
95b0
d6e1
6074
381a
ac35
3838
9347
0dc4
9a9c
ae5d
cae2
6ab0
c2c3
c29c
0934
dd55
81cb
6135
d86b
70b0
3a1c
0d76
54e0
ea38
389a
383b
0dd5
581c
4925
5c2c
0e87
030f
ee52
c34b
0383
8934
7071
2493
5586
ae10
70b0
3892
ae57
0752
cadc
ae57
1270
7116
0743
853f
990d
c4e0
e0ea
383a
8e0e
aac2
4924
d5fd
c13f
e97e
bbf6
5b43
8581
c492
ae16
070d
bfb2
fe77
1feb
95d8
3893
8395
cbb7
f65f
befd
96d0
e160
715b
0383
a8e0
ea38
3a8e
5dc2
7fd2
fd77
ecb6
870b
0396
c360
752c
0e5b
2b70
b038
6dfd
97f7
b8f6
c1c6
bb2a
710e
572e
e570
fdf7
1feb
bfa5
3870
a6e8
700e
2b65
6e16
070d
bfb2
fdf7
ecb6
870b
03ab
b29b
aab0
38ab
8581
c36f
ecbf
5dfd
298e
1838
3a8e
0e24
afeb
b8ff
9dfb
2da1
c2c0
e2ae
1607
2b85
81c5
5c2c
0e1b
7f65
fbef
d96d
0e16
0715
70b2
adc6
adc1
c36f
ecb6
8dbc
7fae
5760
e24e
0e57
427f
b2da
27fb
2da1
c2c0
e2b6
0707
51c1
d470
751c
bb97
fa53
13fd
96d0
e160
72d8
6c0e
a581
cb65
6e16
072c
ff65
b47e
bb8f
6c1c
6bb2
a710
e572
ee57
2feb
b8f6
8fe9
4e1c
29ba
1c03
8ad9
5b85
81cb
3fd9
6d13
fd96
d0e1
6075
7653
7556
0715
70b0
3967
fb2d
a3fa
531c
3070
751c
1c49
86de
3fd7
09fe
cb68
70b0
38ab
8581
cae1
6071
570b
0396
7fb2
da27
fb2d
a1c2
c0e2
ae16
55b8
d5b8
384c
7026
ab0d
85c4
c384
4925
c6c2
ea70
84c9
1fcc
2e84
771a
4774
3fb8
4aba
6493
5ba6
49b2
a72b
a0e1
6074
22b1
a46c
8c3f
b84a
ba6b
3713
08ac
60e1
6074
3813
4e06
8e57
1355
84d1
d359
ba11
33af
8cce
8e9b
b6b8
9870
83a8
e847
7175
5ba1
172b
a11d
c4c1
d324
d6e9
9c23
c0af
f709
2bfd
c846
c893
074d
66e2
4d2c
24d7
6126
bb0d
4e57
1a70
24c1
db5d
3752
6235
c709
c60e
9acd
c495
74c6
eaac
a477
41d4
7438
1249
26bd
c49a
b74c
9237
126a
dd09
921d
359b
8925
5d35
9b89
8708
3a8e
8478
15e3
dd35
9f09
92bf
dc30
8f03
08ee
87f3
0987
09e1
19c2
2efd
1553
24d5
1b23
0751
d0e0
49c2
6e2b
c230
751d
0e04
983a
6b37
553a
a2ef
d157
19af
0992
4926
be04
9a6e
8927
8126
9c21
3247
f70a
d8b6
134b
09aa
764e
138a
c66b
c767
1924
af1d
9c6b
38ac
6709
d932
4926
9c20
ea3a
11b2
384d
c4d7
3742
3646
0ea3
a1c0
9249
a708
3a11
7423
619b
8aba
64d6
e9ac
dc49
846c
8c3f
b84a
f09e
119c
23ba
2611
dc5d
08d8
2784
6b8c
1d35
9b89
2491
c278
4662
623b
a222
4477
43fb
81c4
cec9
c1d1
58cc
3846
ce35
8933
59b8
3a64
ee5d
d075
3742
2e83
aadc
b170
dc37
12e9
d2c1
19ab
96c8
870b
2a8a
d908
ff30
7026
0e9c
1d08
d1d0
989c
6174
67c7
8581
dcce
9b89
9b83
a708
c226
6277
42e8
ce27
99c1
dcce
9b89
9b87
0112
ae57
0b8e
1cce
5b09
574d
66e8
46a7
2ceb
e333
a3a6
edae
0e27
8174
23b8
baad
d08b
aa70
8d82
7844
4691
59ba
6b37
1256
6b37
074c
c6ce
35e3
58cc
384e
c9c1
c491
b86e
1642
3c0b
a9b9
5d32
48b1
7f98
26b1
b163
5c70
9b83
a649
5b03
a7a1
da23
4d03
456e
226e
0e99
2613
7074
f43b
455a
068a
dc44
dc1d
324c
26e5
b0d4
e571
1370
e049
0eda
e9b8
3966
235c
709c
56c9
acdc
4959
8dd5
5948
ee2e
8702
4924
9dd4
e10b
0d6e
26af
ee07
111e
0611
dd0f
e62b
89e0
b651
d08e
e844
c774
23fc
c161
3c20
eadc
3807
0757
11ba
11e0
bb89
72ff
303a
b70d
cae1
1add
1af7
2d84
8742
764e
138a
c5cb
c764
4983
a6b3
255d
359b
a6b1
a461
3af8
ccd5
cb37
6d71
2b66
1fcc
a703
ffef
f718
38d9
0b20
e5fe
e15f
f709
ff0b
6ac6
c13c
235c
60e9
acdc
48ff
f447
f3a2
4478
15fe
e071
3ffe
fd96
d888
ee30
899d
5613
ffef
e77e
8ab8
ff30
d380
74c9
1ffe
fd16
de39
ba24
e137
2d84
8fff
7eba
2369
a71d
9184
e2b1
a4ec
993f
fe8c
e2b1
11a4
c444
6915
9d27
183a
6b37
13ff
e9c4
7f38
ac78
15fe
e123
ffdf
fe25
7fb8
ae85
90b0
b891
3278
53f9
9858
4e0e
1325
d4b2
a72d
8ae1
6551
58d2
3646
1fcc
255d
3347
1383
83a3
c291
b224
c1d3
5993
ffe8
ce23
f7c6
11e0
5c3f
b84f
ff80
8007
8002
0072
0181
0304
740d
8303
0587
040e
8e04
0c75
1eff
5555
ff99
c71c
7e5c
e38e
fc84
210d
8421
08d2
94a7
fce9
4a57
f210
8437
7f22
4211
5530
c30c
3def
6186
18aa
aa90
8421
bbbb
b084
22aa
a000
0038
4444
4444
3800
0008
1808
0808
1c00
0038
4404
0830
7c00
0078
0438
0404
7800
0048
4848
7c08
0800
007c
4078
4404
7800
0038
4078
4444
3800
007c
0408
0810
1000
0038
4438
4444
3800
0038
4444
3c04
3800
003e
0808
0808
0800
00f0
8888
f090
8800
001c
2220
2022
1c00
0088
88f8
8888
8800
0088
d8a8
a888
8800
0000
1818
0018
1800
0000
0000
7e00
0000
0000
0000
0000
0000
0603
0001
0012
0e78
2430
4c28
41cf
0884
1189
1c39
4180
460d
030a
506c
80b8
1854
2907
8480
4903
1c6f
90a2
827d
30f5
0047
089b
1c85
1413
e987
a9c0
751c
226c
7214
504f
a41f
fb72
6f72
6f72
6f72
6f72
6f72
6f72
6f73
bcde
e4de
e4d8
a282
7d20
ffdb
937b
937b
937b
937b
937b
937b
937b
9e66
f726
f726
c514
13c3
c401
9e3f
087c
0c2a
1003
c39c
480e
2638
09e2
4e2b
071b
5073
c901
c2e3
c4bd
b829
e570
0ac1
e057
89da
0000
53ce
e11d
e17a
8001
fc00
0801
000f
005d
aa3c
c33f
e23d
9e55
2163
a2d4
2464
a654
26e4
a8d4
2964
ab54
2be2
adf1
2c55
eb17
3957
8bb5
cac6
3e36
5325
2354
5365
636f
0b82
344e
8054
3b23
44f7
c01f
4ce1
c6e0
5da4
7de0
0fae
80e0
00a4
8882
8aa4
8b82
00a2
8e84
8fa2
9084
00a4
92a6
9484
00a4
98a8
9a82
00e0
9fa6
70e1
70a4
a0e2
0007
d851
f007
d338
70b8
2345
59c0
1f69
5d14
5f45
7349
254d
2908
0149
3151
3504
01c1
3ea5
2507
1000
3d5a
4a9e
00fa
cbba
2ace
00fa
ac24
29ad
628b
e8ae
7f80
0903
005d
00cc
a832
1f43
1acb
be33
780d
6ac3
770a
cebe
3938
0eda
c3d3
0ae5
a23e
f80c
fa83
f688
d5e0
3f69
902a
2356
9106
a638
30af
ce43
ec84
8e6a
842a
88ec
e042
a990
fa23
b291
13a6
3dfa
b095
f645
88b8
cf1f
b4c8
c511
abc0
7ed3
2394
46af
11fa
4769
120e
6354
71b1
762d
4891
f021
54c9
3511
d9c0
8553
2554
4767
0215
4c97
731d
84c9
9232
3ac4
ce61
39c2
ce38
13ac
4cd6
0800
a64e
e713
ec4c
f608
00a8
321f
431a
cba4
3378
0fda
64fe
88d5
e03f
6994
3a23
5788
fd23
b489
0731
aa38
d672
cda4
3938
10aa
651e
88ec
e042
a994
ba23
b381
0aa6
4bba
8ec1
f4b9
5720
fb1f
807e
c390
6f0e
41bc
3906
f0e4
1bc3
906f
0e41
bc39
06f0
e7b8
3787
20de
1c83
8175
7e2f
b1f6
4242
e94f
8854
2b95
1885
43f3
4f0b
ac25
7d91
622e
1770
e41b
c390
6f0e
41bc
3906
ff61
c837
8720
de1c
8378
720d
e1c8
3787
20e0
5d2b
2c5a
8923
a456
a795
ce85
71ad
95d2
bcc8
e913
3e05
7e91
3798
4e70
b38e
0d7f
1335
8200
2993
b9c4
fb13
3d82
003f
8000
0901
003f
004d
a438
85c2
3fa4
22fe
9144
b132
4c92
c501
4651
9405
515a
5695
45a1
6f0c
b615
2123
1489
8a4a
4288
9d48
52c5
27e2
952a
0bdc
25ea
832f
c994
4d58
1611
4962
58f6
1592
4d59
5669
4bf8
0900
00d0
00d5
e0fd
a73f
4384
2a9d
1f8b
b1fb
4e86
8708
553a
5f27
63f6
3b4a
4087
0855
3974
0760
b55c
f55a
f55d
d55b
b55e
951f
a854
8571
763f
69c0
90e1
0aa7
0fe0
eca5
06a4
e0a5
13a4
f7e0
fda7
1843
842a
9c9b
8bb1
fb4e
3887
0855
3957
2763
f63b
4a40
8708
5539
7407
67f0
0900
0024
0024
01e8
f678
f68f
e000
0900
0012
0012
a969
028d
ba9d
aa9d
c11e
36eb
a52b
8a1f
c000
0903
0012
0012
e25d
7bad
f2ed
c6c0
9860
10e2
61ec
3ff0
0902
0012
0012
b0cd
8147
9bac
d221
45ab
e2ce
b3f4
dad4
68f5
7d5a
4699
b16c
9a56
cd1a
2da7
36b9
b66d
d9d4
e8f6
9cdb
269d
b869
13e8
d733
acfb
72d7
a202
3d1b
2691
a66e
9a54
7082
6851
6efa
b3ed
1344
d7b3
c09a
3ddb
a699
a66a
5a96
95a5
04d1
a2d0
f26d
9bd6
dd1c
209a
145a
8e4d
3b7c
dc23
8413
4383
3b61
bfe0
d259
7238
826d
ed57
4b83
5f6d
d8e0
ded3
74a8
bc9c
19ea
cec5
179b
83c2
9736
dd9d
6bda
2579
b70d
234a
d4a7
d9a2
6dc1
26c1
a16b
9b94
bb35
2dc0
24d9
b50d
9374
8ff0
0300
0000
0000
01f7
df7d
f7df
7df7
df7d
f7df
7df7
df7d
f7df
7df7
df7d
f7df
7df7
df7d
f7df
7df7
df7d
e027
99e6
3102
7a9e
a320
27b9
ee33
027c
9f23
4027
d9f6
3502
7e9f
a7e9
fa7e
9fa7
e9fa
7e9f
a7e9
fa36
fe02
0000
0547
ef00
f010
0047
f308
f008
0047
f410
e800
0100
fc08
47f5
feea
0408
57f5
feea
0000
00ff
8080
8080
0000
00ff
0000
0000
0000
00c0
4040
4040
ffff
ffff
ffff
ffff
ffff
ffff
ffff
ffff
ffff
ffff
ffff
ffff
ffff
ffff
ffff
ffff
ffff
ffff
ffff
ffff
ffff
ffff
ffff
ffff
ffff
ffff
ffff
ffff
ffff
ffff
ffff
ffff
ffff
ffff
ffff
ffff
ffff
ffff
ffff
ffff
ffff
ffff
ffff
ffff
ffff
ffff
ffff
ffff
ffff
ffff
ffff
ffff
ffff
ffff
ffff
ffff
ffff
ffff
ffff
ffff
ffff
ffff
ffff
ffff
ffff
ffff
ffff
ffff
ffff
ffff
ffff
ffff
ffff
ffff
ffff
ffff
ffff
ffff
ffff
ffff
ffff
ffff
ffff
ffff
ffff
ffff
ffff
ffff
ffff
ffff
ffff
ffff
ffff
ffff
ffff
ffff
ffff
ffff
ffff
ffff
ffff
ffff
ffff
ffff
ffff
ffff
ffff
ffff
ffff
ffff
ffff
ffff
ffff
ffff
ffff
ffff
ffff
ffff
ffff
ffff
ffff
ffff
ffff
ffff
ffff
ffff
ffff
ffff
ffff
ffff
ffff
ffff
ffff
ffff
ffff
ffff
ffff
ffff
ffff
ffff
ffff
ffff
ffff
ffff
ffff
ffff
ffff
ffff
ffff
ffff
ffff
ffff
ffff
ffff
ffff
ffff
ffff
ffff
ffff
ffff
ffff
ffff
ffff
ffff
ffff
ffff
ffff
ffff
ffff
ffff
ffff
ffff
ffff
ffff
ffff
ffff
ffff
ffff
ffff
ffff
ffff
ffff
ffff
ffff
ffff
ffff
ffff
ffff
ffff
ffff
ffff
ffff
ffff
ffff
ffff
ffff
ffff
ffff
ffff
ffff
ffff
ffff
ffff
ffff
ffff
ffff
ffff
ffff
ffff
ffff
ffff
ffff
ffff
ffff
ffff
ffff
ffff
ffff
ffff
ffff
ffff
ffff
ffff
ffff
ffff
ffff
ffff
ffff
ffff
ffff
ffff
ffff
ffff
ffff
ffff
ffff
ffff
ffff
ffff
ffff
ffff
ffff
ffff
ffff
ffff
ffff
ffff
ffff
ffff
ffff
ffff
ffff
ffff
ffff
ffff
ffff
ffff
ffff
ffff
ffff
ffff
ffff
ffff
ffff
ffff
ffff
ffff
ffff
ffff
ffff
ffff
ffff
ffff
ffff
ffff
ffff
ffff
ffff
ffff
ffff
ffff
ffff
ffff
ffff
ffff
ffff
ffff
ffff
ffff
ffff
ffff
ffff
ffff
ffff
ffff
ffff
ffff
ffff
ffff
ffff
ffff
ffff
ffff
ffff
ffff
ffff
ffff
ffff
ffff
ffff
ffff
ffff
ffff
ffff
ffff
ffff
ffff
ffff
ffff
ffff
ffff
ffff
ffff
ffff
ffff
ffff
ffff
ffff
ffff
ffff
ffff
ffff
ffff
ffff
ffff
ffff
ffff
ffff
ffff
ffff
ffff
ffff
ffff
ffff
ffff
ffff
ffff
ffff
ffff
ffff
ffff
ffff
ffff
ffff
ffff
ffff
ffff
ffff
ffff
ffff
ffff
ffff
ffff
ffff
ffff
ffff
ffff
ffff
ffff
ffff
ffff
ffff
ffff
ffff
ffff
ffff
ffff
ffff
ffff
ffff
ffff
ffff
ffff
ffff
ffff
ffff
ffff
ffff
ffff
ffff
ffff
ffff
ffff
ffff
ffff
ffff
ffff
ffff
ffff
ffff
ffff
ffff
ffff
ffff
ffff
ffff
ffff
ffff
ffff
ffff
ffff
ffff
ffff
ffff
ffff
ffff
ffff
ffff
ffff
ffff
ffff
ffff
ffff
ffff
ffff
ffff
ffff
ffff
ffff
ffff
ffff
ffff
ffff
ffff
ffff
ffff
ffff
ffff
ffff
ffff
ffff
ffff
ffff
ffff
ffff
ffff
ffff
ffff
ffff
ffff
ffff
ffff
ffff
ffff
ffff
ffff
ffff
ffff
ffff
ffff
ffff
ffff
ffff
ffff
ffff
ffff
ffff
ffff
ffff
ffff
ffff
ffff
ffff
ffff
ffff
ffff
ffff
ffff
ffff
ffff
ffff
ffff
ffff
ffff
ffff
ffff
ffff
ffff
ffff
ffff
ffff
ffff
ffff
ffff
ffff
ffff
ffff
ffff
ffff
ffff
ffff
ffff
ffff
ffff
ffff
ffff
ffff
ffff
ffff
ffff
ffff
ffff
ffff
ffff
ffff
ffff
ffff
ffff
ffff
ffff
ffff
ffff
ffff
ffff
ffff
ffff
ffff
ffff
ffff
ffff
ffff
ffff
ffff
ffff
ffff
ffff
ffff
ffff
ffff
ffff
ffff
ffff
ffff
ffff
ffff
ffff
ffff
ffff
ffff
ffff
ffff
ffff
ffff
ffff
ffff
ffff
ffff
ffff
ffff
ffff
ffff
ffff
ffff
ffff
ffff
ffff
ffff
ffff
ffff
ffff
ffff
ffff
ffff
ffff
ffff
ffff
ffff
ffff
ffff
ffff
ffff
ffff
ffff
ffff
ffff
ffff
ffff
ffff
ffff
ffff
ffff
ffff
ffff
ffff
ffff
ffff
ffff
ffff
ffff
ffff
ffff
ffff
ffff
ffff
ffff
ffff
ffff
ffff
ffff
ffff
ffff
ffff
ffff
ffff
ffff
ffff
ffff
ffff
ffff
ffff
ffff
ffff
ffff
ffff
ffff
ffff
ffff
ffff
ffff
ffff
ffff
ffff
ffff
ffff
ffff
ffff
ffff
ffff
ffff
ffff
ffff
ffff
ffff
ffff
ffff
ffff
ffff
ffff
ffff
ffff
ffff
ffff
ffff
ffff
ffff
ffff
ffff
ffff
ffff
ffff
ffff
ffff
ffff
ffff
ffff
ffff
ffff
ffff
ffff
ffff
ffff
ffff
ffff
ffff
ffff
ffff
ffff
ffff
ffff
ffff
ffff
ffff
ffff
ffff
ffff
ffff
ffff
ffff
ffff
ffff
ffff
ffff
ffff
ffff
ffff
ffff
ffff
ffff
ffff
ffff
ffff
ffff
ffff
ffff
ffff
ffff
ffff
ffff
ffff
ffff
ffff
ffff
ffff
ffff
ffff
ffff
ffff
ffff
ffff
ffff
ffff
ffff
ffff
ffff
ffff
ffff
ffff
ffff
ffff
ffff
ffff
ffff
ffff
ffff
ffff
ffff
ffff
ffff
ffff
ffff
ffff
ffff
ffff
ffff
ffff
ffff
ffff
ffff
ffff
ffff
ffff
ffff
ffff
ffff
ffff
ffff
ffff
ffff
ffff
ffff
ffff
ffff
ffff
ffff
ffff
ffff
ffff
ffff
ffff
ffff
ffff
ffff
ffff
ffff
ffff
ffff
ffff
ffff
ffff
ffff
ffff
ffff
ffff
ffff
ffff
ffff
ffff
ffff
ffff
ffff
ffff
ffff
ffff
ffff
ffff
ffff
ffff
ffff
ffff
ffff
ffff
ffff
ffff
ffff
ffff
ffff
ffff
ffff
ffff
ffff
ffff
ffff
ffff
ffff
ffff
ffff
ffff
ffff
ffff
ffff
ffff
ffff
ffff
ffff
ffff
ffff
ffff
ffff
ffff
ffff
ffff
ffff
ffff
ffff
ffff
ffff
ffff
ffff
ffff
ffff
ffff
ffff
ffff
ffff
ffff
ffff
ffff
ffff
ffff
ffff
ffff
ffff
ffff
ffff
ffff
ffff
ffff
ffff
ffff
ffff
ffff
ffff
ffff
ffff
ffff
ffff
ffff
ffff
ffff
ffff
ffff
ffff
ffff
ffff
ffff
ffff
ffff
ffff
ffff
ffff
ffff
ffff
ffff
ffff
ffff
ffff
ffff
ffff
ffff
ffff
ffff
ffff
ffff
ffff
ffff
ffff
ffff
ffff
ffff
ffff
ffff
ffff
ffff
ffff
ffff
ffff
ffff
ffff
ffff
ffff
ffff
ffff
ffff
ffff
ffff
ffff
ffff
ffff
ffff
ffff
ffff
ffff
ffff
ffff
ffff
ffff
ffff
ffff
ffff
ffff
ffff
ffff
ffff
ffff
ffff
ffff
ffff
ffff
ffff
ffff
ffff
ffff
ffff
ffff
ffff
ffff
ffff
ffff
ffff
ffff
ffff
ffff
ffff
ffff
ffff
ffff
ffff
ffff
ffff
ffff
ffff
ffff
ffff
ffff
ffff
ffff
ffff
ffff
ffff
ffff
ffff
ffff
ffff
ffff
ffff
ffff
ffff
ffff
ffff
ffff
ffff
ffff
ffff
ffff
ffff
ffff
ffff
ffff
ffff
ffff
ffff
ffff
ffff
ffff
ffff
ffff
ffff
ffff
ffff
ffff
ffff
ffff
ffff
ffff
ffff
ffff
ffff
ffff
ffff
ffff
ffff
ffff
ffff
ffff
ffff
ffff
ffff
ffff
ffff
ffff
ffff
ffff
ffff
ffff
ffff
ffff
ffff
ffff
ff3f
4d41
494e
424f
4f54
5553
5200
0010
18ff
fdff
f80a
20fd
ec00
0a00
8e00
f187
4a01
f44d
fa23
1042
6ef8
7ffc
42ae
0004
6100
0154
fcac
08b8
000f
3002
8003
08f8
eafa
41f9
fce1
faf7
0030
3c02
3f72
c8c1
513f
fcc8
fffc
2f0e
4eb9
db80
042c
5f4e
c3f8
fa01
f2c0
22d0
ccc4
4a2e
03c0
0006
67f8
d6f8
00c7
a14e
bb00
1ae8
b852
a804
213c
d2fd
00d2
42e6
034e
7560
84e1
e1dc
fc1c
02fc
1164
69fc
4e71
f022
76c0
3067
5613
f018
fc91
ffff
800f
8203
213b
82fa
047c
76ff
0838
3d1a
fa67
f861
4ee4
f0ff
66fa
eff0
3e70
fc70
0041
f880
2020
c0fe
fc70
0360
ff00
3cea
a078
30ef
d86c
fd04
6096
8efc
1a40
82e0
f4fc
31c0
1fe0
1e0c
e01e
7f02
e0ff
1efe
e8fe
5206
f180
41ee
e8c0
50d0
f2c7
a122
0267
08ec
0202
aafb
1022
f0fc
fa50
e003
f694
067c
faf4
fc92
21c2
32c0
3021
2e14
fc02
8e8c
17a0
105c
ba1e
4298
fefc
1042
de5c
1ed0
dd45
182e
ea0e
43f4
1024
d9fe
fcfe
f1ce
4670
0322
d242
9a7e
fa08
8001
50f1
eebe
d023
1c04
06ce
1402
800e
1011
1406
f2ea
02c2
f007
f0b2
ba2e
a7ff
703d
4258
4a43
fa00
2226
4920
19ff
f867
06d0
8b20
c060
f608
4200
3e1d
ff03
7c00
ff00
4270
004e
b85f
1cd0
8c8e
ef03
b4fc
c0f1
03bc
3116
fcc4
fccc
fcdc
e7ea
3f15
3642
6a1e
7001
d608
cef1
9efe
c467
1070
05f2
6508
4a00
6b04
0170
1d40
e0be
226a
0cf8
22e2
0500
5866
08a4
fc72
630c
96fa
01fa
ae00
3b56
fada
0472
e2fc
303c
e021
f55a
e44e
f8b8
4362
3c0c
082e
f043
0810
3c78
3e66
0a4a
5152
f2f1
0724
9118
c304
6006
f202
f654
0102
4954
f730
f4a8
c6e1
c481
8022
47d0
442f
ffe3
0b32
1336
d036
c126
e800
08fc
0c10
0116
fc07
fcec
623c
fc10
f014
f404
265f
fc3f
cc48
e700
602f
0861
c420
5f08
90c0
8676
0830
2ab8
e96a
d01d
4766
6a2c
fd14
1218
6b0e
58ec
63f2
700c
e903
be60
4e7c
027c
f8fc
0330
1b35
1a04
321b
02ef
4740
e000
6622
eef1
5367
1c6b
1ad4
fc3f
2667
12d6
fc00
0a35
5b00
0625
4448
fc0c
a24e
1663
08f2
544b
fa0c
fa15
ff07
fa0e
156e
0058
000f
4cdf
0600
76db
87da
f10e
daf1
2cd2
f359
6752
4ae4
3ff8
5a66
0c3d
7c01
68f8
baf1
6260
4c14
f653
ee46
f4fe
c0d4
f359
60b6
f13a
76e1
5aa2
f50e
c8fd
26d4
2660
8e13
0cf2
fc66
18d2
921d
9ae4
82d2
0cae
baae
fc90
d38a
90f4
72ff
2c02
ea6a
f376
f192
f1f8
54e9
f8b0
e9e2
3607
007e
ed43
58e1
4c36
7c5f
2270
f174
f264
6cf1
1ef1
8730
11ea
3642
5932
1134
d1f0
0140
b636
004a
036b
86c2
da72
030c
6612
2af4
b4ed
0234
f20f
c304
4300
106a
f6d3
0cf8
0970
b862
d8e0
d643
fe4e
fb30
c318
28e1
fdf2
fc01
eafc
f01b
63fc
ee10
e1ae
f8d0
f8a6
ecf0
fcac
f0fd
bc08
f806
6670
1087
0c96
96c2
be02
ba8e
317f
bef8
0900
b4fc
72fc
c2c6
18fc
b6fc
9cfc
9863
8cfc
bcfc
90fc
8c8d
31fc
88f8
f80a
44fc
78fc
3cc6
18fc
38fc
34fc
3063
8cfc
2cfc
28fc
2431
1efc
20fc
1c90
c162
142b
1892
3f92
f80a
5ae1
aae0
f2fd
7ffc
fa48
4132
0242
015e
7e20
6e00
e3f1
6c60
1afa
7060
14c8
2167
e3f1
0862
daf2
7460
04fa
78d2
f480
41fe
d0c1
4ed3
ccfd
2bf0
80c8
e900
4e93
55c1
1541
e6da
f2fc
87e1
e67c
da61
d2f6
3601
e1e1
0281
ec0f
ff02
83fa
f000
873f
e98b
0282
f8ff
0048
42e8
4a82
04d8
ff83
ba8e
fcba
a6f1
06ec
d312
f1ae
9efa
b202
e98f
411b
7201
ee42
d00c
32d0
090f
eed9
013b
c4f3
023b
d103
30fc
04ec
f686
8416
d944
4ae9
3f6a
580a
f106
f8e1
2167
4046
0100
6712
fa03
4408
fa2c
3afa
26ef
c3fa
0500
6638
fae1
6367
1ab2
fa50
889f
6722
ee26
5301
6722
7a04
f066
42d9
07ec
02ba
fe31
347c
e1ae
b03a
4058
e1ee
c16f
aeee
7019
6016
7015
f4e9
8078
8ff2
6012
7011
f6fd
0870
12d0
21f6
1c3f
b6c9
5c3d
ce44
386c
cca4
ea1d
4198
3081
cee9
2204
5430
18f8
a6fc
a6d9
9b42
f4f8
0906
e0fd
80f8
2d5a
5c8c
29b6
82e8
14be
2ddc
3cbe
6042
01ae
fc20
b670
033b
0cfa
78ea
223d
d21e
3dfd
7bde
204e
d1ae
0a14
426e
0a22
36f2
fbc6
4b7f
f02a
d33e
2d04
2c49
eee8
beda
3c14
ffb0
bf46
0246
0f00
671e
0838
0a67
3101
12ca
f8f6
09f6
78e6
c6f6
0bf6
6884
f190
e4fe
6a0e
d0fc
0700
663a
0814
02d1
aae9
d4d9
ee5f
51a8
f101
0a23
666c
e16e
e144
42e9
1704
d0f1
0354
9ae2
e8da
f1cf
88f1
b808
b880
fce6
2bff
f86e
1c90
0426
3b54
0402
3644
43ed
7f00
0404
22d8
5888
5889
fafe
381e
e006
8e3b
5004
2a1b
1e1e
fa17
0410
2cbe
480c
86ff
e178
ff78
2b46
04bc
feee
5528
0cce
403e
e164
0867
0007
9ea6
fa14
0c53
0ff8
439a
4a13
6b1e
604e
42ec
d405
a898
e91e
e22f
6c0e
e4fc
201d
72d2
f280
d9f2
0c08
9424
f2f2
14da
eed2
f4fc
08ed
2063
0075
e2c1
acc8
2088
491a
1aec
02ec
bafc
a387
bcf1
c8b4
d8fd
1013
02c9
1b05
7067
2ead
f110
d6f6
e948
610c
a0da
fa66
18dc
0533
90dc
42ad
76a2
e6ba
63d2
d978
f2ae
ca6b
f8d2
fc66
3cf8
0338
ecf8
7400
14ea
5216
a6d1
2f3b
f80d
3202
bce2
dac1
f884
e1e2
3801
c13f
4a04
063a
e980
2ac0
2800
b403
fc35
f452
4260
e442
9d2a
2ad1
94fd
f6e8
3fcc
c0fc
c6fe
43ee
0a24
d2c1
201d
3c00
c008
7a22
00f8
10fe
0ff6
7024
0094
8122
c260
ee20
1e0e
d630
b908
6090
f2c0
4299
f2df
b856
fc0a
0a66
0e4a
1366
34e2
f14f
0602
422e
0a16
0ad8
e10c
fae3
10f6
e11e
e009
6728
d43c
20e4
38c9
6c1d
41e0
ee98
6870
a6f2
0528
e066
2c9a
7bba
671a
c81a
a4cb
3f67
28c3
07aa
e2b2
b017
671e
6006
e608
20ed
66c6
9eac
f31e
04a8
0a3d
7c73
98c9
a847
857c
fc0b
66c2
6ee1
80f1
e259
d467
08b6
c4d9
ceb6
b9a2
e98f
b70c
0058
671c
d805
6710
94ed
1253
889c
c20a
23a4
03b0
0448
1eb6
d6d0
7ee9
c434
07be
e335
400d
6600
fcf6
d1fc
6ac8
0ff5
7767
6272
eb6c
ea0c
6756
0c6e
ff8f
d967
4e0c
7fd4
98fc
fc72
43ee
0bb8
45f8
fffc
bc48
402f
0034
c072
0012
2d04
fb61
2f32
816a
e97a
201f
3011
eab0
aef8
efd2
6420
4841
b2ae
0a1c
6288
c903
870a
744a
4167
41c2
faf4
eaf2
1bef
9802
56f2
f550
fa01
674a
9cfd
4203
0c32
2d05
c5b0
38b2
e94d
5a36
b862
3006
80bc
c100
1f62
f463
2470
0010
e437
ae0a
8c17
fc0c
d834
1001
42f1
62ac
f83c
6802
a004
52eb
71b0
aee4
30a6
0467
06d0
f222
7f2f
66f3
0653
6e0a
2066
2e32
f107
0401
94e9
5a9d
728e
eb23
02e1
f8d9
eefc
670e
f30a
c808
c802
61a8
f2d6
fc1a
87ca
d5d1
b0eb
237a
3132
f7fb
6141
000f
0ec9
f0e6
40c0
fcde
d041
3c19
fa3c
3d40
b61e
e7d6
d150
c46c
04e6
02a4
140a
b188
e1e8
c6f8
01f8
01be
2dbe
1013
d4c1
ae3e
f33c
024a
4a01
1dcc
b2c1
98d6
f009
3007
9e64
f110
87df
6c00
facc
dcfa
be60
00ff
6ef0
fd18
7bc6
f0aa
f05e
88d9
d667
640c
3afa
f6b5
c4f1
e0f1
0230
1983
c042
c3f4
aa22
ea00
9d40
d9ca
e418
10f4
670a
dc90
6a84
e902
604c
e102
fa26
50b4
d082
5ae2
8286
fc67
d15a
86fe
5c96
02a9
fea2
b1ba
b963
06ec
8b6f
b4e9
6c90
edbc
0154
675c
ceea
66dc
3136
016e
aaee
00aa
f2a4
3aea
8228
a901
9cf8
d9d9
d8ba
3b4f
dd40
0564
3200
8c66
56b9
013e
e8ec
b173
007c
f444
76fc
0090
502a
7bc6
dce4
66c0
e40b
67f8
9c1e
39e6
010a
cc48
f612
ceda
1d5e
1aec
46fd
189c
f4f9
8a3e
fcf9
9ac6
36d8
f97e
3e32
e8fd
76e8
fd78
462b
e86a
e838
da06
e8e9
bcf8
0bee
a22a
f94a
bcf2
f948
f8eb
e6ee
16f8
eb18
c1f9
ba06
fd18
1048
e112
f4d9
7b9b
242a
82f2
671c
547c
f21e
f0c9
7a0b
bb68
c63a
f50b
6060
62d1
0096
17dc
66f6
f946
6558
e232
92eb
670a
6ce6
b5ee
f916
94fc
b6ef
1406
e98e
c20c
b000
d962
4015
06fa
c0b0
c8d1
baf2
fc1b
faca
e206
4105
6812
3510
6aea
ff1e
fcee
2f09
43ed
ecc0
f302
5251
323f
e211
b26d
0566
6514
f02c
42c3
e351
7200
7853
4132
81f8
04af
cf12
3110
0422
d6d1
cefc
5351
6a0c
0700
da0e
32ad
cef2
c602
00e0
dad6
d28a
47da
3096
5240
b0b2
41d0
a4d3
5c6a
f254
60d1
7eda
8336
7800
7c58
0ed3
24e9
8ed2
d374
06ff
fa07
b29e
e916
3c11
382d
04d2
e1fe
deb1
ec06
6728
ecff
4897
0238
017a
0094
f5dc
02c0
8c1e
da48
46dc
bce9
f808
2c60
2c60
f62e
180c
3c6e
d1d8
40d8
04b1
0ed4
f194
c286
7fe8
08f1
ccd2
3d46
0bb4
426e
0bb6
0360
2cd9
06a0
68e6
141d
8a7e
c204
c90e
670e
54d2
a96b
0ba6
01a2
d6f8
09ac
f538
a4d3
5264
e331
6842
5c9a
6374
02ba
c4d9
5e8c
0df8
07f8
566e
e966
8721
e60a
172c
fc18
2afc
1c36
3cf0
9e64
f322
d42b
4504
0c59
a1ca
44cb
23de
a29e
d1e0
9a1a
63e0
fc2c
e390
d4be
da50
f404
98e0
0f66
04b2
b600
4c9d
450c
854e
c266
06aa
deca
c2a1
b7f6
f5c4
2dae
c12e
671a
d4e9
f007
6c96
d345
34c5
fc3a
18e0
f512
8118
0cc0
09be
64be
8781
7a2d
46f4
2d45
aebc
7f64
d2d3
2ee5
403e
890c
3b46
0424
1d44
30f6
86b8
830e
fc0c
fcfd
402c
60eb
05b0
26cd
1280
fd0a
2cd1
2eb9
f693
1f88
2c00
f624
b153
6710
5241
773b
ee76
4a96
c960
1afe
8171
dcc2
6010
1d0e
fa32
0708
150e
6704
7feb
f40b
b422
0661
043c
68e9
41dc
c9d8
c9bc
ff1f
20c0
22c1
5348
5349
44fc
0004
8109
7e18
fe40
e764
0404
108a
46df
f6df
f430
10b0
ea04
fe41
ed05
0060
0ea6
e98b
8766
6004
a0ea
f068
48e7
6470
f174
8940
6b12
56c2
7a18
e583
dd41
d4b1
c720
9220
a2c1
0104
7aca
07f8
2280
4cdf
0aba
5449
c30a
8721
651c
0c11
b965
1ec6
c07c
1808
1172
40c1
0194
1280
f010
98de
0360
08f4
0610
a0e2
8ad8
d256
6d9a
d2fe
75d2
ff25
d2f8
1225
d265
180b
eeaa
1aaa
f809
daae
f80f
2411
12ac
02b5
c340
f072
c2a2
eb63
c0f1
f592
e83f
fe3f
0114
dae8
58e3
0812
00e5
08d2
00e9
587e
07f0
0fd0
0132
1f8e
e101
2fac
80d2
fd32
daa2
e1f6
013d
1e61
d0bc
c94b
d280
f400
61c4
7e80
f411
94d0
8122
1ffe
d4dd
6102
80fc
d1ff
80b8
8948
40b2
e988
2000
fac0
c8fc
0c70
ec4b
c2f0
61dc
1f98
72a6
0220
f03c
f0cc
cc62
f001
f098
d1f0
bc9c
fdf0
0020
b2ac
a932
3210
67ef
bd0c
4258
3010
f0b2
4efb
104c
f160
00ef
fb61
f091
07a0
b0c9
f44d
fa11
323e
ef8c
6f0f
c07b
0367
16cc
750e
ae70
0e00
f066
ebf6
fcf1
e034
7afc
a2f4
c02c
e1a4
ccfd
2008
e005
3980
6871
0e66
eed0
fdc2
55c3
8070
0c8a
e94e
7011
d6f8
141e
a18e
4c0c
8afe
0a2c
8222
9df6
8072
e080
42a8
00ff
ea7c
20bc
000a
fffc
117c
30c9
56d9
84e9
e4eb
3270
1230
6e73
5c76
35ff
5e74
ccae
61f0
000f
f0fc
4e99
cefc
f3fe
dd11
7a71
14d1
eecc
6ad2
ee4c
3abb
af28
ee92
81ee
d032
caee
3a66
368a
a2f7
5f2a
b1b8
67e6
f6a2
0bfc
6710
7e00
7a00
6ce2
f462
f82a
d101
4647
aa99
84c0
fc8f
a292
4e93
65be
6112
60ce
09fb
f490
5498
701e
89da
1018
1f60
6606
52ae
0bfe
98fa
0c06
6c3c
6508
18c9
0ef8
0967
086a
c0ee
bcd1
d891
00da
ee7e
b826
c0b9
a854
48d0
40fe
4efb
006d
6c90
8a9a
2e8d
e884
8d8a
fc86
b4b1
2e14
b0f8
26c9
79fc
76d1
0afe
856e
fc2a
c900
f0d1
ce79
311a
fc5e
fc5a
fc2e
da52
6374
fc4e
fcb8
fc94
d100
42ac
31fc
3ec8
d180
c236
fc32
528c
fcac
2afc
261d
09e8
92fc
fc00
1afc
dc8c
f628
bcdc
0afc
76d2
fe46
fc1e
188d
bd1a
1800
e905
2c38
b8f2
0374
43ff
df82
f332
3c00
d774
2622
c751
caff
fcd2
72e9
f7db
51c9
fff2
2ad9
e470
0c42
5a6c
f780
3cf4
1f13
7004
3205
2407
c46c
b04c
e1f6
de47
bce0
bcb1
709d
3002
709a
f103
54e8
f86e
7e85
fc14
4a2e
0be8
6889
3ed1
f874
5f66
e27e
7000
32ba
03a4
7031
08ba
c7d8
b294
03ec
fcfa
d4e9
94f1
dc15
94d2
e9c0
ba03
c200
c97e
f18f
31f6
a272
11d0
eed0
6ee0
babe
fa08
707a
6298
f25c
52c5
e6a0
b903
1c69
9632
96fd
12a2
389d
96e8
0e76
d260
6010
c6b1
ca01
84ee
2a76
e402
cea5
d4a2
6259
0384
8a1e
8cfd
9648
d94e
8c5e
308e
12b9
c330
03ce
30dc
e434
fce6
360c
fffc
ea38
fcf4
c6fc
0006
9640
0fff
0643
000a
c8f6
0cd8
4206
44ff
fc1d
1f33
c3dc
f233
c4fa
824e
757e
eeff
bc02
7e10
e6f3
02d2
c77e
0712
1034
18f7
ff36
02e4
096e
aae5
0ae4
4a02
4200
f0e1
4bff
bf02
430f
0084
4186
4232
c351
cfff
de70
f5ff
caf1
02ca
b95a
f107
0205
0030
e54d
1c18
8ae3
1f06
e84d
f40f
4a05
670a
ba39
ebff
b284
3ac2
8ac9
7c78
0b1a
18e5
0d76
051f
feda
0565
0412
c792
12c6
51cb
fff4
7f14
43e9
01fa
51cc
ffe6
de42
f1db
6140
c6b0
f826
2cb0
f80b
bf19
b0bd
1973
38b0
f80e
94b0
76d2
1218
108e
fd56
0062
fc34
8ad2
e149
d281
d1d5
d081
1403
c1d3
c084
d2dc
ffd2
595f
c000
16e1
89d0
4198
ece2
94fa
c704
d2e1
d2d4
3f90
6e0b
ec6b
0ce7
efb8
3363
0a04
4024
7104
06fa
3400
7a88
aee1
8459
aa72
001f
d2dc
f6c7
02dc
0100
11dc
4126
e9dc
165e
fac2
88f1
dee2
4878
0092
728f
3b24
d908
0c02
fa02
7832
d1ff
fc6c
18be
e148
cad2
c4da
d8d4
fec3
f840
0642
0060
2602
0242
54e5
3f7e
9a02
433f
ff00
4399
0348
4282
44c1
3e00
d1ef
46fd
34fa
e122
c732
c7bf
100c
caff
f634
78d1
2070
7d5b
2042
fdc1
740b
76da
e2cb
6e51
e9da
e188
eedc
f212
5451
3f06
bcfc
45d0
21f1
fb30
e2a9
ff1c
b23c
9dc6
b2da
32da
b245
eaae
10ff
ced2
3cae
3f00
1007
e94f
780f
8efa
e14f
1ea6
b148
473e
d80f
fae8
49d4
eafc
3014
322c
f723
2d74
0350
7ea1
07f8
b240
5778
f6ff
cc07
e2fc
3e14
3981
7006
2982
7008
7f38
3980
7004
5047
0247
dc38
873e
eeff
c212
10a6
e907
3d41
0be4
1218
e809
30c0
1df8
e814
ee0a
0f0f
433d
420b
e614
ee0a
1df8
e98f
072e
d96e
0bea
fcec
0c6e
01d8
fffa
6504
94b1
ec04
6ec0
000b
ee64
1f6e
1050
ee0b
f253
f0f0
6a06
3489
2600
8cf8
d2f2
ea39
34fc
ecee
33f8
06d6
fc14
610c
d6ba
f0ba
278c
18fa
bad2
eef4
6360
fcf6
ea12
faea
c498
46c0
f4fc
f6d3
7dbc
11ee
3f02
7276
e1fe
4670
10eb
87d8
f128
9cf2
52d3
f267
643c
2eb8
e03f
7019
3ee3
670a
5346
6a04
0646
6cb7
9e70
33da
e9ea
8ac1
06e4
6a9a
7eed
c378
e1f4
28f1
c008
f20f
8036
3cfc
96ff
a142
d643
d440
4842
3403
32e4
f6c3
1fe6
eae6
49e8
001a
9641
1403
ccfe
1df2
1bd2
4606
4160
0370
3471
feb8
708f
929a
f674
9afc
e967
081f
219a
027c
1174
11d8
ca4e
f847
8294
f80d
767e
9640
ef4b
d43c
3da1
8ef8
0996
fff0
7626
9e90
51db
9efe
209e
ca82
5a71
0b96
3945
92c9
fdbf
0c6e
e581
4467
1042
ae1c
904a
2e13
5a4d
0f20
d9a4
70d1
0ef4
660c
50ee
7beb
fa72
0e7e
c988
4ed2
c299
4b9b
e9de
691d
0ba2
4013
5bde
82fa
f699
c8df
43d2
438a
4e92
6408
9de9
0066
cef0
1138
868c
0380
04ea
8bea
0f8e
6552
3f01
43b8
7439
1360
811f
ee8c
eef6
1832
1838
fe43
f27e
3418
b002
6c02
3002
f8b2
dcdf
f832
0234
e1ee
341f
0242
ff8a
993e
74c1
d0a9
0018
3d42
9e30
6e39
000e
8c01
f692
be8d
befe
7d9e
e058
6b14
41fa
0016
ece1
1fb0
5852
6fff
e8c9
5242
e298
9174
7ab9
7214
65ac
5a9d
ffff
50c3
47fa
4026
392c
32f5
2d6a
287a
2413
ffff
2026
1ca7
198a
16c3
1449
1214
101d
0e5c
ffff
0ccc
0b68
0a2a
090f
0813
0732
066a
05b7
ff41
0518
048a
040c
039b
426e
0c2a
fc8d
f8fc
f382
d942
f888
894e
d2d7
c54d
fa08
5ed4
29b8
b203
3370
a9f8
2044
58f8
d5d9
f85a
f00a
e3f8
60f8
0130
f862
ff07
2d78
5f78
1c98
43fa
01a8
21c9
f61f
c264
b901
8033
3eba
9f02
1cdb
c39c
4298
b0d1
fc8e
e901
1c9e
26e6
181b
98ac
81e0
22bc
ba4b
1cc6
e010
8905
9ef8
1d4a
f8dd
a996
42fc
b180
1c00
4a1c
9474
1c1d
a3ca
c9e5
70c9
ff74
f8fa
c2ae
13d6
9226
f1e5
d8d6
81ec
2107
bcbe
1c1a
3a1c
a443
beea
eed1
40e3
30e4
bce4
d610
c49e
b00c
10fc
9f67
e8e2
9e30
96f8
e8a4
e8be
9ab2
0003
2ee8
caa2
604d
8cca
046c
805e
3bfc
b81f
6a80
f1f8
33a8
a000
099c
00f1
131d
79fa
181c
a813
f966
36b4
f416
5cfc
30a4
a06a
e903
5f48
1451
0366
2c7e
046a
c1e4
029d
4c72
4320
6132
d80c
eafd
0c62
2ca2
eaf8
0976
1a76
345e
f80f
231d
806e
8003
da52
1a0a
eca0
42e1
07fa
6342
e1b6
1afa
9aa9
02c6
f1e0
c6f2
12b1
a0f1
215a
4494
9894
f1b9
91c1
30f8
c504
5ef2
12d1
dae1
da7f
47ba
e4c8
60d4
4dfa
067a
69e4
f28a
ec0a
16e7
0c79
f532
eae1
7619
554f
8c4a
fef1
2879
8619
eef3
f64e
73ef
d72a
e548
4cbb
fc49
2832
3cff
681a
fe74
c275
d701
a8e8
f11a
a901
308c
7a52
42bc
d122
791f
10ff
b000
27ff
d8fc
bca2
c3fc
28f4
f0f8
0e30
2df7
d07f
186d
0006
c1ed
0022
36f4
04c7
7e88
f820
d083
e080
3baa
3031
37e4
02e8
20f2
32f2
fd22
2763
f234
c8f2
ff36
f230
cccd
f226
f238
f2fd
248d
71f2
3c9e
f80a
249e
329e
2690
dbc6
9efc
40e4
f80a
26e4
fd24
82fd
44e4
12e3
34e8
fd6a
e8f0
0050
222b
e448
e4fd
b0e4
361e
b0e4
fd4c
e438
c1c1
634e
f650
f63c
f654
8f69
ec48
c0e1
80f4
5cea
4440
6bc0
f2fd
604c
9211
19c2
c0b4
ff73
3696
4066
0276
013b
4300
58e8
4018
70e8
d0ad
b8fc
4881
f88f
a258
e740
0640
04c0
32c0
21c4
e644
e690
ea54
fcee
864c
e6fe
0280
50f1
a467
6ac1
7b37
a15c
c020
dc5c
e6fc
f460
f4fe
7fe8
56c1
6d01
ff00
083e
ec08
608a
00f6
0f80
5ee9
802a
7947
3a07
613a
3b47
8f39
743e
0561
2ef8
22d8
0a36
c6d8
0ad8
f810
12e0
24d8
18c2
06f8
26ae
06fa
8087
dd2f
0602
47d0
3c07
607b
0246
4e41
bfe1
007f
e34e
3c3b
600e
6a08
ee44
46ab
fd3e
062c
c0c9
00c2
4039
095c
c10f
0012
003f
ec16
0019
001c
001f
9200
25f2
e92b
fd2f
002f
4591
3500
3800
3b00
3e00
419a
e9fc
1fa6
4a00
4d00
5000
5300
5600
59fe
ff2e
005f
0062
0065
0068
006a
006d
0070
3ff4
0073
0076
0079
0011
7ece
d984
00ff
ff86
0089
008c
008e
0091
0093
0096
0099
00ff
ff9b
009e
00a0
00a2
00a5
00a7
00aa
00ac
00ff
ffae
00b1
00b3
00b5
00b7
00b9
00bc
00be
00ff
ffc0
00c2
00c4
00c6
00c8
00ca
00cc
00ce
00ff
ffd0
00d1
00d3
00d5
00d7
00d8
00da
00dc
00fb
ffdd
00df
b0e1
e200
e300
e500
e600
e700
e9ff
fd00
ea00
eb00
ec00
ee00
efc5
29f1
00f2
00ff
f8f3
00f4
00f5
00f6
00f7
fef8
00f9
31c6
00fa
fefb
fefc
fe98
2bfd
fefe
feff
fef8
09a0
c908
bf1a
fef8
0c35
6df0
73e0
79d0
3eec
f8fe
aee2
e348
323b
7c33
c18a
e164
9f63
3e01
e649
5341
f45c
ead2
de6b
f65e
5338
a209
9e80
403a
ccd9
fac3
051a
e00f
4aba
a867
28ea
ffd4
168b
eab8
c2e8
10da
fe6c
fbe8
e018
e32e
d2f8
0f49
54d9
302c
00ed
a306
b0e0
e16c
ccf8
1033
fc67
a0f8
8d72
4869
3b88
2a00
fafc
21fa
04ce
d9fa
06fa
08fa
da79
17d3
6100
e044
2ed2
b802
c066
f6da
f696
d7f6
d0d9
c060
4250
2946
59e0
2231
17bb
e01a
6708
ec72
fe75
daff
e44c
bfbf
e861
0016
4a40
67d6
9429
2653
40e5
4045
f5ca
38b3
47f6
f17f
91bb
001a
56d8
0ac2
fcad
c6fe
6010
1a1e
621d
3892
1492
b2fc
e20f
cc24
6afc
2c41
ea40
1043
c2ff
fc38
8ab8
b85f
1665
0272
03d2
41b7
c235
7b10
0a33
9129
44aa
c881
fe01
07f5
8081
0c6a
fc3d
6ad2
fdc8
8216
0c1e
d740
ca69
0a0c
41fa
0470
1e71
8c19
6f3e
0235
4100
04f6
bb06
b00a
357c
1571
c861
82e1
f65b
426a
01b7
1039
fcdc
322a
7c79
4101
8c2c
910a
ac9d
3ac1
0c09
1aca
07ca
e42a
fff8
0900
86b1
5c01
20de
0130
e203
e105
acfd
4046
1541
012b
1c8a
aaf8
11ac
012e
7e02
41eb
da08
a8fc
daa4
da30
e941
eef8
0a08
ee54
cfff
dc20
4c79
1c30
e842
2bc2
e805
0100
e8be
40be
1102
b4e6
eadc
0592
c006
5aea
e2fe
56f5
7a42
2aca
f811
38c9
76f1
6cea
a8a1
e840
83fd
1047
e9fc
f4f2
745f
e178
1f7a
101f
6348
d000
0f48
d1fc
d2fc
d378
43fc
d1c5
d3c5
22b9
eac6
4d70
e80e
8499
de72
fcdf
28c9
e03e
0ae4
e279
b252
6e20
e600
f000
0000
0000
0000
0000
ffff
ffff
ffff
ffff
ffff
ffff
ffff
ffff
ffff
ffff
ffff
ffff
ffff
ffff
ffff
ffff
ffff
ffff
ffff
ffff
ffff
ffff
ffff
ffff
ffff
ffff
ffff
ffff
ffff
ffff
ffff
ffff
ffff
ffff
ffff
ffff
ffff
ffff
ffff
ffff
ffff
ffff
ffff
ffff
ffff
ffff
ffff
ffff
ffff
ffff
ffff
ffff
ffff
ffff
ffff
ffff
ffff
ffff
ffff
ffff
ffff
ffff
ffff
ffff
ffff
ffff
ffff
ffff
ffff
ffff
ffff
ffff
ffff
ffff
ffff
ffff
ffff
ffff
ffff
ffff
ffff
ffff
ffff
ffff
ffff
ffff
ffff
ffff
ffff
ffff
ffff
ffff
ffff
ffff
ffff
ffff
ffff
ffff
ffff
ffff
ffff
ffff
ffff
ffff
ffff
ffff
ffff
ffff
ffff
ffff
ffff
ffff
ffff
ffff
ffff
ffff
ffff
ffff
ffff
ffff
ffff
ffff
ffff
ffff
ffff
ffff
ffff
ffff
ffff
ffff
ffff
ffff
ffff
ffff
ffff
ffff
ffff
ffff
ffff
ffff
ffff
ffff
ffff
ffff
ffff
ffff
ffff
ffff
ffff
ffff
ffff
ffff
ffff
ffff
ffff
ffff
ffff
ffff
ffff
ffff
ffff
ffff
ffff
ffff
ffff
ffff
ffff
ffff
ffff
ffff
ffff
ffff
ffff
ffff
ffff
ffff
ffff
ffff
ffff
ffff
ffff
ffff
ffff
ffff
ffff
ffff
ffff
ffff
ffff
ffff
ffff
ffff
ffff
ffff
ffff
ffff
ffff
ffff
ffff
ffff
ffff
ffff
ffff
ffff
ffff
ffff
ffff
ffff
ffff
ffff
ffff
ffff
ffff
ffff
ffff
ffff
ffff
ffff
ffff
ffff
ffff
ffff
ffff
ffff
ffff
ffff
ffff
ffff
ffff
ffff
ffff
ffff
ffff
ffff
ffff
ffff
ffff
ffff
ffff
ffff
ffff
ffff
ffff
ffff
ffff
ffff
ffff
ffff
ffff
ffff
ffff
ffff
ffff
ffff
ffff
ffff
ffff
ffff
ffff
ffff
ffff
ffff
ffff
ffff
ffff
ffff
ffff
ffff
ffff
ffff
ffff
ffff
ffff
ffff
ffff
ffff
ffff
ffff
ffff
ffff
ffff
ffff
ffff
ffff
ffff
ffff
ffff
ffff
ffff
ffff
ffff
ffff
ffff
ffff
ffff
ffff
ffff
ffff
ffff
ffff
ffff
ffff
ffff
ffff
ffff
ffff
ffff
ffff
ffff
ffff
ffff
ffff
0000
0000
0000
0000
1818
1818
0018
1800
3636
4800
0000
0000
1212
7f12
7f24
2400
083f
483e
097e
0800
7152
7408
1725
4700
1824
1829
4546
3900
3030
4000
0000
0000
0c10
2020
2010
0c00
3008
0404
0408
3000
0008
2a1c
2a08
0000
0808
087f
0808
0800
0000
0000
0030
3040
0000
007f
0000
0000
0000
0000
0030
3000
0102
0408
1020
4000
1e33
3333
3333
1e00
1838
1818
1818
3c00
3e63
630e
3860
7f00
3e63
031e
0363
3e00
060e
1e36
667f
0600
7e60
7e63
0363
3e00
3e63
607e
6363
3e00
3f63
0606
0c0c
1800
3e63
633e
6363
3e00
3e63
633f
0363
3e00
0018
1800
0018
1800
0018
1800
0018
1820
030c
3040
300c
0300
0000
7f00
7f00
0000
6018
0601
0618
6000
3e63
031e
1800
1800
3c42
3949
4949
3600
1c1c
3636
7f63
6300
7e63
637e
6363
7e00
3e73
6060
6073
3e00
7e63
6363
6363
7e00
3f30
303e
3030
3f00
3f30
303e
3030
3000
3e73
6067
6373
3e00
6666
667e
6666
6600
1818
1818
1818
1800
0c0c
0c0c
cccc
7800
6366
6c78
6c66
6300
6060
6060
6060
7f00
6377
7f6b
6b63
6300
6373
7b7f
6f67
6300
3e63
6363
6363
3e00
7e63
637e
6060
6000
3e63
6363
6f63
3f00
7e63
637e
6866
6700
3e63
703e
0763
3e00
7e18
1818
1818
1800
6666
6666
6666
3c00
6363
6336
361c
1c00
6b6b
6b6b
6b7f
3600
6363
361c
3663
6300
6666
663c
1818
1800
7f07
0e1c
3870
7f00
3820
2020
2020
3800
6322
3e08
3e08
1c00
1c04
0404
0404
1c00
0000
0814
2241
0000
0000
0000
0000
7f00
0000
0018
1800
0000
0000
3c46
3e66
3b00
6060
6c7e
6666
7c00
0000
3c66
6066
3c00
0606
3e66
6676
3e00
0000
3c66
7e60
3c00
001c
3678
3030
3000
0000
3c66
663e
063c
3030
3c36
3636
3600
1800
1818
1818
1800
0c00
0c0c
0c6c
7c38
3033
363c
3c36
3300
1818
1818
1818
1800
0000
766d
6d6d
6d00
0000
3c32
3232
3200
0000
3c66
6666
3c00
0000
7c66
6676
6c60
0000
3e66
666e
3606
0000
363a
3030
3000
0000
1e30
1c06
3c00
1818
3c18
1818
0c00
0000
6666
6666
3d00
0000
6363
3636
1c00
0000
6d6d
6d6d
3600
0000
663c
183c
6600
0000
6363
361c
1830
0000
7e0c
1830
7e00
1810
1020
1010
1800
0808
0800
0808
0800
1808
0804
0808
1800
0000
317f
4e00
0000
3c42
999f
9942
3c00
000e
8004
0917
7b81
0408
1772
8306
3718
f884
0301
140a
2636
351a
7778
8503
0217
7636
3a86
0300
1519
2773
477a
8703
0316
3827
7938
fa88
0518
1777
8904
0bff
9288
22b8
4514
7836
aeb8
b1e4
b23e
8b21
fe84
b21f
e94b
2ae9
966c
5ece
af28
bff2
3b43
b597
fc50
5e78
e488
2202
95fe
6208
2291
4533
66d5
ede4
8bae
3655
fa1f
c531
5d11
5e4d
afe2
58ba
ed9b
f1b7
e67b
0567
3fc5
3cbf
05f8
bfc1
403d
b304
1ff3
7230
4106
1c22
8a87
0d5f
10e1
df98
703a
870f
50e1
ea1c
3d43
87a8
70f5
0e0b
da08
a751
682d
a3f3
2472
103b
3c0b
e59e
8104
108a
28a1
f4ad
8fab
e03f
ea87
fd41
fe40
ffa8
3411
8db3
662b
29a1
4ad9
855c
2099
8101
7e49
7ee7
3ff5
5ff0
fd02
1d4a
2352
771f
b39f
81be
d3b9
f534
3f71
3431
ce68
7ee2
6863
389a
18e7
fa0f
5343
528c
efb7
b53f
077f
d875
ff0f
faf8
ff9f
8ffb
73ef
9ee3
19c0
ee3f
7031
9c67
03b8
c670
31ff
6f1e
0eff
d4ff
affc
3a0b
de81
53fb
31b9
9db7
1f13
e8ef
3cf0
2a70
3b8a
9181
8153
cf02
a79e
054f
aa9d
0a9d
4953
a95e
fafd
8000
0080
8003
0315
1c24
0c36
3b46
3a54
0d66
3c73
028b
040b
8c04
0a8d
0304
1200
263d
477c
68fa
ff49
2492
4924
9249
2c34
d34d
34d3
45a6
8924
bb19
833b
9c99
5ca4
9249
2492
f0c1
9857
afda
3066
0cc1
9857
afda
3066
0924
94ee
fe5b
a8e3
94c7
18ea
39dd
fcbe
e394
c718
ea38
e53b
f97d
c492
5d1d
4e4e
4739
1cae
0ea7
5736
6cbe
a533
951c
e473
9393
a124
965f
b795
1cac
1995
1cac
bf6f
2ea5
b8ef
dab8
ea3f
6d9c
956e
a5b2
9dd1
5712
4970
d3c9
b492
4924
924b
2757
3ab9
7d54
d95b
2f65
6d4d
b97b
7144
925d
c52f
6e5e
cada
9b73
6a6c
aeae
5f52
fa89
2495
7756
e3ba
638c
772e
5cbe
5fb7
dd4a
eefd
be5c
b972
d8e3
1d5b
8eeb
ba49
24bc
9e4f
2793
bfae
e793
c9e4
4924
9249
24bb
34f2
6d24
9249
2f3e
9249
2492
4924
924c
d124
9259
36e6
cbea
e6cb
eae6
cbea
e6cb
d892
4b6f
e5ba
9929
9833
0660
cc19
8330
660e
a64a
77f2
d249
659d
51d7
ba69
a69a
69a7
5fbd
4925
cbf9
6ea6
4a66
0cc3
aa95
dd17
cb2b
2a57
469b
f492
49df
cb75
3253
3066
1b2b
bf6f
6533
0660
ea64
a77f
2d24
9776
7547
77ef
75ee
5ca3
2a59
cb94
ce54
b673
eba3
4492
5cfa
669a
6ff7
6dca
be4a
d346
60ea
64a7
7f2d
2493
bf96
ea64
a660
cdfe
edb3
2533
0660
cc1d
4c94
efe5
a492
7f4c
c198
3397
2ba2
f2ce
aa5f
469a
6892
4bbb
f96e
a64a
660c
c1d4
c94e
fe5b
a992
9983
3075
3253
bf96
9249
dfcb
7532
5330
660c
c1d4
c1df
f774
660e
a64a
77f2
d249
25d9
a24b
4d12
4924
969a
24b4
d3c9
b492
4972
69d1
d1d1
d1e1
e1e1
e1e4
4924
924f
e93f
a492
4925
c9e1
e1e1
e1e1
d1d1
d1d1
b124
96df
cb75
3253
30ea
cee8
eea5
5f65
f42d
3449
25d5
fb7c
a94e
a539
7971
c763
8e39
51c7
1c71
c71c
71c7
18e7
25ed
4ae5
d72f
dab4
9259
52bb
bf6f
2e54
bca9
72b9
751c
ab77
29d4
b752
9d4a
752d
dca7
f4cc
1982
4927
fddb
664a
660c
c199
29ff
76d9
9299
8330
664a
7fdd
b492
4efe
5ba9
9299
8334
d34c
1983
3075
3253
bf96
9249
fcbe
0eea
5b39
7299
8330
660c
c198
3397
298e
ea5b
f969
24b9
f4cd
34d3
7e61
a69a
6fd2
4927
f4cd
34d3
7e61
a69a
6892
4b6f
e5ba
9929
9833
4d1f
ef59
8330
660e
a64a
77f2
d249
3306
60cc
1983
307f
4cc1
9833
0660
cc12
4965
15dd
97d1
a69a
69a6
9d59
7dd1
4924
baa2
bbb2
fa34
d34e
1c38
70e1
c395
392b
97fb
db49
25c3
9633
9529
8ece
0ccf
def7
ef5f
bdec
660e
ce1c
a94c
e589
2499
a69a
69a6
9a69
a6fd
2492
73a8
cc1f
afd7
f4ca
9432
eac6
60cc
1983
3066
0924
9cbc
1983
f783
f698
ff7b
632b
f7ac
baf5
8efd
6728
672c
665c
4924
efe5
ba99
2998
3306
60cc
1983
3066
0ea6
4a77
f2d2
493f
eedb
3253
3066
0cc9
4ffb
b6cd
34d3
4492
5b7f
2dd4
c94c
c198
3306
60cc
1fef
58ce
7aea
60ef
e544
925f
ddb6
64a6
60cc
1992
9ff7
6d8e
a5f0
772b
872a
5b39
7299
8249
277f
2dd4
c94c
c19b
536f
e5ec
ad19
83a9
929d
fcb4
925c
feef
669a
69a6
9a69
a689
24b0
c198
3306
60cc
1983
3066
0cc1
d4c9
4efe
5a49
2660
cc19
6ec7
52dd
ca75
29d4
a772
9d4b
7751
cabe
54b9
5972
a5e5
fb7d
d4a4
9258
60cc
18ed
8c74
c638
c638
c638
c752
a54a
7451
4ee5
3a97
c991
2497
0c1d
4b77
29dc
a752
f952
e565
fb7d
d4ae
ee54
bca9
72b9
729d
4b75
2ddc
a660
9249
cdf7
b19c
33f7
bd1a
69a6
9a68
924b
3eba
2fbb
95d5
4bee
e575
52fa
3ab9
5d54
beec
ebfb
a924
baf7
a9e4
f279
3c9e
4f27
93c9
e7a9
24b9
37de
c670
cfde
f467
ff70
d33f
fb86
8924
baf7
c9e4
f279
3c9e
4f27
93c9
d7a9
24b6
6c73
b993
93a8
9249
2492
4924
9249
3fa4
c000
004c
0078
0090
00ac
00c4
00f2
0104
0116
0130
014a
0162
017a
0184
01b8
01d2
01e2
01f2
0212
0234
0256
0290
02b4
02b8
02da
02fc
0306
0360
037a
03c6
03e2
03fe
041e
0450
0472
0338
048e
049c
03a6
0036
002a
0027
0002
0024
0037
002b
002e
0036
000f
002b
0030
0002
002f
0027
002f
0031
0034
003b
0002
0000
ffff
0028
0031
0034
002f
0023
0036
0002
002b
0035
001c
0002
ffff
0035
0023
0038
0027
0026
0002
002b
0036
0027
002f
000a
0035
000b
ffff
0028
0034
0027
0027
0002
002f
0027
002f
0031
0034
003b
ffff
0036
002a
0027
0002
0025
0023
0034
0036
0034
002b
0026
0029
0027
0002
002f
0027
002f
0031
0034
003b
0002
0001
ffff
0028
0031
0034
002f
0023
0036
0002
0000
ffff
0028
0031
0034
002f
0023
0036
0002
0001
ffff
0027
0034
0023
0035
0027
0002
002b
0036
0027
002f
0002
0000
ffff
0027
0034
0023
0035
0027
0002
002b
0036
0027
002f
0002
0001
ffff
0025
0031
0032
003b
0002
0000
0002
0036
0031
0002
0001
ffff
0025
0031
0032
003b
0002
0001
0002
0036
0031
0002
0000
ffff
0027
003a
002b
0036
ffff
0028
0031
0034
002f
0023
0036
0036
002b
0030
0029
0002
0039
002b
002e
002e
0002
0027
0034
0023
0035
0027
0002
0023
002e
002e
ffff
0035
0023
0038
0027
0026
0002
002b
0036
0027
002f
0035
0003
ffff
0028
0031
0034
002f
0023
0036
0021
ffff
003b
0027
0035
0002
0002
0030
0031
ffff
0028
0031
0034
002f
0023
0036
0002
0025
0031
002f
0032
002e
0027
0036
0027
ffff
0032
0034
0027
0035
0035
0002
0023
0030
003b
0002
0024
0037
0036
0036
0031
0030
ffff
0036
002a
0027
0002
0000
0002
0028
0031
0034
002f
0023
0036
0002
002b
0035
001c
ffff
0030
0037
002f
0024
0027
0034
0002
0002
0002
0002
0002
0002
0002
0030
0023
002f
0027
0002
0002
0002
0002
0002
0002
0002
0037
0035
0027
0026
ffff
002b
0035
0002
002b
0036
0002
0031
002d
0002
0036
0031
0002
0027
0034
0023
0035
0027
ffff
0021
ffff
0027
0034
0023
0035
0037
0034
0027
0002
0025
0031
002f
0032
002e
0027
0036
0027
ffff
0036
002a
0027
0002
0001
0002
0028
0031
0034
002f
0023
0036
0002
002b
0035
001c
ffff
002b
0036
0027
002f
ffff
0036
002a
0027
0034
0027
0002
002b
0035
0002
0030
0031
0036
0002
0027
0030
0031
0037
0029
002a
0002
0028
0034
0027
0027
ffff
002f
0027
002f
0031
0034
003b
0002
0036
0031
0002
0025
0031
0032
003b
0002
002b
0036
0027
002f
ffff
0025
0023
0030
0030
0031
0036
0002
0025
0031
0032
003b
0010
ffff
0023
0030
0002
002b
0036
0027
002f
0002
0039
002b
0036
002a
0002
0036
002a
0027
0002
0030
0023
002f
0027
ffff
0023
002e
0034
0027
0023
0026
003b
0002
0027
003a
002b
0035
0036
0035
0010
ffff
0025
0031
0032
003b
0002
0025
0031
002f
0032
002e
0027
0036
0027
ffff
0032
002e
0027
0023
0035
0027
0002
0028
0031
0034
002f
0023
0036
ffff
002b
0035
0002
0030
0031
0036
0002
0032
0034
0027
0035
0027
0030
0036
0010
ffff
0026
0023
0036
0023
0002
0035
0036
0031
0034
0023
0029
0027
0002
002b
0030
0028
0031
0034
002f
0023
0036
002b
0031
0030
ffff
002b
0035
0002
002b
0036
0002
0031
002d
0002
0036
0031
0002
0025
0031
0032
003b
ffff
0025
0023
0030
0030
0031
0036
0002
0028
0031
0034
002f
0023
0036
ffff
002f
0027
002f
0031
0034
003b
ffff
002f
0027
0030
0037
ffff
0004
0000
0003
0008
0001
000e
0001
0010
0001
0012
0001
0014
0001
0016
0001
0018
0001
001a
0001
001c
0001
001e
0001
0020
0001
0022
0001
0024
0001
0026
0001
0028
0001
002a
0001
002c
0001
002e
0001
0030
0001
0032
0001
0034
0001
0036
0001
0038
0001
003a
0001
003c
0001
003e
0001
0040
0001
0042
0001
0044
0001
0046
0001
0048
0001
004a
0001
004c
0001
004e
0001
0050
0001
0052
0001
0054
0001
0056
0001
0058
0001
005a
0001
005c
0001
005e
0001
0060
0001
0062
0001
0064
0001
0066
0001
0068
0001
006a
0001
006c
0001
006e
0001
0070
0001
0072
0001
0074
0001
0076
0001
0078
0001
007a
0001
007c
0001
007e
0001
0080
0001
0082
0001
0084
0001
0086
0001
0088
0001
008a
0001
008c
ffff
ffff
ffff
ffff
ffff
ffff
ffff
ffff
ffff
ffff
ffff
ffff
ffff
ffff
ffff
ffff
ffff
ffff
ffff
ffff
ffff
ffff
ffff
ffff
ffff
ffff
ffff
ffff
ffff
ffff
ffff
ffff
ffff
ffff
ffff
ffff
ffff
ffff
ffff
ffff
ffff
ffff
ffff
ffff
ffff
ffff
ffff
ffff
ffff
ffff
ffff
ffff
ffff
ffff
ffff
ffff
ffff
ffff
ffff
ffff
ffff
ffff
ffff
ffff
ffff
ffff
ffff
ffff
ffff
ffff
ffff
ffff
ffff
ffff
ffff
ffff
ffff
ffff
ffff
ffff
ffff
ffff
ffff
ffff
ffff
ffff
ffff
ffff
ffff
ffff
ffff
ffff
ffff
ffff
ffff
ffff
ffff
ffff
ffff
ffff
ffff
ffff
ffff
ffff
ffff
ffff
ffff
ffff
ffff
ffff
ffff
ffff
ffff
ffff
ffff
ffff
ffff
ffff
ffff
ffff
ffff
ffff
ffff
ffff
ffff
ffff
ffff
ffff
ffff
ffff
ffff
ffff
ffff
ffff
ffff
ffff
ffff
ffff
ffff
ffff
ffff
ffff
ffff
ffff
ffff
ffff
ffff
ffff
ffff
ffff
ffff
ffff
ffff
0f01
0000
5e80
fc02
fdc2
18fc
06fc
5f40
fc46
638c
fc4c
fc52
fc58
31c6
fc5e
fc64
fc6a
fc3a
c670
d8fc
fcf8
2f5f
76fc
7cfc
1863
82fc
88fc
8efc
948c
31fc
9afc
a0fc
a6c6
18fc
acfc
b2fc
b863
8cfc
befc
c4fc
ca31
c6fc
d0fc
d6fc
dcfc
1863
e2fc
e8fc
eefc
f4ac
fffc
fa70
f835
fcf8
0953
4547
4120
4344
9eff
20ff
fe28
4329
ed31
3939
332e
46e1
3f45
42e5
2d52
4f4d
2042
494f
53c6
4fd9
32de
322f
3232
2dfc
1de1
d031
373a
3030
c5fc
322e
f580
f6d0
f811
fff8
1d42
5220
cad3
8aff
362d
c18b
f2e0
f80f
67f1
83ff
ff57
fffc
75f1
07ff
ff52
41f8
2087
b5ff
fe00
01fc
3fff
a3f8
20ff
f812
559b
bff0
f80e
4ef9
faf1
56fa
504e
754e
734e
ff90
fcff
f839
2e79
fa42
3880
3346
fc27
870f
004c
fa7f
4dae
4e60
11fc
773c
ec80
3708
26f1
8001
f402
8000
3c3c
3980
0308
10f6
6706
0890
8c2f
fa60
f4f4
0167
0408
14f1
9ea7
e00f
8005
ce07
31fa
e108
0c70
ecc0
800f
ce39
ff51
c0fe
80e8
3443
fafe
42fd
ff0c
9151
f266
00ff
3e22
2900
a452
8141
faff
87ff
2e92
88e2
8934
0153
4248
41c6
ff43
d058
51ca
fffc
51c9
fff8
32e0
8e48
fb92
b0d4
1220
74e9
5800
22f0
783c
fa60
0004
81f4
01e8
8930
7ed4
a2fd
c0d2
f630
3c4e
f9f8
7fb4
feee
43f8
5ee0
720f
32c0
22c8
8cf7
eafa
eed6
7208
f2f8
0ad0
723e
0c16
f2fe
6100
0316
fc07
9cc3
f0fc
170a
fc23
e6fc
2722
462f
0cfc
2000
4e71
f6f2
425f
7687
f050
000a
4dfc
168c
01e0
02e3
07e8
027a
fc98
02bc
02d0
f8c0
c67e
e00a
e0fd
0ce0
cf3b
c002
3802
4aea
1643
64f1
4436
c698
e806
e8bc
ee1c
36a6
ee39
00ee
fdaa
ee22
eebd
8729
24ee
fd98
0838
98f2
67f8
00f8
ffe1
1480
3308
ad00
0258
0a3b
0e1e
5a3e
0402
aaf1
0480
371b
f480
ee82
ff64
5c01
e210
2d5a
0467
f6f0
bd0c
cdff
6700
fdf8
4ef2
fdfc
2200
29e0
f1b6
de22
7e28
fe07
daaa
4240
31c0
5ea2
4eb8
f2cf
a7c8
fdaa
3038
f02e
64f2
e67f
780c
40ff
ff66
e80c
78a0
5ea0
6706
0c73
f806
f866
d8b2
aefc
c728
0460
b242
4f4f
545f
ff83
d153
5953
c2cf
e809
ecfc
1aeb
0130
fd82
02fc
fa00
a2a7
8271
deee
6618
70ee
f01e
08ee
0110
670c
d8eb
fa01
901e
60f4
66fa
2049
dc5a
7006
78f4
725a
5665
ca6c
80f1
004e
f136
7007
f046
65f0
92e9
07ca
eb03
18fb
c096
eb0c
c008
c6fc
6006
0138
c5d0
f2fa
43c0
08d0
633c
1665
8ac4
d6fc
0e70
091e
7ef0
0660
38e6
fef4
303c
0081
3c3c
1c22
7001
ec59
f24e
7516
a9e0
b2ec
fef8
eadc
1ff1
92f1
075e
8066
e4f0
c659
ccff
ff65
da60
c422
0960
0a48
c0d0
8130
fc4e
f90f
c720
c030
1966
c4d6
3011
eec2
f089
eefc
f248
e72b
6020
24ff
bf49
d3ea
0018
4a2a
000b
6704
4e91
6406
fff0
3ef1
0460
c222
4a20
2900
6214
d3c0
7ef8
45d2
ea08
201a
b0b1
3f67
d232
1a0f
e16a
f44c
df44
1d75
794d
4141
1c49
4e29
b4f2
fa55
427f
5cfa
4441
5400
ffff
a804
2a42
f118
bcff
619c
d482
e975
08f8
8501
1cd1
a4ec
eafa
66f8
f0f6
58de
fffe
defd
0011
f036
3468
e280
77e4
d27f
ff4e
73e2
f80b
0858
1886
fc1b
d8fc
2442
fcee
1e22
fae9
004a
dcf8
1113
beec
f80f
4a2d
58c2
0e44
04e6
19e4
e6fc
3b7c
7b3c
6a58
0480
e904
5806
fa00
5802
84c2
7c30
dc04
ceea
d83b
8007
40f0
f202
b06d
e2c0
3e0e
f206
50e9
0758
0042
0c61
f008
42e8
0102
082d
7af8
f067
1002
40f8
d040
4ebb
87f8
000a
11ed
e880
2660
3e60
fff8
0c60
2060
4860
2a60
4cfc
0e08
ed01
4500
01e6
c030
e108
c020
f8f2
60b0
eafc
f068
faea
6128
d8e6
f80c
41d8
32b2
0910
f6da
16c6
fce8
6224
f8e8
08e8
c6fc
0f80
5310
640e
10bc
000c
011f
6068
0166
0406
10f6
b442
ace8
4f2c
29ce
c129
4100
0829
483f
84ee
48e7
3800
342c
ea36
fce1
ff06
38fc
0a43
f430
10d6
6c00
02b6
3ffc
4465
0296
4439
43ea
7200
3002
901f
7e43
6402
d044
b0e8
0864
1072
01d4
8c21
e0b4
e094
e042
bc18
c64c
df00
1ce0
f1c0
900f
43e8
6404
d0fa
0a39
9c06
caf4
a428
a4a8
41f4
20d8
1010
c800
c8f8
09b4
f206
c3fe
c414
d83f
01d6
f1ff
e858
e308
7ffc
1200
e508
d200
e958
f00f
d001
32f0
e11f
e42f
012f
0010
fd02
6190
feda
7832
f601
61d0
c0fc
00e3
e14b
d280
f400
61c4
f411
9407
d0d0
8122
1ffe
d45b
d1ec
d970
1880
e20a
4840
b2e9
8808
00fa
c0c8
fc03
1cec
4bc2
f061
dc1f
a61c
a602
20f0
3cf0
cc03
e0f0
01f0
b8f8
000c
3f20
ba4a
2042
41fa
0086
fcc3
fb61
0c61
3a46
4193
595a
42b0
6d04
e810
1914
eb3a
f8fd
32f8
fd2a
dbd6
f8fd
22f8
fd1a
f8fd
12f8
fd0a
f8fd
bce9
ffff
e159
4242
1400
b302
4201
d442
3430
2000
7d8c
b541
aae2
0122
2248
9016
ffb7
909c
619a
6198
6196
3401
4642
cae1
80c3
ffca
e210
2172
3063
4084
50a5
60c6
70ff
ffe7
8108
9129
a14a
b16b
c18c
d1ad
e1ce
f1ff
ffef
1231
0210
3273
2252
52b5
4294
72f7
62ff
ffd6
9339
8318
b37b
a35a
d3bd
c39c
f3ff
e3ff
ffde
2462
3443
0420
1401
64e6
74c7
44a4
54ff
ff85
a56a
b54b
8528
9509
e5ee
f5cf
c5ac
d5ff
ff8d
3653
2672
1611
0630
76d7
66f6
5695
46ff
ffb4
b75b
a77a
9719
8738
f7df
e7fe
d79d
c7ff
ffbc
48c4
58e5
6886
78a7
0840
1861
2802
38ff
ff23
c9cc
d9ed
e98e
f9af
8948
9969
a90a
b9ff
ff2b
5af5
4ad4
7ab7
6a96
1a71
0a50
3a33
2aff
ff12
dbfd
cbdc
fbbf
eb9e
9b79
8b58
bb3b
abff
ff1a
6ca6
7c87
4ce4
5cc5
2c22
3c03
0c60
1cff
ff41
edae
fd8f
cdec
ddcd
ad2a
bd0b
8d68
9dff
ff49
7e97
6eb6
5ed5
4ef4
3e13
2e32
1e51
0eff
ff70
ff9f
efbe
dfdd
cffc
bf1b
af3a
9f59
8fff
ff78
9188
81a9
b1ca
a1eb
d10c
c12d
f14e
e1ff
ff6f
1080
00a1
30c2
20e3
5004
4025
7046
60ff
ff67
83b9
9398
a3fb
b3da
c33d
d31c
e37f
f3ff
ff5e
02b1
1290
22f3
32d2
4235
5214
6277
72ff
ff56
b5ea
a5cb
95a8
8589
f56e
e54f
d52c
c5ff
ff0d
34e2
24c3
14a0
0481
7466
6447
5424
44ff
ff05
a7db
b7fa
8799
97b8
e75f
f77e
c71d
d7ff
ff3c
26d3
36f2
0691
16b0
6657
7676
4615
56ff
ff34
d94c
c96d
f90e
e92f
99c8
89e9
b98a
a9ff
ffab
5844
4865
7806
6827
18c0
08e1
3882
28ff
ffa3
cb7d
db5c
eb3f
fb1e
8bf9
9bd8
abbb
bbff
ff9a
4a75
5a54
6a37
7a16
0af1
1ad0
2ab3
3aff
ff92
fd2e
ed0f
dd6c
cd4d
bdaa
ad8b
9de8
8dff
3fc9
7c26
6c07
5c64
4c45
3ca2
2c83
1ce0
fcff
2bef
1fff
3ecf
5ddf
7caf
9bbf
ba8f
ffff
d99f
f86e
177e
364e
555e
742e
933e
b20e
0ff6
d11e
f030
3c0f
3ad9
1a82
e92d
58e1
ff11
12fc
0c02
4100
0f67
0610
0144
851b
fc00
ceda
e40f
660e
90d9
00d6
86e6
6712
ecfd
ecda
0cfc
d903
fa3d
0e20
41cc
fd06
660c
f611
83fd
defc
125c
d911
43ed
582a
8ce2
e948
e8e4
b97f
0d4a
0067
0270
00ec
4856
d918
e960
31c6
c166
fc62
fc6c
fc18
63ba
fcb6
fc2a
fc4e
8c31
fc4a
fc46
fc42
3646
fce0
fcfd
36fc
32fc
e109
34c1
d820
0848
40a4
3f06
48b8
3008
e048
f8b0
f87b
afee
fda6
56db
0c82
4174
d999
4251
f2f8
09fa
a5ca
fd48
b9b7
c105
670c
4291
e4f8
09ba
ef43
0880
0007
675a
b9fc
1c08
c0f6
60df
2852
d1fc
1261
56a8
fc0c
fc40
d2ec
8601
6144
caf8
0961
0aa2
f80b
0cc0
7021
011c
6406
20e0
d1f8
e886
2308
33ca
04e8
88f6
6250
fcf4
0280
f2f3
8ae1
c1e5
eaf4
f8c6
fc61
f074
f80b
f61b
7e0e
2010
4ac9
808e
fb46
4cdf
0100
bc87
8064
640c
acf1
58d0
40fe
b502
2398
25c9
7cf2
0ed2
fe68
d1c3
a5c1
dc20
e0d0
c0c2
8ef1
10e0
14ea
5999
6a0f
565b
02c1
2080
d0fe
d012
b9b8
5ec3
1410
f151
a0fa
e6ce
d2c2
6fce
18ce
660a
b0c9
63f6
d6d9
0af8
c5f2
5948
4200
60be
fb92
d8a2
5e4e
62cb
fa00
f5f2
ea0f
67f2
d4cb
b804
562d
59ec
c2cb
7200
31e6
f8e6
d8e6
0257
80e6
f096
b3e6
fcf8
e6b0
cebe
b259
f46a
b960
b9fa
6ca6
8112
e8fc
a670
59f5
f073
18f8
f6e8
06c8
678e
63e9
8250
d440
d4fd
ec00
ff26
4f7a
44fd
2aea
d8f1
2024
486f
e160
34c0
e048
24f1
0494
b1fa
0c66
af3b
2214
ed5a
0136
b1c7
b2ff
672e
b900
90fc
e3fc
f9f6
14c0
24ed
59f8
fcfc
37dc
603c
70ff
80fd
10e6
ff76
3ff6
e17f
60ff
58e0
9830
1fe1
98b4
e4f2
1218
08f1
ff0e
24f0
fc22
053b
f018
f072
fd1a
5efc
f99e
38fc
a86a
fcf9
94f6
34ed
5852
6047
8e06
24fc
ffff
c805
43e8
d604
20e0
54c8
20ce
b904
8427
0046
68aa
6504
ca87
8638
f50a
66fb
5224
c30a
1ac5
f100
4246
d14a
01f6
463e
65fe
c128
1cf1
4442
0072
04d0
18fe
a4a2
8e63
4663
f20f
6646
009e
dad0
6858
fc04
14b2
82a2
1080
26ac
7bfe
0cf3
0a50
e304
580d
fa0e
303c
01fe
a700
08b9
0180
3757
c8ff
f866
46aa
1f46
43f8
8038
20d9
fe30
d97a
a230
d6fa
0e5e
40e7
77af
cc0a
d2a4
6616
bca3
3767
08ce
a438
e8ec
bbe2
44df
9eee
fce2
ea60
180f
caae
3aae
4222
d88b
87fe
32d8
4af3
ac67
5e02
f860
fcd0
f8e4
d910
0e44
1b40
58ba
c64e
7cc3
82e9
4efb
1299
ecdc
96fc
d8c6
82fc
92f4
fd2c
f8fd
a8fc
d818
a0fc
aed4
ddbc
fcc6
63ec
fc7a
fc08
fc72
12e1
2d31
e75a
0556
0640
0596
f831
50fc
5142
ad58
5484
9f18
342e
e2f1
9af2
52e9
94f2
0f16
c4f6
f03e
ebf6
6ce9
fc76
c8f5
4aeb
0f2e
ab72
503a
1041
21f0
0df0
f4f8
0bf8
f80a
c60d
0612
a8f8
cee0
daff
1482
a6ea
fda4
c1f8
48f2
ce68
e2fc
c8fc
6118
f662
90ea
61fd
f164
f2b0
fd70
ff2b
4059
f8fc
fc3b
f51d
405a
5eaa
caf2
0e67
5849
60f1
102c
b4b1
94d4
f2cc
f14f
d0f0
0a98
fce2
31c6
2499
0afc
40fc
5efc
1863
7efc
c8e8
22fc
1e8c
8efc
1afc
a491
0012
110d
fc0e
fcd4
f093
cc41
e39e
12aa
45b1
c699
1afa
0351
df67
14fa
c6e2
93d9
660a
0c91
46ea
eb10
6602
2254
d9d8
f81a
120c
5aff
00a0
52d0
66fa
1b75
1792
b15a
e2dc
f4d9
6644
90ec
41ec
a6b1
3e7e
bf88
e188
1010
22ec
b12d
580b
0e08
de0b
b630
02ec
f43d
99b2
de16
648e
d216
b542
7443
64e1
e4f1
645c
f4e0
ddb2
221b
63b2
f80a
3ab4
fdf0
d4fc
d438
3538
3af4
18ed
dcfc
26a4
98da
ff44
f9a3
6a26
f009
1018
e908
8018
c042
03f8
f80c
2edd
9a18
bef8
0ad4
e2ac
d49c
5854
52f3
40dc
de1a
def8
0a8e
aab2
78fc
5850
dcf6
d9dc
ff06
fdb7
3f38
e30e
6736
12e9
1942
f2b0
2c00
0866
28c1
92f2
68f5
7038
f2ba
63c4
74d2
d2c0
5666
b2e4
25c7
22c0
14a3
b2c0
f00a
ff58
307c
17f6
a00d
670c
c8d9
0665
82e2
aa90
d811
6ca9
92ed
74f1
5615
6f31
e205
6606
74e3
02ca
d5d8
66d4
f6b9
1e66
e1bc
ca0d
a279
0396
d9c6
0810
0c11
fb67
0cf8
8a0e
061d
36b2
d930
c82a
c3da
e902
14f1
d080
f667
0802
e0cf
cee9
08f1
a4ca
a82e
fa04
6718
e912
c601
d4c0
1c53
ab33
2d59
f7d8
9950
ea4a
d901
9ce4
c418
fd94
d601
a406
e60e
f403
029c
64e4
d1ba
e070
bc7d
cb0b
6734
2c50
6538
6d9f
ceb9
15b6
e9ff
3c89
8182
c102
e048
b0fc
a1a8
027a
3653
6d58
1664
bd8c
9504
22f3
1120
ea98
f3f6
6af2
928a
adf6
4a62
09fe
f1e7
5adb
0870
c8f1
c46c
e856
0c6d
780b
3058
2a66
0cac
f12d
10c3
f1fa
ecba
002a
1028
2a71
72f1
123b
00f6
f012
4361
8046
b907
d241
fe4e
fb10
ff87
1283
0081
0104
8004
8203
0384
6ceb
d805
800f
d4e1
0e89
003c
fc48
98da
8d7f
123c
9aa1
4cfa
ff4a
ad58
4466
143c
c0fa
4866
0e96
b258
d047
4c4a
54cc
7960
2e50
edfa
ff70
e889
f8ca
1200
6020
1292
0308
c170
c79e
54f3
0c60
54d1
f8b2
c086
4101
60cb
02de
1b41
00da
d9f8
e02a
0c3b
7c02
ee10
7a79
4bf1
fa58
13fa
0258
141a
9310
f166
0a2b
8fed
5058
322b
680e
3642
f13a
fcc9
0390
54d0
53d8
fc6a
72f8
c92a
ba31
0c56
e120
320f
000a
1f52
6648
e7c0
0020
8404
8021
bd43
7ab9
fa91
0360
0466
d253
2da0
64bf
56dc
b411
600a
4e71
fefe
d6d1
0cbe
f4b2
f4bc
23d4
2221
7c6c
7c42
a808
147a
0b72
b6eb
4856
6ce3
0d67
4e5f
e32a
890f
6748
5200
f14a
c3f7
2a03
c1bb
6506
f454
e9f7
e748
5ada
203c
b3dc
ba52
600e
f8ba
89f8
0242
f3ac
550c
9eec
91a2
fd14
96e3
eafc
cc83
37f6
e6fe
fefa
08f3
0c5e
191a
c12e
e9d5
3108
e854
b454
8c84
d958
1ae8
3061
b3e8
f41b
b0f1
8434
b618
5caa
5cc4
1e7e
c516
34ba
5a01
f42a
44d8
bbd2
ba0c
6742
e2cc
bcb2
44b1
ae16
5f72
090a
6efe
f80b
94f1
ea66
f18a
c5aa
185c
fcd7
045c
fd5a
7fd9
00ac
3b7c
05dc
581c
3ef0
0b60
4669
b1b5
fe38
8818
5af1
0342
d00a
1aaa
68f3
1d22
ac01
6a60
0d66
200c
e91c
640a
b5d0
9834
e1c0
1892
d9ec
f211
d8a5
68f4
d4b4
fee6
fe52
2edb
f646
b048
1cfd
bc8c
9264
f809
038d
cda6
f768
02fd
9af8
0348
f192
c5f8
6218
a0aa
d251
641a
b010
c710
6302
1010
f250
f664
c558
f6ac
f2fc
19e4
1bee
fc52
d5d6
dafc
9cf2
6caa
2ceb
caf2
90fc
6017
05fd
acab
1924
aa48
408a
eae3
0b62
ec36
0058
4e66
d6a2
b83a
8450
fd98
e8d4
8e59
64e2
19b0
4e3d
9e64
12f6
728e
9a04
c101
8da0
8860
a25c
d070
d2bb
0f1e
f166
3494
6af5
162c
a916
3b7c
040d
13b0
22f8
e124
eef4
8c82
56db
9a86
7afc
4349
cae8
0972
ecfc
07ec
f80b
c2f6
5efe
f484
fe90
0cf1
3b64
f2fb
d007
f553
6d5a
027e
b0f3
ee58
0ca6
ab08
49d7
3eed
5a44
39bc
c9bc
e210
68c1
302d
5a06
64fd
e880
e86e
7a4e
7904
6704
828b
8641
6004
8ed2
dcfe
c120
dc9c
7e3a
c218
ec40
e746
fc25
000b
3dd0
f80c
6c6e
f2b8
6608
c9ef
3e60
bd3f
fa38
66fa
3250
e1e0
5930
3c09
2f61
d85a
e21c
f408
038c
b1f1
0502
809e
5940
5841
88e2
e8f8
f7f4
0640
0120
47f8
8007
ca4b
0516
c3c3
80e0
48fc
1681
e049
fc16
0a1d
bc59
d98a
e9da
02e1
4120
100f
e9ac
0646
df6a
1846
d24e
9a87
71fc
f81b
20e9
de4a
3045
a438
4008
a004
3280
b213
e88e
be56
92a9
6764
6afd
2032
006f
d4fc
e400
7f61
ac6e
fd06
3cfd
f211
619e
d060
2e30
1232
41b1
c030
fefa
fc94
f814
d291
078c
00d1
7060
ceda
a007
2d36
a0f8
bcf3
28d4
f428
0112
4b38
1b40
1cf4
fc3a
f436
56da
a315
98f4
0c2e
d2ff
07e4
46d0
ead0
2470
d8c2
c207
66ce
e230
32f8
f0f8
f0ea
86e8
c4fe
148a
e549
f4e9
c3ec
b228
8326
f1c6
e4d1
181a
da7d
fbbe
4848
e707
38ee
f105
8ef2
41ed
5a7b
0c38
14bc
8b51
d352
48f8
0462
fff8
fef8
09f0
0cf4
fe4c
ed1d
e05a
08cf
b04e
d020
5f48
f650
1ce0
64d1
6eda
86b0
f80b
619e
39ac
ccd1
7515
7206
9640
0bf6
fc30
8070
d97d
f16c
413e
08fa
3020
7c43
44fe
b8ea
6feb
caec
9a61
a426
e1fc
1afd
3408
fc4c
5905
d5d0
8033
c2f0
1714
d009
fefd
75a2
0f1a
b1c7
7f60
0c00
81f9
f0e8
5948
4120
0172
e1ff
d251
6061
ae2b
415a
34e9
9822
001f
6fe8
802b
405a
2cfc
3002
01d4
f109
8776
5949
811b
e406
92a1
073a
f809
018a
451c
d8e0
09a4
517a
eca0
3e86
1148
1e3c
fc05
3afc
56e8
f0fe
f4be
ec94
b9c4
41ce
d9c0
70dc
56cc
3960
18d6
8465
fce1
0bbd
01dc
6450
d230
0764
b9e4
60ce
8d09
b0f1
0a30
e9a4
fcd8
b61b
e3be
b27c
ed18
be40
be68
2f2a
57cf
ffea
67a4
daca
e29a
8ef8
0bc6
a5dc
06dc
0c67
36f2
8803
c628
42ad
3aba
6c94
bddb
5265
f299
025c
65a0
9102
7c37
2174
86fc
458f
67dc
6ad2
dcac
7aee
6512
c7f4
d6a4
650c
dc32
5e02
5264
3646
4ad8
ff40
60fd
a7fc
f0ce
8fd7
8492
bc65
22ce
7265
1c70
f3e8
f2fc
45ac
9e1a
650a
6010
0aaa
2429
16d6
b2be
ccd0
7e94
eb37
7646
fe32
b2fd
a3fc
b0c8
f00d
fdbc
bcd0
d662
651a
f2fc
bd65
b6fd
c7eb
57ce
ffe4
f0be
64b6
aefd
e881
6058
31aa
b80f
fada
5aea
f83a
26bb
f808
f0ec
fd0c
f4fe
4e75
51ae
8efd
a0fc
fe41
bc43
98a1
5fb1
66da
4067
0c53
4572
f14c
d162
187e
0eb2
f54c
f2f0
6714
5347
e602
8a0a
e688
f4ec
7fc0
e2f8
17ee
d23b
ec54
ea96
b8e9
2822
f42c
0c8e
eaff
1f3c
671a
9280
6320
f45f
d104
6314
9f6e
f84b
641c
0660
2658
88ea
305f
8c40
aa53
4664
18f8
c276
0ad4
86f4
a204
a2f8
1438
a2fd
30aa
37d7
6730
650e
b0fd
12b0
1cba
f821
aced
bb70
4866
2ef6
fd03
6696
f2e0
4067
0855
636e
f264
7586
f114
aa7a
e9ee
1412
d484
b20e
f814
b2ff
06c4
c243
3ada
f814
4ae8
e222
ed42
32d8
1ffc
3e12
f2e1
4a41
6614
12ad
7078
e22e
30b0
f834
6428
52b7
584c
e960
1e3a
db07
2eea
2ce7
307b
937b
36dc
07d2
b4fc
0018
6129
a803
c08c
2847
d0f4
fefd
b9c8
eef4
6a41
fe27
e900
7022
d12a
bdad
2848
d8d9
0680
3388
d984
88d9
058e
db87
ffb8
9104
b045
ee90
4dfa
ffb8
207c
508f
6143
4b54
6116
f841
f761
0ef8
f6f8
5143
4f44
61b4
4154
c8e9
24cc
7bad
201e
2272
e1e8
16d9
d0c9
f8d9
84b0
fcbe
d0d0
c4a8
d226
0061
e8b6
c162
848e
e1bf
b686
426d
5a8a
eb49
faa2
c8d9
84c2
3980
31f6
d289
8cfc
8dc4
8e18
c1ff
5aa1
d88f
28dc
90c2
dcf6
94f6
ffa2
da98
aedf
a038
ca7e
c21e
f186
7ac1
6341
8a48
40fa
84be
84f8
84f8
0972
2fc8
96c7
2022
36e1
e7da
67b4
a22e
bcda
66f2
6a7a
fe41
e9ff
f47f
25de
c1fe
6004
0057
0001
a6fc
1a7a
b053
73b6
fe24
b694
b6ff
1cb6
902d
b7c0
fcba
ffe8
baf8
0fc0
38c8
eb84
7ffd
3c71
b842
4010
3880
691a
892a
dab0
6002
6087
8756
1200
b248
8d67
3492
faf6
c28c
acd1
7f00
9962
6426
5cdb
ce0a
9206
d2ec
f1ee
e282
daf1
41f2
870b
7ae3
8452
e88f
6068
6c92
6424
f4e6
c4f2
06d8
befc
83da
8d41
f881
0041
f09d
7068
b6f2
58e6
8cd3
e087
98c1
02c9
5850
f80b
fe14
f1ee
48a0
caaa
2cc6
9016
d2f2
d05c
d01e
8b88
98d9
1467
0496
8a50
c9f8
1036
f686
60f4
2408
56ff
6106
4c40
e710
2a00
1880
fc30
c048
affc
482e
56c0
1229
31a1
c60b
e8c9
e07b
0efa
0267
08da
7b3b
1e18
1e13
5e31
6018
fa08
6012
6327
d808
d8f0
4e6a
8001
ec6d
3eca
6ad6
f1c2
463b
54fa
4e32
c1e7
d6f8
46fa
40f2
fd38
f434
f2fd
dcdc
2afa
24f2
fd1c
fa16
f2fd
1c20
0efa
08f2
4243
fe6e
4210
18e5
08e3
51fa
f829
4ed6
22e3
847b
ab58
f188
fad3
8467
783c
b226
fae9
aaf2
ed47
f6ef
5ee2
ea23
2c21
5a85
6716
53fa
bf30
0ced
00e5
7257
eff8
ea4c
c74c
3638
f208
acf1
89f6
e2fe
0066
96bc
ec50
defc
fa44
d150
640c
39bc
9cf1
8bd2
22fa
44d7
66aa
faff
52b4
c0cb
74e9
ff58
ff9a
ffd5
0017
ffbc
ffff
ff8a
ffee
0007
ff60
ff79
ff92
ffab
ffc4
ffff
ffdd
fff6
000f
ff68
ff81
ff71
ffb3
ffcc
ff6f
78e5
fffe
ffa3
de09
faf4
601a
6b04
bbf7
d621
0ad8
2104
6ad2
2310
3400
d41a
3f12
5fe8
c030
1866
e243
48e9
a47f
7a51
02ff
ff0c
071a
0320
0d23
0830
1b12
0418
2110
0eff
ff34
2436
092d
3126
1c29
1338
053e
190b
22ff
ff1f
112f
0f17
3533
252c
3728
0a3d
2e1e
32ff
ff16
272b
1d3c
2a15
143b
393a
0102
0408
10ff
ff20
0306
0c18
3023
050a
1428
1326
0f1e
3cff
f03b
3529
1122
070e
1c38
cd09
1224
ffff
0b16
2c1b
362f
1d3a
372d
1932
270d
1a34
ff17
2b15
2a17
2e1f
3e3f
3d39
3121
c1f8
3e6f
7f16
ed5a
9c40
d809
3000
8948
e73e
fa24
497f
10a8
f114
47fa
ff62
49fc
0e79
4e17
dc10
1880
fe10
671c
64c2
f3d6
eea2
ee10
66a4
52be
f062
5ec1
8edf
3cee
b240
e7ee
224a
6d5a
a0d2
4abf
0b01
b640
c081
5744
70f1
5f7c
a2d1
ffff
5106
080a
0c0e
1012
1416
181a
1c1e
2022
ffff
2426
282a
2c2e
3032
3436
383a
3c3e
0301
ffff
0705
0b09
0f0d
1311
1715
1b19
1f1d
2321
ff07
2725
2b29
2f2d
3331
3735
3b39
4dff
ff3a
d90c
1014
181c
2024
282c
3034
383c
03ff
ff07
0b0f
1317
1b1f
2327
2b2f
3337
3b3f
06ff
ff02
0e0a
1612
1e1a
2622
2e2a
3632
3e3a
05ff
0f01
0d09
1511
1d19
2521
2d29
3531
feff
0e51
0118
2028
3038
030b
131b
232b
333b
ffff
060e
161e
262e
363e
050d
151d
252d
353d
ffff
0c04
1c14
2c24
3c34
0f07
1f17
2f27
3f37
ffff
0a02
1a12
2a22
3a32
0901
1911
2921
3931
ed10
2f0a
26d1
7cf0
f243
e825
4786
7ffc
0249
fc03
101a
1080
1280
16f7
7ff1
f142
40d2
d916
1011
12b6
00c0
1013
1688
10fa
0052
fa40
febd
deb1
10b1
11b1
13b1
149a
f1e2
245f
1ebe
1019
e479
5aa0
43fc
a147
fafe
ea8b
91be
fc70
0094
dac2
b3c8
31d1
ced2
f2d2
8e42
1fe6
4316
1810
3430
a118
12fa
34e2
14fa
1016
fae2
b61f
2111
0311
0111
02fe
f800
1240
faf4
f8fa
01c0
c96e
9ca2
34a8
0e49
91f0
1233
a6f8
9eb3
19f7
8451
caff
ec84
c940
4241
a000
70a2
e89f
d617
6012
0384
90d1
2d62
e812
fa78
08a1
ee03
1600
8c10
fdff
c634
ad49
4064
0406
4100
3f94
4165
06b7
f5ff
3220
ded9
c8c4
1511
1f0e
05ff
1c01
0a16
fffd
ffff
131e
02ff
14ff
2527
62ba
26ff
1d24
f81b
04f8
2807
ff03
0bff
d6a1
33c3
f0f3
12fd
0d10
fc39
ff09
0925
ff08
dbff
aeea
7600
027c
285c
2804
7cfa
f9fa
1203
1002
6178
8afe
a01a
3378
1204
1003
e178
eefe
e4d2
400c
f865
0404
d2b0
f2e8
ff3e
e16e
3210
068e
0fe2
f80b
1ed1
a612
c0bb
011b
7463
4cfa
5aa7
22a6
189c
01f1
28d2
aae6
f29d
b15c
c201
1406
b6fe
e8c6
0498
a9d6
e4f6
a864
04e0
9ec9
b4ea
e60c
7bc0
d0f8
a710
a2f1
b300
b09c
0cbc
6630
a4b4
f216
1f7b
f8a8
6118
40e7
f0a7
f0fd
a961
0857
40ec
e44e
75ba
f00f
ba23
daf0
addb
2cf2
68e1
0368
e64e
825a
b852
bbb6
6895
de61
b612
610f
6714
40c1
b83b
6ab8
32f8
0ef8
bae8
49c2
fcea
31c0
c2a3
e0c2
b882
f672
c3d8
f8d2
b609
e348
41de
d6c2
fcc0
07ac
e859
e989
eef6
baac
ff64
95fe
baf8
bcc2
b63c
5bf0
f80a
d6b3
1d62
f084
b902
01a0
bbfc
c18c
8dfc
c3fc
bfea
fdad
0000
eafc
eafc
8062
eafc
ea86
fc9a
c650
9a94
6cfe
78fc
8030
01c3
3f7e
c24a
e848
9041
6404
446d
5834
d848
41c4
becb
9640
b1b8
78a1
e6c6
f1b6
e409
ae8d
685a
f02d
eabb
704c
3038
8034
a813
427a
c388
5fee
526a
5e67
2061
3860
c49a
aaa5
f402
9619
30fc
0a10
a3ee
0ec7
50ce
f1ba
b094
bc67
0892
a394
bc31
c0b8
aa8a
146d
0116
d4e8
e2be
5aa6
1983
31f8
c0f6
e8ff
0ef0
ba14
44ee
0254
59f8
e2fd
f87c
7cb0
c46b
1490
4265
1472
0084
3f22
2e99
d240
e999
6016
a76d
ecec
ee70
003e
b1c6
f0f7
ba52
d718
f0d1
0469
e2c1
042a
5463
7063
fb6a
0461
0c3c
4200
de4c
dfe8
ea14
6a6c
1b68
6b6c
0e6d
6410
1538
32a6
fcb0
f269
f21d
1d04
9920
31f1
76fc
3431
f130
c610
fcee
9efc
c4fc
ef3b
62ec
f03c
39f5
4cfc
d0f5
ec68
d8f6
3a71
f660
fc30
39f6
6dc1
0832
cc29
f0e4
09fd
cc29
fc7a
9def
7dc8
56c0
e208
78e9
f85e
801c
6a30
ed5a
d28f
fba0
6901
e148
fa03
3094
41e3
ce64
36be
04f8
1114
5af2
20f0
ee50
2080
be75
2e6a
70a2
e282
0c90
043b
f4e2
f15c
c1e2
a017
86d2
f141
584a
09fa
5b0c
faed
8de8
587a
6912
bc5b
0643
faa8
310a
01bf
fa18
08fa
1ce9
584e
d177
034c
d9c8
32c0
96b2
6010
f4fe
60d6
1b1e
f650
ebc8
bc2b
5f5a
d4fe
38fa
4a6d
5b22
6704
53fa
206d
2e1e
f0d0
3260
b398
7c80
0060
804e
fa11
9490
faf7
7b01
015a
e2b4
a12c
5ae0
61c8
4ee1
0467
f87f
7f02
a3f2
61ba
323c
04aa
b9fc
b00c
6d80
0a78
17aa
6614
61a8
a4e3
c867
5461
1072
fa8e
ceac
8ed2
dbb6
1af1
e072
f5b4
ae41
9a70
f403
f829
0361
dba4
f104
4200
09ac
2109
b021
08d0
2938
8c08
e407
f0fc
0c8a
d151
fc94
dca0
f103
e6e0
902a
7518
a029
8c23
64f1
0152
fc05
1463
74c0
f4fc
fefc
28f1
04ce
c4d8
fcdc
0bc8
0b6c
298d
1d04
b830
000e
3efc
3a30
040b
5a6b
87fc
7496
3965
9902
0401
03e4
fc31
6206
8684
28f8
b80a
1c71
8008
cadc
640d
262c
3ccc
5ae4
f2f1
5b1e
6006
06eb
f805
f8b8
f1d8
ea7a
bcf1
1e3d
b964
f6ba
f1d8
4ed0
ec7a
eafe
9c7f
4372
d920
322d
5b0a
0c41
32f1
04f2
80e1
4540
e1e8
df30
65e2
d6fc
eee7
1d04
f1df
20aa
0058
9a31
eeb2
5f88
f601
5b00
2be0
51ee
5bad
a0ee
fe06
a9e1
c00a
8a09
fcb8
3c40
edc0
2200
d65a
4451
fe84
11fe
1ae6
3088
eca8
597c
f2e0
d0d0
8f2d
e860
4861
9ce4
1460
f110
6af1
1471
f660
56f4
f6aa
de92
3046
788e
01c2
d0a0
d0d0
8ef6
0c79
78ff
2a78
f80f
fdce
69db
d878
d867
4084
eb3a
404b
3440
4b5c
392e
6892
a833
f409
82f0
3ac6
2292
39de
42c4
92f8
630c
2465
f692
b670
beb5
31a4
20a0
e950
c105
30db
e2d6
20ba
44de
7871
fd68
5efd
f8e1
514c
60ec
ddea
65e6
c63e
f185
ddb0
f1e2
7a18
e267
b2f1
0023
f8d9
c630
e0e6
d9ea
fcf4
fc5b
0a36
8c5e
4c9c
a9ff
e85b
161e
defc
64e9
df64
2bf8
0242
2d5b
f042
5715
035b
1260
30e9
42c9
24e9
33f1
c4f1
3092
90fc
4ad8
4c7a
8c1c
59a8
f128
4a07
5b18
b00e
41d7
da28
daaa
41ce
fc01
58bc
daa0
71a5
98df
70fe
f3d2
24e8
251a
42dc
01dc
fc02
dc3b
c616
e0d8
84e8
eaa2
06e4
f316
3710
e4f3
0ae6
f3c8
fcd6
42f6
fc2a
16c4
8cf2
68fc
a414
d0ff
28b7
d6d0
09d0
a6d0
ffb0
ba8d
8ee1
4ad2
12f3
fc8e
c8f1
e212
f574
8113
dc04
b640
1916
09d8
a86e
e2f2
dabc
44f3
9c73
28a2
4a72
1cc8
1687
b158
f4dc
9afc
fbea
f87c
f1e8
58f3
c2c2
535b
22e4
2a01
dcd8
f17e
e4ce
baee
fc1a
ee56
65c6
bcec
6cf2
ff8c
4048
fbae
a340
e0fe
fbfa
9222
3a98
c7e3
6606
67dc
fa08
67d6
fa07
11c2
67d0
a8da
e0a8
01da
f601
66fc
36f2
014e
f15a
b809
fb60
da02
5b58
5218
dc03
94f1
3e8c
f1b0
f483
6dde
515f
e6f2
e9f4
38f8
0a22
38f8
11db
72ae
745c
f1db
b438
ce16
f315
4566
f224
72d9
c6f1
be9c
e2ec
772f
68f0
13fb
3e98
f6fb
485e
c9e0
5adc
c6c2
6010
8882
5dfa
fc72
101c
4ede
5292
d900
c803
e6de
eade
e45c
4c4c
9530
eaa2
28c8
fe4c
ca89
48e4
cef8
30e6
eaaa
16ca
fcca
fe24
fcf4
c9e2
52eb
2edb
1000
606a
8c82
e0b4
f815
34b4
ffb0
5126
e060
1af2
ff27
f2c8
f6ed
e498
f816
74d1
e2e2
e4dc
4690
48f6
fa8e
0542
e2de
fa38
e48c
1ceb
ecdb
26e8
e23c
1ae3
363a
1d44
18e4
01ea
777d
6ad9
0134
12da
f9ae
6ee1
52e1
da52
65f2
8cad
f2a0
f632
7ef3
a092
f2ad
d064
e2fa
6e71
0888
f1b4
ba7a
67be
d101
3008
08f2
44d2
720a
ea90
3af2
90c4
0a24
0262
1aae
01f1
222d
62aa
b4d9
fcce
1065
acd3
f948
ec3e
fe8f
6dec
e865
eeee
3614
f1e0
9eea
66d3
c7da
51dc
6406
6400
ff2c
e01b
e6b2
65e0
5ceb
2096
ffff
7ede
0666
4ef1
dc5a
e07e
fd2c
c811
2bf0
0b0b
e62b
060e
e4dc
05ae
0c1a
ebb6
f266
3a06
cb2c
e560
2cea
fd1a
26c9
e046
d726
c9d6
e1f8
e40a
e009
6028
c8d8
0916
4261
2c5b
1986
f90a
4225
ce72
5a77
924e
da26
18e9
ecd9
f8f2
6efe
f9d4
8c75
b874
5406
d4f2
84ee
f8cc
d155
a6fc
26f6
f367
2abe
e39a
d2c0
39c7
61d8
f266
bee4
3065
d68e
b043
b1d2
e967
f886
2ef2
c67e
6c5f
c4e2
bcb4
71db
4ef2
0664
9260
56fd
73ce
6cf1
b6b0
24b0
32f9
18b0
08b0
00ff
6ee2
de53
f8ae
3cae
63f8
3470
0030
8ad9
2d38
d966
e1ac
13ac
cc01
baaa
da2c
e39e
f13e
60a4
e1aa
fd3f
41aa
ff3a
ec66
e2aa
f809
4ee1
da88
aaf7
e6aa
fcf7
8e7d
de60
fef7
e8e6
96b4
fcfe
f260
d87d
93ba
f4e0
525b
1860
2cf2
fdad
f228
dad8
52ec
3cea
ec3c
e9cf
f8da
5914
d9ec
8c9d
49f4
00f2
178c
f400
94bc
ebfc
44ea
04ad
52f8
84d0
c5fc
66cd
c4da
b8c2
c400
1544
08f1
18a9
2cf1
e1ee
43f6
8777
50f1
8070
b0d7
8e60
384a
eef8
3274
18ec
28e9
d77a
fcf6
ca6b
aff8
5c56
f440
f4f8
3eb1
59f8
6aaa
0962
4cd8
c2b2
e2da
a4da
368a
5bda
e031
4c2a
3c66
4002
f180
f6a1
b45d
36f6
eb90
50f1
102e
eaf6
769a
f1b7
1b48
d9d7
1ac8
e2f6
0641
d6fa
c8e3
466a
559c
03d2
e2ee
f42e
f4f5
58fc
7c19
86f2
0bee
74e9
ea9a
b3c8
22b9
f696
a4f6
f698
bb8c
f629
f688
acee
f678
30d6
b0fc
d4d8
b202
0202
e9d4
f236
1826
c6f3
20c8
0267
dc26
c206
db46
f838
36f3
14c4
ff3c
a6ff
32c0
77b5
92f2
0664
50d1
f610
bef4
a8dc
dec5
28e8
7636
f756
4afc
6014
bcf4
d654
e1f5
864c
68f8
181e
b6d4
ea0a
5501
dacb
a8da
2caa
a8da
72d4
f884
7abc
12fc
f282
20f5
98ea
0467
5875
dafe
cb12
095e
f4f6
9062
5b20
b2f2
dd4e
f528
7adc
d5cc
b2f2
f5a4
d9d5
ac9b
7694
670a
5eb1
204c
00a2
44f6
f658
d55a
44f0
0f16
c400
c00f
08a1
4218
fcde
cafa
5eda
b0ee
7402
ba01
02bb
82e1
f9f8
7ef8
09f4
e8d4
a67e
bce9
d54a
7ef4
2659
d9a1
d52a
7e30
71f5
ccc0
f9ab
0e8a
31f5
c440
f4fe
c3d0
013a
f6f4
8075
d7e0
f4de
c160
fcf5
b880
f6f4
bc66
fcc6
f15a
f0f6
66f3
60f2
06d4
d376
f0da
0466
8e47
d45e
9306
667e
e46e
5244
3b94
aae9
0e8c
e10c
63c2
6a4c
aaed
b7b8
96d9
d7cc
c206
64a4
60ce
4af1
9eba
01a2
e3aa
cabe
b15a
dcda
cc2b
f44c
3afa
d6f1
f9c8
2ef1
68ca
0680
866a
1796
c2d1
c032
f0da
c8d1
0035
8ce4
8970
ceea
d5f4
def3
bcfd
e8c6
30cc
ff95
d0ad
5ae6
cc42
a100
1140
0a2b
26ff
f41a
c7b4
51a2
c6f8
0a82
caff
9496
0e22
aab2
962a
00c9
9e89
56ff
5cb8
0416
b1ae
f8c8
94a2
ca6f
8bf0
d0bc
5480
6841
e6a4
91c2
a2a4
d7bb
dcd6
6410
86f1
d8f2
0167
1410
8900
668b
8596
99f3
5af0
a809
b20c
e6f2
ec21
8c1b
40ec
53e8
1265
63c7
b4e3
2c6a
f46c
f4f2
ece2
5647
3cd4
f19f
1ee8
12ca
c91e
e80d
d354
ce6b
5700
e1d3
00e3
04f1
461e
e80b
00d8
78dd
60a4
5550
beb9
8282
1ee9
c0d4
fcae
c2ac
a4e8
6e4a
aeac
e809
f252
2aec
d2f6
acea
f2d7
ae82
11d2
d62a
e80e
5eb1
e1f8
e105
0540
eb62
ad32
cd58
f322
f2c0
e44c
e80c
fee0
ba3b
75a0
fdf1
f24c
ecd2
96a0
f12c
21d2
763b
5a4c
eef3
cef1
fdd6
a2c6
b1f3
f28c
51d2
48ea
9e64
f3a2
fca2
58eb
12b4
f2ce
d97e
d6d4
00b2
085a
bb9c
db58
e80e
64e8
0df1
60b2
64eb
f1b8
91d4
86d7
0f64
ebb0
60da
2480
0dc6
8d28
6404
4ebb
1a1b
aa24
8402
9134
08f8
3295
22a3
c6fc
58fc
5281
de8b
0afc
fee1
aaa6
5272
0460
0a72
0360
f806
607f
f802
7205
3038
5ea0
0382
2456
c1e2
42bd
49ea
74f4
66b2
c9e7
a92d
5a05
fd5a
c6f3
2492
eb24
8241
6004
a81d
dafc
2076
d3f8
58f8
0e2b
485b
3ece
caf0
fc0f
80d2
f816
260c
7842
9410
a60a
f806
f866
16ca
bb6d
2b49
5bba
f100
a884
e990
ccf8
1224
ccf8
0e14
ac6f
d046
f8ab
9af8
1048
e701
00ca
fd1a
ffe1
dad3
2467
0c20
6d5b
264c
ec80
5b3b
202a
4e90
d0fc
4cdf
f2d4
0f82
ec2b
5fe2
e662
ea26
c34e
4ce4
63fa
0a24
e987
ea31
83e0
fcff
ff8c
9cab
92fe
d224
85a2
61cc
44cb
9e52
921a
f828
1e86
0a74
cc6c
f802
60dc
c6e8
3203
2cc0
c7aa
4ed9
02fe
0108
e6eb
2460
c401
0102
ffae
608c
e3ae
600e
f802
3118
f806
f801
f8a4
59e6
b076
3afa
de8c
e908
c901
feb1
ff64
fcae
f481
4eb8
5f22
ce72
1028
d1e9
c6d8
3f59
f0e1
18f8
40f8
0a2a
912f
60f0
6762
60d4
dc42
feb6
00c0
8ab6
90b0
82e3
e2f2
fe2f
6092
c14e
5345
4741
4449
5343
20ff
fdbd
bcf0
424f
4f54
ecfe
e041
54fe
f0dc
ffd0
fe53
5953
5445
4df0
50ed
5aab
1b05
0c78
f6f2
3eb9
72f3
6598
5889
0153
1760
8360
4aa2
b9ff
38ea
811f
feff
5b34
202d
fce1
88e7
8822
40fe
3d22
8859
0800
2b6d
5b3e
5bb2
8901
1c65
c470
da56
e24e
f4cc
2404
ed70
c4d3
10c1
325e
f13e
4306
5c70
037f
ff24
e9c0
7203
b388
5660
594c
df03
0067
18f0
3dd2
2c10
51c8
ffe8
5ef1
340c
90ee
42ce
0f63
3279
febc
08e9
e206
3c7c
fa02
6612
ca80
8041
e802
f7af
a8d9
021a
d269
0165
de58
4031
c04a
f151
bfe6
d224
88ac
2256
f216
41fa
fe80
8bd1
a0f4
0074
dcf4
b430
8080
e94d
5f01
6074
e94a
7422
6800
30b3
b4f1
7861
ae66
0e0c
a8d3
e1fd
3466
1dd6
2a8a
34f1
0058
3cfd
fea6
f468
812e
1cc2
04f4
67f4
c8fd
0e28
0044
d328
1046
1000
2cd4
eada
ea62
ded2
d96a
d15b
2ed2
f2c8
8a69
0408
baf4
65f2
c6ea
81fe
e271
fa1c
2009
e088
e688
0087
202f
804b
4840
d63d
fdcb
287e
d152
2001
ea02
4107
ff67
87d6
0252
8021
0a04
c8f1
3c18
29c2
d224
bd98
c8ac
72b0
3e3c
0258
31a6
e8fd
8098
1ce8
8ae8
bfcd
54cf
ffea
65ce
1184
e980
98b2
8b1f
c684
bee0
48b0
2da2
66b6
7c21
e64a
43ba
4ee6
8ce6
7aef
a45a
f2e2
fd98
7201
a2e1
04c1
018a
e975
27b1
6502
7000
6ed4
f2d2
8d0f
a18c
fc00
0652
ad7c
53fc
38b7
da86
d13c
668a
6ee1
0ac6
e468
e21e
fc22
def1
7b2d
d2fc
0270
3a5f
20d9
fefc
94e1
f68a
62f8
dbe0
90d2
fc74
41fa
0054
a0ed
2890
ed18
7320
ec3c
9697
68da
a4aa
da5a
98c4
f40a
ea24
4a25
0bcc
fd0c
ccfd
1e8a
fde0
2319
800e
fcde
78e2
d100
18ff
40e6
02c1
b348
56c8
fffc
da6a
e864
9ae9
c8d9
dc59
0aae
03f8
5105
fbff
7a60
0f3a
ea0c
220e
440e
660e
880e
ee0a
c3ef
aa08
88d5
08ae
046a
000e
33e9
04ff
ff0e
2080
3f80
0518
151b
2639
3638
4517
54ff
ff08
6409
7200
8305
1686
0303
163a
8903
02ff
ff15
1926
3b48
f858
fa67
7b75
1a8a
040a
8fff
3f07
7817
7937
7aff
0023
ae3a
cf2f
377e
fcff
c3ed
a3ff
e00e
fd71
d679
79db
dbf4
ffff
00c2
5800
5fab
bb2b
bfc2
f800
c7f5
b0fe
ffff
9a85
fff0
3f8d
bfd3
63a0
bbe1
81c3
e5ed
ffff
dfab
bdbb
bc78
5faf
c345
da00
be61
01bd
ffff
7d61
4200
9d68
1785
0d10
802e
b1fd
f600
ffe1
03e5
fe17
cf2e
d515
7769
bb4d
5de1
ffda
151e
cdd6
d5f3
cf9c
797e
11b7
3ffe
c300
3864
b003
97da
0284
1198
c8ff
ff00
691d
8846
435f
001d
8466
500b
f9ef
c10f
ff2c
21da
6aee
7ea8
c5a6
808a
9b62
ffff
96d5
2c59
6d58
c545
5970
ac0a
17ff
c613
1ffe
6714
59df
c7e1
6317
7fef
01a2
5aff
ff96
b87e
55d4
6b7f
4001
f5bd
4210
4a25
02ff
ff09
44eb
4017
ecf8
e7e0
0058
44a9
4010
8cff
f066
1004
a7fa
f443
b4d1
78a3
95e5
ffff
72a2
a6c8
bd4d
917a
9a40
05ff
351f
93ba
ffff
ebf5
e6ec
e282
ce28
e3d6
3af1
fb6e
563d
ffff
800a
75a0
00cc
6402
ea16
15f2
0022
5420
ffff
0250
b8d7
3a00
210a
3202
1466
3bbf
6004
f0ff
20f4
3553
5776
9a22
d344
2e51
15ff
ff36
45ea
6c88
b66b
8b6e
dc7e
e400
8a5e
78f0
e1a2
b72c
e28c
7bdf
251e
cdff
ff00
1a8d
001b
d689
4427
74f8
cbdf
7d71
9fff
ffe7
80d4
b52f
31d7
6fd7
6611
2d4b
52f3
1dff
ff67
0fd7
ee40
08d6
8003
4ad8
f8c5
9708
abff
ffd6
2cb8
b10b
9fdc
f3ee
d340
06b1
fe60
b3f0
f08a
b6a3
3080
14e0
0114
04ff
ff25
0e35
1845
1356
3967
7975
1481
0300
16ff
ff2f
2778
8204
0516
3683
050c
1637
28f9
84ef
ff05
1517
7b85
18f1
050d
163a
8705
0f17
76ff
ff88
0510
18fa
8906
2e8a
0632
18f8
8b05
11ff
ff17
7a8c
0638
8d05
1a8e
0633
1777
8f05
12ff
ffff
a528
9b26
f85a
f670
6a07
3cde
e06f
21ff
ff19
5b56
d577
fcff
eeef
cfa0
497f
04c8
60ff
ff10
ef07
bdff
d4f5
4f99
f8df
9bd9
3d98
edff
ffa6
379e
e6d5
b56c
5859
fb14
6a3c
8c55
18ff
ff43
1079
ddcc
e57b
9bb4
6b6c
f56e
2161
f2ff
3f1e
8c73
1b8e
d4a3
84db
8ecc
20fe
d5ac
fcff
2e3b
cef4
130a
9b65
5d93
6cf9
a9cd
ffff
d6af
7822
bf5f
991f
091c
bd4d
a39d
35f7
ffff
e3f3
bd3b
d69a
f489
e838
1d3b
ae06
47eb
ffff
f595
9fbb
0b8b
07e5
7f33
f3d4
122c
b768
ffff
7883
5041
edf3
988e
b85d
288e
5e26
0e72
ffff
054e
6467
674b
bdb0
2597
ec8e
acb3
bf98
ffff
afc7
af84
cb86
108f
3985
2088
770a
d2dc
ffff
dd74
91a2
502a
e7c0
c2ec
69f9
c7f5
51ba
ffff
d1bb
0f32
89be
00b0
be17
03b9
9046
04e9
ffff
773b
0463
952e
3173
db15
b9ca
8b3f
d152
ffff
94a5
3cfe
75ed
5c0c
865c
c9ae
d0b3
66c6
0fff
b209
f9dd
8608
3fdc
5f77
632b
ccff
ff1a
92d7
03bb
d3f3
f989
5da1
97af
8611
1f7f
f8e8
c465
81c3
dbfb
cdc9
a6a9
4f3a
ffff
f35f
d2fb
dc7c
87a3
1cc6
e3b5
1c29
36e3
7ff8
b308
3fb5
6b36
3e0e
2d04
c2d6
dfff
ffd2
4da7
245a
633a
fd45
5bfa
caa6
49ee
c2ff
ffe9
5ff9
5fcc
b243
a824
6e1d
a179
c9a8
20ff
fff0
5f36
9e17
885c
d947
24ac
c4b0
a7b8
9eff
ff61
eb8c
e49f
a222
3cd7
cfd6
51aa
e970
f3ff
ff25
37c0
1617
c2e0
7732
08c0
9d2e
e760
8cb7
ff72
a5c6
2e1a
d103
09e1
0105
1012
c204
880f
ff50
1104
8014
f59a
2154
4260
0505
ff1f
0134
3811
4051
1181
1404
0110
20c5
fa3f
f15c
03a1
401f
0200
8810
07c3
80c8
fc87
eba1
38b4
9401
00ac
580e
eaff
7f1a
1393
b1a9
a81c
5d8d
42e2
686c
0ff0
05ff
ffb5
da00
390a
4106
0181
8090
29af
f850
52ff
ff4f
4455
4345
4420
4259
204f
5220
554e
4430
0845
fa4c
49ee
5dc1
4343
d720
46e1
4d83
c320
ef54
8030
e6d2
49f3
532c
fc3f
df54
442e
ff14
1108
0d17
1100
0d80
43f8
fef7
c200
1cf8
8008
78ff
1ded
ffae
1107
18c3
4400
adf4
3ffc
0b18
6348
fc66
fc84
fc93
8c87
fca2
fcef
01e0
d37f
fc0a
c90c
f280
0580
39fc
0cef
00f0
feff
0ab4
89a9
1f80
01a5
40e7
a502
f700
085d
c690
11e2
f80f
b8e2
b5e2
b502
7fe2
7be2
bb05
c40c
e040
ec11
fa39
f1fc
0a80
07f1
f2f0
a634
f1c1
12f3
c13f
f2e3
f0f2
3201
ff3f
1fff
1906
041f
ff07
0805
0504
19ff
1189
1887
0437
e307
7277
49e8
1f07
0a07
0d69
1806
fe1f
0ffe
2380
fe01
fe82
f2ff
fc57
a671
4bc6
190f
fca7
724c
c71a
f2eb
143a
38ff
a512
1a06
3b39
131b
0701
5fff
f809
e3be
3a40
d3f2
5f43
445f
c7f1
fff1
5949
414d
fc53
f141
5254
5249
4447
45db
feb4
76eb
caa4
24ca
a009
d0a4
24d0
a300
626b
bbcc
a1d6
1639
4629
0346
2903
0449
049a
8dfa
f6c9
b212
393c
e8f6
31a6
3b12
227a
85a1
ffb2
42c9
2049
6149
328f
f792
aa00
3026
48ea
9c24
49e8
fe0c
786d
8401
4abf
2193
a2ce
0c9c
d8b1
c520
38d4
40cc
c154
58ba
f8c0
0158
f8f0
5cf8
b06d
4af8
60f8
fd64
e8fd
68f8
fd6c
3b04
e8fd
aef0
fdbe
2498
08ee
7f18
24c9
6c43
fafe
ce26
f85c
281c
83fc
fc91
07da
e606
dc31
fae6
fdc8
e664
e6c8
7107
c042
630c
ad5b
84fc
88fc
ba1e
826e
d8b2
0e2a
655b
904a
3146
6cc1
aece
8ca2
603e
3ffa
e8b1
0a5a
224a
24ea
d6b1
b6b5
8831
1867
0afc
06fc
9479
5c8c
3bd2
d6fd
40d6
0c34
7e21
0a2e
841d
d445
d87e
3222
710b
a685
17dc
c679
96e0
80ea
8092
c20a
3096
1c64
21ca
d6d4
42f8
01fe
9ec1
5222
7120
00f2
6300
c20d
d0ac
c4c8
fbb5
dcf2
60ba
910d
c864
0a70
e6ba
e46a
ce62
8ca6
aab6
fef0
bef0
0b17
6fdc
da65
e6ea
feee
0260
c205
3916
fc0f
fc22
4e4f
545f
4558
4953
ff11
fa5f
0055
4e46
4f52
4d41
f51e
7cf4
48e7
3020
aa6c
f1e4
6526
36fc
0bf8
0d08
651e
4a40
6c3e
b930
616a
70fd
c638
7622
0c7d
7603
5204
bc19
303c
ffff
008e
eafc
68ec
c74f
c03a
2648
c0a4
3200
6f66
c7fd
0253
4191
2600
4048
b9f8
3400
53fe
a342
d6f2
4ded
5b70
2616
4296
ba9e
f67c
b190
f1d0
650c
4e22
4bde
f190
67ff
3f08
2c83
51ca
ffe4
6026
207a
fd74
342a
1452
b36f
46e1
c6d1
b880
1c86
e6f8
12ec
0b30
fc10
b90e
7e5c
7e86
f4c1
76ce
e912
5cfe
997e
58f1
64a2
a200
3082
c198
9a53
4088
24f1
2066
aea2
8eea
9262
f6dc
0b88
0a24
7ef1
3ed4
c1d2
a109
8892
24dc
d4dc
f603
7808
84f6
fe09
fe66
18d4
9ca0
b53e
da5a
f448
5af1
bcb2
60c6
eaca
b106
fdea
8002
4eea
6a29
78a1
028f
b900
48a7
c000
7648
7626
8e3d
76f8
097c
fc06
deb2
f67a
a970
0828
3830
6f68
a110
601e
8426
ee86
0ae4
969f
2b19
dfc8
6140
929c
f0a0
3f3a
eb70
2ee9
9632
919c
310b
6ca0
011e
3abf
6f5a
f1fe
8a65
14da
38ea
96ba
6800
7549
01af
6392
8101
0a60
3892
eefd
00f6
d010
ec87
70ee
6cf2
3200
6e04
7cb0
aa8e
2c64
f00b
28ea
5afc
66e3
e2f1
063a
db7f
d0be
3c80
f1dc
38b1
207a
fbe8
3406
6f0c
8d75
78f0
0b34
f196
c89a
74f1
5cf2
924a
b163
68f1
1216
36fe
0766
be7c
da64
3260
0e22
ff8a
f084
f182
9cd0
e460
524a
7076
f80e
e130
9645
769e
43e9
ef45
ea38
39fc
34ec
08ae
928e
a19e
1338
8472
fcd1
3346
8c33
f6e0
820c
6652
fdfa
655c
09e2
db7d
42ea
08be
e6e9
fce6
e809
383e
6cea
0a10
4a40
580d
5a01
088e
f811
68e8
0b6a
e809
053e
1a00
6aef
07fa
6708
0e84
6ac8
4cee
e0c2
9120
5e00
e408
14f6
e101
1fbf
3600
9642
5543
2c96
267a
fabe
50b9
4aea
acd7
d6f7
a6fc
8e80
e3d0
a0fe
04da
d27a
28d2
90d2
fc8e
fbd9
d2ff
7400
ee0e
c48c
e9d4
4222
1ffe
0b92
bafa
6e82
f480
4841
4a41
670b
8306
0681
4bd2
f435
41cc
86c3
90e9
b2ff
0500
2c35
44ec
c73b
ec4a
224c
a2da
079a
f6d6
c224
9100
af18
51cb
ff88
10e0
d9e2
f2e8
a296
46ec
7c1c
e4f0
093e
094e
76c7
2f08
7109
74f8
7643
faf9
cedc
f35f
1f22
06da
70c4
d23a
da30
3000
3ffe
6086
4030
1f20
4801
c8c2
f8eb
08b2
c5f6
7a71
82dc
fd20
dcf8
17aa
6afd
88f2
d00a
4ef2
0cdd
0810
d172
fe3c
3a28
49e1
f038
0122
3a01
7477
0a24
4887
310c
1a00
2a0c
5242
3cf6
788b
f294
f14c
3600
96e9
588c
81fa
bbb4
3ef4
46e8
0926
494a
446f
44a2
fc03
7c01
ff1a
e102
c498
3e66
1e4a
456f
4f63
0453
4560
102c
c54c
ec60
f85d
fad8
c153
440c
424e
e908
90a2
f1ec
869e
c470
fc5c
3c70
f809
2132
478f
0230
0134
ca4e
911f
6128
3f7c
fa01
204f
6120
54fc
1062
fc42
990d
fffe
fce2
7184
cc32
00e0
4912
c1ed
c3f8
485d
42f4
61f2
a608
64f8
fbbf
7208
9229
b910
18e3
6850
4253
4764
e830
c026
caac
1019
dafc
e58e
1b48
6e89
7ee9
f6e8
58e0
897f
0f47
a42a
7402
9c61
1ae8
ecc0
00e8
e280
dc63
3ff6
e448
e281
9cf8
0910
c1e1
4851
8634
9c60
d4f0
9a62
f81a
da2a
98fc
1998
5c98
ff03
48f2
7bff
58d0
c008
f174
7e07
64da
1010
7c07
1211
8737
e308
e311
5851
ceff
f658
da50
1c1b
b4cf
ffe4
a2c0
ccf8
1480
308d
accc
10cc
1081
5089
d4ca
f4ac
ebcc
ffd0
84e1
d2ae
7ac8
7204
14e4
0851
ff12
c0d6
5889
a67a
7200
123b
001c
1f60
1230
1000
e409
8af8
0030
63f8
f8fd
38f8
81c0
2d2e
2f08
f79d
111a
232c
b8f8
1019
e508
10b8
f80a
3f00
5380
b6d2
e811
6ab9
f40f
1fce
122d
5b7a
e509
1181
98fb
f1f6
7bf6
3838
fc48
427e
ff3f
0016
8710
8718
8770
017e
0117
8070
0000
84ca
fc38
19f0
3f0c
0052
47b4
4764
ecde
4233
30fc
f4fa
7c00
fa4a
3160
0067
ff10
0e32
0792
4653
4110
33a2
b17f
18e6
5246
bc42
65e4
e011
b3c0
70f4
fec8
fcbe
eeca
3202
8061
dca4
3c07
e010
3018
1eec
b030
c665
1811
b008
3afa
9efa
1012
2919
b445
8ef2
19f2
bcd8
773b
c841
65ce
9cf6
2100
08d1
74aa
517a
530a
f85c
bc61
ccb8
4a40
67f7
f816
1234
0068
d961
1cb1
2ac5
4961
18e0
14f8
7bf8
c20c
4777
f800
0665
d6fe
ec10
31d4
d041
6002
7f50
9042
b042
64fa
5240
525a
82aa
fec0
44ae
a87c
aad8
e0ac
c07c
8451
1a6c
73b9
40c5
fc90
47ca
f80d
e27d
a408
65d0
386c
4aca
6742
7630
02b8
f17d
8898
7810
9cf6
7cea
0ff6
9092
ffc4
6908
6418
7207
92d8
1bc0
e4b1
2cf1
08ee
00fc
9952
fe42
f2c3
6004
08d6
0004
5cfc
72f1
f776
42b1
40c0
0821
0824
08c2
e100
6471
80c0
fc50
fcd4
4020
42b1
58ba
c622
6fb7
36c9
ba22
483a
f1be
ba41
c22f
68d2
58c3
03ec
ae01
06fa
205f
2f09
ea54
7cc2
0142
c24c
b3d8
c37e
0776
a8f3
aa03
5871
1ce1
ff0a
f64a
1d0f
5243
70e9
ec4a
e267
061d
456d
d8c3
2f51
b830
b6ca
f80c
52d2
c1d4
2eb6
f690
caf8
118e
08b2
d958
010e
ce71
5af4
fab9
92b2
471d
f27e
670c
1a69
995a
53c2
b4b2
deee
80ee
1d69
1a53
c222
5f22
5bc5
51c2
67ac
22f0
6710
e22c
c1bf
0f04
5bc2
526e
0002
ce71
0224
4936
7ffc
96bc
3408
9443
e442
9cbe
d2c2
e2f8
1f41
18d8
224a
d2c1
d241
d0c1
04f7
fe82
53c2
faa5
1c8f
faa3
0059
0fff
416d
0a05
48ee
22c2
5088
60f2
58e1
1041
53f0
0812
e8f0
54ac
43f2
76e1
00e4
b992
f60c
410c
6c88
df89
88f4
4024
0826
0882
f2fe
8b36
84f0
0ad6
4020
4394
88e4
8228
bbb0
6e7e
6e26
4876
b6ca
c202
f0e0
c120
5c1f
d202
323e
d170
e902
5241
c2fd
bdc8
bea9
8c90
81b0
886e
9069
fe26
10db
7e08
912c
83e8
a502
f631
07bc
b1b0
d4c2
d442
0ef4
3008
34a4
204b
c1c2
bb49
42f2
eeb8
4e20
5fac
f4fa
b2af
076a
f245
faf3
6a66
f66a
f6fb
bc43
eaa7
2d1e
59fc
e4f2
fc28
66f3
e806
f2d6
e8d2
2a02
f6d2
ff26
d2a0
01fc
dc1d
b6f2
4cd2
fc22
5fc0
e80b
0024
7ce1
fa32
d403
0240
e7a2
f262
d2c1
b5d7
46df
a8f4
22d3
e4a2
f624
1905
60c9
a2f0
091d
ff11
59a2
f00d
4060
da06
b589
6612
600c
07f6
def4
0966
06f4
61a1
1e62
dc06
02dc
fce8
148a
9f64
6204
b1ee
feca
0424
d960
f803
d8cc
04e2
f6e4
f809
d346
caf9
bf01
d5fa
1491
5449
544a
5541
6eae
6018
d9e0
fcf8
e04a
e176
c110
aef1
5adf
a66c
c1e8
3600
53d6
b345
7ac1
38ea
b8ff
70ea
d286
54f1
4843
4a43
6602
522b
1c40
d069
5cb1
7cc5
0e46
fc27
3c77
d752
c017
043f
04e8
4ae8
f80d
46df
d318
22b9
748c
00e6
a274
a08e
8caa
5298
c38a
fe00
fa85
bae8
5c8a
f809
6c90
8af8
4258
f407
1fbb
7b8a
c009
7c78
02c1
0178
cce1
264a
bcb3
0228
4bbf
f1e2
b302
3013
b052
a401
14fa
0430
ffc3
1260
2852
44b2
446e
00ff
e458
3a8f
fd03
5245
b245
f4d0
aaf3
0252
423a
bdeb
0254
eefc
bc60
0a9c
fc1e
3e50
9cb2
a660
56fb
e0c6
c234
085a
20bb
80c9
b2bc
9afc
8832
77ac
02e2
4122
7049
ff74
6606
76e3
6d74
d4f8
0d20
d4ff
5cd4
ff48
d4ce
ebc0
003f
0d28
41fe
4000
5b90
f83f
8062
6fce
1842
f084
5c29
7d5b
82a6
e903
7fff
12f8
0980
6022
7af0
8cee
ec10
1112
bc00
5a61
8c0c
11fc
6616
f6a5
6fdd
f6a5
660c
12d6
b506
8851
cafe
e0c0
8ee9
feb8
1916
5126
3018
b418
65fc
6306
b65e
96a4
7ae9
e804
ed07
d0fe
c6f1
3941
5aff
7c55
01ff
f8ff
fff8
ffff
f8ff
fff8
ed00
f000
f8fc
0200
fff8
f600
f000
0000
0000
0000
0000
0000
0000
ffff
ffff
ffff
ffff
ffff
ffff
ffff
ffff
ffff
ffff
ffff
ffff
ffff
ffff
ffff
ffff
ffff
ffff
ffff
ffff
ffff
ffff
ffff
ffff
ffff
ffff
ffff
ffff
ffff
ffff
ffff
ffff
ffff
ffff
ffff
ffff
ffff
ffff
ffff
ffff
ffff
ffff
ffff
ffff
ffff
ffff
ffff
ffff
ffff
ffff
ffff
ffff
ffff
ffff
ffff
ffff
ffff
ffff
ffff
ffff
ffff
ffff
ffff
ffff
ffff
ffff
ffff
ffff
ffff
ffff
ffff
ffff
ffff
ffff
ffff
ffff
ffff
ffff
ffff
ffff
ffff
ffff
ffff
ffff
ffff
ffff
ffff
ffff
ffff
ffff
ffff
ffff
ffff
ffff
ffff
ffff
ffff
ffff
ffff
ffff
ffff
ffff
ffff
ffff
ffff
ffff
ffff
ffff
ffff
ffff
ffff
ffff
ffff
ffff
ffff
ffff
ffff
ffff
ffff
ffff
ffff
ffff
ffff
ffff
ffff
ffff
ffff
ffff
ffff
ffff
ffff
ffff
ffff
ffff
ffff
ffff
ffff
ffff
ffff
ffff
ffff
ffff
ffff
ffff
ffff
ffff
ffff
ffff
ffff
ffff
ffff
ffff
ffff
ffff
ffff
ffff
ffff
ffff
ffff
ffff
ffff
ffff
ffff
ffff
ffff
ffff
ffff
ffff
ffff
ffff
ffff
ffff
ffff
ffff
ffff
ffff
ffff
ffff
ffff
ffff
ffff
ffff
ffff
ffff
ffff
ffff
ffff
ffff
ffff
ffff
ffff
ffff
ffff
ffff
ffff
ffff
ffff
ffff
ffff
ffff
ffff
ffff
ffff
ffff
ffff
ffff
ffff
ffff
ffff
ffff
ffff
ffff
ffff
ffff
ffff
ffff
ffff
ffff
ffff
ffff
ffff
ffff
ffff
ffff
ffff
ffff
ffff
ffff
ffff
ffff
ffff
ffff
ffff
ffff
ffff
ffff
ffff
ffff
ffff
ffff
ffff
ffff
ffff
ffff
ffff
ffff
ffff
ffff
ffff
ffff
ffff
ffff
ffff
ffff
ffff
ffff
ffff
ffff
ffff
ffff
ffff
ffff
ffff
ffff
ffff
ffff
ffff
ffff
ffff
ffff
ffff
ffff
ffff
ffff
ffff
ffff
ffff
ffff
ffff
ffff
ffff
ffff
ffff
ffff
ffff
ffff
ffff
ffff
ffff
ffff
ffff
ffff
ffff
ffff
ffff
ffff
ffff
ffff
ffff
ffff
ffff
ffff
ffff
ffff
ffff
ffff
ffff
ffff
ffff
ffff
ffff
ffff
ffff
ffff
ffff
ffff
ffff
ffff
ffff
ffff
ffff
ffff
ffff
ffff
ffff
ffff
ffff
ffff
ffff
ffff
ffff
ffff
ffff
ffff
ffff
ffff
ffff
ffff
ffff
ffff
ffff
ffff
ffff
ffff
ffff
ffff
ffff
ffff
ffff
ffff
ffff
ffff
ffff
ffff
ffff
ffff
ffff
ffff
ffff
ffff
ffff
ffff
ffff
ffff
ffff
ffff
ffff
ffff
ffff
ffff
ffff
ffff
ffff
ffff
ffff
ffff
ffff
ffff
ffff
ffff
ffff
ffff
ffff
ffff
ffff
ffff
ffff
ffff
ffff
ffff
ffff
ffff
ffff
ffff
ffff
ffff
ffff
ffff
ffff
ffff
ffff
ffff
ffff
ffff
ffff
ffff
ffff
ffff
ffff
ffff
ffff
ffff
ffff
ffff
ffff
ffff
ffff
ffff
ffff
ffff
ffff
ffff
ffff
ffff
ffff
ffff
ffff
ffff
ffff
ffff
ffff
ffff
ffff
ffff
ffff
ffff
ffff
ffff
ffff
ffff
ffff
ffff
ffff
ffff
ffff
ffff
ffff
ffff
ffff
ffff
ffff
ffff
ffff
ffff
ffff
ffff
ffff
ffff
ffff
ffff
ffff
ffff
ffff
ffff
ffff
ffff
ffff
ffff
ffff
ffff
ffff
ffff
ffff
ffff
ffff
ffff
ffff
ffff
ffff
ffff
ffff
ffff
ffff
ffff
ffff
ffff
ffff
ffff
ffff
ffff
ffff
ffff
ffff
ffff
ffff
ffff
ffff
ffff
ffff
ffff
ffff
ffff
ffff
ffff
ffff
ffff
ffff
ffff
ffff
ffff
ffff
ffff
ffff
ffff
ffff
ffff
ffff
ffff
ffff
ffff
ffff
ffff
ffff
ffff
ffff
ffff
ffff
ffff
ffff
ffff
ffff
ffff
ffff
ffff
ffff
ffff
ffff
ffff
ffff
ffff
ffff
ffff
ffff
ffff
ffff
ffff
ffff
ffff
ffff
ffff
ffff
ffff
ffff
ffff
ffff
ffff
ffff
ffff
ffff
ffff
ffff
ffff
ffff
ffff
ffff
ffff
ffff
ffff
ffff
ffff
ffff
ffff
ffff
ffff
ffff
ffff
ffff
ffff
ffff
ffff
ffff
ffff
ffff
ffff
ffff
ffff
ffff
ffff
ffff
ffff
ffff
ffff
ffff
ffff
ffff
ffff
ffff
ffff
ffff
ffff
ffff
ffff
ffff
ffff
ffff
ffff
ffff
ffff
ffff
ffff
ffff
ffff
ffff
ffff
ffff
ffff
ffff
ffff
ffff
ffff
ffff
ffff
ffff
ffff
ffff
ffff
ffff
ffff
ffff
ffff
ffff
ffff
ffff
ffff
ffff
ffff
ffff
ffff
ffff
ffff
ffff
ffff
ffff
ffff
ffff
ffff
ffff
ffff
ffff
ffff
ffff
ffff
ffff
ffff
ffff
ffff
ffff
ffff
ffff
ffff
ffff
ffff
ffff
ffff
ffff
ffff
ffff
ffff
ffff
ffff
ffff
ffff
ffff
ffff
ffff
ffff
ffff
ffff
ffff
ffff
ffff
ffff
ffff
ffff
ffff
ffff
ffff
ffff
ffff
ffff
ffff
ffff
ffff
ffff
ffff
ffff
ffff
ffff
ffff
ffff
ffff
ffff
ffff
ffff
ffff
ffff
ffff
ffff
ffff
ffff
ffff
ffff
ffff
ffff
ffff
ffff
ffff
ffff
ffff
ffff
0fff
6000
0916
fc0f
a842
6f73
616e
635c
6f76
61f0
06f0
9800
fff8
fc55
55ff
f8fc
fff8
fcff
f8fc
fff8
fcff
f8fc
fff8
fcff
f8fc
fff8
fcff
1fff
f819
48e7
fffe
4eba
06c0
522d
0006
c630
f803
00fc
7afc
055c
86e1
fc7e
fc04
f6fc
000e
ff0f
196d
0002
0011
4cdf
7fff
4e75
42ff
e1d8
0e47
ed00
807e
07d6
fcfa
4a13
f1c3
6a04
de24
51cf
fff2
ea05
0380
001b
7cec
e0e4
89e0
e8fd
0cdc
e4c8
532b
3f85
000b
6614
0893
00e8
16fc
f163
0108
f8d2
6000
0560
f410
78c0
f800
b224
6be4
e01f
c601
7a00
1a1a
0cb5
e065
707f
0c06
f860
f04a
056a
0ed4
148f
31ea
6a06
534a
d628
f26c
0ec3
f820
04da
8067
cbfe
0fff
41fa
0610
daa0
0802
4500
7fe3
4d43
1837
7050
e410
8e27
4a42
18e5
17ac
0c88
0813
c6f8
f666
3632
e4f0
0e00
0d10
3027
fa28
4cfa
1ce0
c3bc
ee30
0031
2748
ff0f
7120
0100
1842
f214
fc16
4218
0eb2
1217
ec07
0013
871f
b810
0512
f202
5301
6704
d00e
1853
f817
40ae
fc0b
c271
e84a
ea0d
670c
280d
667c
0856
0478
584f
ec08
f030
f2ba
0066
263a
f810
10fc
11fc
0f48
80da
4032
05f6
0f87
ea00
c019
c80f
1941
0d31
10e0
49fa
07d2
cede
98ba
3266
0cc8
fd04
2a64
8f00
ec31
6708
a6fa
190a
4720
dee8
4adc
fd07
38fd
4041
f952
4670
0072
e0ff
5bec
e549
2030
1000
2200
e11f
8648
4841
1001
32ee
1437
987f
f814
b041
6406
046b
1ed2
1602
401f
0386
ff06
40de
e616
eae1
1862
02a0
066b
02e8
2c3a
a4f0
208c
f124
20fc
18b8
23c6
e309
d20a
9c80
6203
c00f
203c
ddda
aabc
ffff
8064
0220
069c
8092
8053
8010
da52
4851
3f84
c8ff
fa4a
8167
1282
20d2
ffff
1c90
ab00
2c95
c0dc
8020
0160
d64a
8666
3e18
0eea
f80b
2c00
2746
f17a
f124
3f28
3613
6b06
2748
986a
f196
f506
032a
12d0
9cf1
06e4
4250
faee
12e4
8ef4
84f2
f8ff
f441
fa09
9220
1867
6c6b
6a53
407f
0f22
58d3
ed00
104a
2990
f158
2469
317c
68d5
f232
f20e
3a01
e959
3ac0
5002
450f
9bf0
04df
0f36
02e9
5b02
439c
f30f
3802
0c42
0f7f
0c63
0438
3cfa
d445
9845
5344
4761
08ca
f186
d6c5
fe16
87d8
384b
51cc
3804
de52
90e9
c71e
51cb
ffce
289a
86f1
ad00
0ac2
1f9c
43a0
0a16
2d00
0378
03fe
7030
1011
1200
4219
0c8b
8165
341c
e2fa
8f63
fc3c
f8b0
31c6
6526
fabf
f238
f863
fce0
6518
fae4
f234
600e
14f0
8730
f9b4
0365
0616
021b
78f8
4309
98bc
4a03
6b04
1b68
0388
1ea0
04b8
52e9
6c60
dae3
31f6
b0f6
6460
d0f6
e0fe
30f6
5a60
c67e
001e
8a09
677c
8fd7
026a
0002
ccb4
e309
0c07
9122
8624
fa86
20f8
448a
8616
fa86
be10
71f8
8608
fa86
0228
f830
a24e
ba02
6e45
b616
04fe
83cc
0247
007f
e54f
2472
3e63
08d2
f220
4aa4
2adb
1200
81fc
76a3
05c3
ef0f
fa01
5c4a
34e2
43fa
0068
143c
c30f
f853
47d2
301a
d088
2740
bf8e
da37
5a00
0810
1916
e946
efeb
0871
80fa
0dfc
0b19
66ff
1806
09fa
ff55
196b
f608
5fdc
1716
0217
4200
0a3e
f168
1b4c
0030
f30b
04e5
aece
d980
41f8
34d4
86e9
6701
0203
0487
b105
0706
0058
0566
58b0
f12a
58f8
1403
5802
584a
6cfc
a8da
78f1
fcc3
ee01
ef48
d6c0
224b
30ea
1fbd
8a42
9950
f1fc
369a
50f8
0e98
e00a
52f8
2608
4258
faff
76ea
ff0f
0c08
5092
5a92
c747
4c14
670a
fa17
6706
53fa
093e
40d9
eed1
0e1b
6d00
1638
0cf0
fed3
081c
ec15
dd1d
6efc
1812
d920
9d84
0964
0844
e909
cb16
3cd9
070e
e00c
8cf2
f5d6
9ce9
7e88
ce0f
6718
6b18
0cf8
02b9
a8f6
0c66
11de
f1f2
eeda
f978
d0f1
0fda
0067
208a
0166
1a84
b18c
ff01
418c
320f
5bee
f170
0852
284a
d0c1
fef1
f862
d90c
2796
01e6
0208
eb8e
5577
f0f8
094c
d46e
d904
dae6
f301
ad7e
f210
0787
a18a
f1e0
e598
fb70
f2fa
1063
96e1
fc62
fc1e
fc22
8c01
fc26
7818
1621
07fa
b216
fa15
cc46
51f8
6c6e
ebf8
4efc
c37f
f8fe
225c
1020
4d30
3c02
3f42
9807
156a
f22b
41f0
10f4
3eec
68ea
f770
08ba
0090
81fc
2a16
3e81
7207
eff0
3eda
3c01
1954
e174
ffc6
01ff
10fe
b4c2
a6dc
5443
51c9
ffe4
ce00
2e88
ffa2
fcfa
8c41
faf0
4091
ee00
0be1
1c2b
48a4
f80e
a6b0
aafb
d40f
ab4d
fa02
f04b
dc34
49e6
d2fa
f1ff
f0d0
f1fb
010b
011b
012a
01a2
5001
65ff
c301
7701
8d01
a601
be01
dc01
d613
ffe1
0230
0254
0273
0298
02c6
ca03
1dff
ff03
4b03
7a03
ba03
f104
2e04
6704
a904
f5ff
ff05
4205
8e05
e306
3b06
9606
f807
6607
dcff
ff08
4f08
d209
5609
dc0a
780b
190b
c70c
6fff
ff0d
380e
000e
ea0f
ba10
a611
8612
8013
96ff
ff14
cc16
2417
4618
de1a
381b
e01d
941f
65ff
ff20
ff23
3025
2627
5329
b72c
632f
6331
e0ff
ff34
7b37
7b3b
413e
e842
0646
844a
5a4e
b5ff
ff53
7958
e15d
e063
c068
ff6e
ff78
3c7f
c2ff
ff83
fc8d
1497
809d
80aa
5db1
f9bb
bacc
77df
37d7
51e3
3304
455c
f14d
4efb
505c
f27c
c618
fc8e
fc90
fc92
6363
fc6a
fc66
ecfd
c4fc
c68c
31fc
56fc
c8fc
cec6
d8fc
4afc
46fc
42e0
fc31
c601
48fc
44fc
40f0
586c
2ef8
5418
f2f8
4cf4
fc01
1c63
b001
78fc
88fc
8aa4
58fc
a806
f89e
b2ec
b741
38ee
1752
c0e1
5a3a
da17
faf2
ea68
bffa
04e4
ed05
d6f8
0d10
1a6b
0ad1
9bd6
f6e1
6512
30c9
08f6
6408
fae4
28eb
2b4e
1467
f8dc
e268
e3ee
08d3
1823
b8a2
0da8
0eae
44b1
f601
a43a
f1fa
0aff
dd72
e31a
41fa
0384
5848
e548
0bc9
00d1
d8d9
cdb1
1768
28c1
30fa
31fa
0d43
1fde
c136
22f8
00d8
ca27
4900
2887
73fc
2427
f004
001c
fa20
bc3a
fa08
002c
1ac7
22c0
0b48
f80a
3028
bce1
8032
00e0
48c6
da20
f408
d098
2541
f609
f010
c14c
c7a1
40bc
fc8c
3a0e
67ca
060b
c354
e103
504c
e15e
e148
fcd4
fb3f
c053
4a50
fc12
1a4a
3300
4066
0417
81a4
85fa
53f6
de54
e6fc
922f
dc0a
5900
278a
dcd1
ac0a
60c8
eefc
01b2
2473
f0e0
58ec
b682
a2f3
58e2
1ac8
f108
f8c1
0ae1
f487
1608
e274
0811
e002
08e1
ca08
e2c6
004a
92f8
fcd4
fcc6
186d
f4fd
e0fc
e434
b084
04f8
7bd1
f4fa
fc09
1bf6
80ff
f093
97c9
08ee
30f9
5f02
3edc
e126
f3fc
c7f4
7cf8
fcca
003f
0111
f801
3df4
5f87
7f01
da00
4fe4
d019
ef00
990c
8048
7858
fc99
8054
f790
fff3
f2ff
918f
f7fe
fbdc
ef01
9901
c2f8
80fb
f880
d607
9dec
ffeb
eaf8
0f99
06f5
d7f8
0f03
d7f8
2b04
e708
9c10
9996
e418
eb0f
f0d9
f6ff
85f2
f7fd
02e0
8f19
8680
6026
ff99
18bf
1401
997f
f7f8
6050
10db
fbec
fdbd
ecf8
0a05
08fb
eaff
c3b6
c84f
74b9
03e0
faa5
b917
f7e2
ffa6
0cf4
ffa5
fc0f
21fe
30e0
cfa4
fcfa
d4e4
0c63
d406
947b
5495
fc97
8361
f8fc
48f8
eef8
0a30
f894
9271
00dc
f255
a506
6cfa
0040
3d92
faf9
4038
feef
9e04
ffe5
060c
d8a3
f5fa
970c
28e8
fdfe
f0ce
f80a
6162
fdf4
12f3
e4a7
10d4
f81b
8024
f530
638d
fec3
6305
e640
9460
9597
48e7
cf9b
1f60
9c24
9b97
1894
f562
9799
fcff
5b99
9b24
9c9e
18a0
0ca1
a048
e6df
bfc0
fb0c
8d18
8dff
fc0c
8bf7
0103
fff1
74a4
f0fc
fb8b
188b
fffb
355c
0c88
eaf8
09e5
f2e6
9cc9
f2f2
d19a
c718
3fc1
9564
fc74
fc84
638c
fc94
fca4
fcb4
b1ea
fcc4
fcd4
95c1
5eb1
e5e1
aae2
0161
c79f
3dfb
0c31
979b
0120
fca1
8fab
6efb
0408
e200
0301
4043
edf0
afea
fb1f
4ed1
70b9
01d4
d901
61ed
cfe9
fb0d
1cd0
fc4c
eadd
56b9
0c30
c477
fc05
bdfc
a0f0
385d
e9c4
06ac
e10a
01c0
2dc9
057f
51f5
fff8
0aec
9fb9
0708
0607
0603
f8ff
9d05
0681
8e87
8692
9087
908d
921f
0088
8b85
0280
8ace
e9fe
ffe2
0a0e
1115
171b
1c1d
1d23
2221
1f1a
3ffc
1b14
130e
1002
04e6
898f
9194
98ff
ff9a
a0a0
a5a7
aaab
a9ad
b0b1
b0af
b1ae
acff
c3a9
a2a2
9899
8d8f
8884
0405
c910
ffff
1317
161a
2020
2427
2b2d
3133
3839
3b40
ff0f
3f3d
3e3c
393c
3632
302f
2c27
20ff
1fb5
1412
0e09
0281
888e
9297
9ba4
a87e
88c2
b6bb
bec0
c3c5
ffc6
c3ff
ffc5
c8f8
c2c0
c0bc
b9b2
afa9
a4ff
ff9d
9892
8d84
8005
0b0e
1318
1a1e
2124
257f
1828
2b2c
2e30
3335
36ff
3737
1e1e
fc35
3530
34b0
2f29
2524
e0ff
61ab
1d1b
1918
1612
100d
0a05
fff0
0483
8589
8c8f
9393
975b
9c9e
9d7f
f89c
9d9f
a09e
9f9f
9df7
9b9d
9999
ff80
9897
9595
9493
9292
91fd
0302
fa93
95fe
f2d5
0df4
ff94
94e5
e790
8f8e
ffff
8b89
8887
8481
8004
090b
0c12
1618
1b1f
3fc0
2224
282a
2e31
328a
3c3e
0f21
3f41
4243
44ff
45fd
43fc
ffff
413f
3f3b
3938
3531
2e2a
2822
1dff
ff19
130d
0680
868c
939a
9ea5
acb4
bbc1
c6ff
ffcd
d3d8
dce0
e3e6
e9eb
edee
eff0
eeee
ebff
ffea
e7e3
e2dd
d9d4
cfcb
c5bd
b8b1
a9a1
9bff
ff95
8f87
8007
0f14
1b22
282e
353b
4044
49ff
ff4f
5355
5a5e
5f61
6263
6765
6566
6563
63ff
ff60
5d5b
5955
524e
4a46
403c
3730
2c24
1f3f
fc1a
130e
0903
8489
269a
9fa3
a8ad
ffe1
afb2
b6b8
babc
bebf
c0c1
ffc0
c0ff
ffbf
bdbc
bbb8
b5b3
b1af
aca8
a6a3
9f9b
99ff
fb96
928f
8b88
8480
0107
0a0d
3cf1
1a1d
203f
8523
2427
2829
2a2b
ff2a
53ff
ff28
2623
2220
1c18
1411
0d07
0482
888d
93e1
ff98
9eae
aeb4
b8bd
c2c6
cacf
d1d5
ffff
d7d7
d8d9
d8d8
d7d5
d2cf
ccc8
c3be
b9b3
ffff
ada7
a19a
938b
8503
0b13
1a22
2931
383e
ff7f
464c
5459
5d61
6568
6b6e
7072
7374
7576
faff
ff75
7574
716f
6c68
635e
5952
4cff
1f45
3f38
2f27
1f15
0e06
838a
929a
a1fe
dfa7
b5bc
c2c7
cdd2
d7da
dfe2
e5e7
f2f2
ffff
f0ef
efee
edec
eae6
e5e1
ddd9
d6d1
cec9
ff0f
c4bf
bbb6
b1ad
a9a4
9e9b
9793
8ec7
ff49
8380
0449
1014
1719
1c1f
2225
fd70
2729
0cf1
3234
3536
38ff
393a
3af8
7bfd
3939
3837
3533
33b4
e92d
2b29
08ff
3724
371e
1c1a
1816
1413
ffff
1110
0f0d
0c0a
0807
0605
0303
0201
8081
3f84
8182
8283
8485
86ff
87fe
1409
88ff
89ff
f9c3
dffc
87ec
8585
8483
8281
80f7
e1ff
7003
0505
0607
0708
0809
ff0a
0a09
8019
f8be
0604
bee0
ffc0
c689
8a8c
8d8e
9091
9394
953f
8697
9899
9a9b
9b9c
ff9d
ff88
b09e
fff9
f49b
9afd
ffab
ea93
c9e9
8d8b
8987
8583
8101
0406
080b
1ffe
0d0e
1112
1416
3e1a
1b1b
1c1e
1d90
7e1e
ff1f
fd1d
1c1b
1a19
1708
0955
1255
0e56
08f0
579a
5b60
898b
0308
8c8e
8f99
ff6a
e9c2
ffff
63e9
f690
8e8e
8c8b
8a88
8684
e170
8280
5c05
0709
ab0f
1113
0a21
ac1c
af1f
ff20
00c0
fffb
adae
18e0
ff17
0408
e908
0401
8285
888b
8e91
ffff
9497
9a9d
a0a2
a4a7
a9ab
acae
b0b1
b2b3
03fc
b4b4
b5ff
fbb3
b2b1
afae
ff87
acaa
a9a6
a4a1
9f9d
9997
9491
50af
ff87
8480
0306
95f3
deeb
2628
2a2c
2d2e
3019
fe30
31ff
f82f
2e2d
2b2a
29eb
bf28
2725
d3e9
9cf1
1715
1311
0f0d
0b09
302c
e3f1
9683
854c
8a8b
e6f2
fc8d
5494
9596
9797
9898
cbc9
9a04
f7fc
fff3
9897
9696
e391
8fa9
ea8e
8d3a
888f
f190
f28f
f18e
f204
8104
0405
fffc
fffe
ef34
a8eb
48f1
02e1
51d9
45f1
1310
43f1
8384
ffc9
fd00
80ff
f1ff
eb76
f84f
f2e4
9206
50f2
0a0b
ff0c
0c0d
0eb1
040e
0fff
10ff
fff2
1082
edea
0dff
0cdf
827a
2ef1
2ff1
9f2e
f5ee
e992
f18a
8a8c
5755
29f1
8f90
8ef1
8ff3
01e2
fffe
80f2
81f2
a404
4645
8946
2040
8889
6f91
8d90
0df0
1f96
24f1
1515
1617
1819
191a
22c0
ff1b
fffa
f518
1f02
1716
1514
1312
820e
8b48
0e8c
7aea
9091
fd8b
8b28
8891
901e
f2a4
8ffc
00ea
f89a
7f9a
fedf
f270
ed04
8032
0450
9573
e922
8502
2511
ff12
fffc
f721
c81e
23e5
25fc
8a22
2625
fe93
fe23
ffff
a000
28ff
9e9d
02e9
08ee
b1b2
9796
05e9
b5f2
9222
a8b1
f2ff
f809
f0eb
f3e1
c3f4
0208
aee5
6cf1
c09b
b0e1
0022
b3ae
fff5
c2a5
4aaa
a4a5
fe3c
abe3
5cf2
abe3
28aa
a8fe
4fa8
f809
a9aa
fd13
f2ac
2216
f1a9
58e2
5ae2
58e3
aea0
8aad
ac02
f205
f3c3
e9c8
204a
48ff
c3ff
f816
30a9
2bff
f7e9
f812
e4fc
24aa
e6fd
b88f
ecff
8cec
8aed
8ac8
87ea
fff8
0b7e
ee78
ffaa
ac75
73f8
09a1
ff2f
e80a
29ee
7b99
feca
aa98
f80c
fff8
0caa
fda8
a9f8
0b47
f80c
34ff
24ab
fef4
d823
c5c5
a7ff
3efe
aa95
fff8
0c99
f80c
9af8
099e
fd50
fd06
fff8
0f3a
f814
5455
91f8
f340
f809
a1fc
34f8
0932
f809
4cf0
0bff
f812
6595
3bfc
5dbe
cb33
ffff
f813
a9ff
5555
c982
f01c
ccf7
d3f0
139f
f818
99f8
0a3e
ffc3
b00f
41f2
fff8
19e3
d7f8
0bfd
fcd9
8283
ffff
1018
2b54
4a6a
5d66
5478
3923
03a4
beb8
ffff
d2c8
eae7
d6fd
d2fc
abd3
9d95
b9aa
9d93
ffff
0527
2555
4845
5353
2f74
4f7f
676c
3a18
ffff
330a
0689
a5be
cce1
e5ee
edf9
fafd
fedf
ffff
b49c
801a
1e3f
263f
3b63
4f73
4956
566a
ffff
3949
3320
1805
89cf
bee2
e6e1
c7af
eeb1
ffff
aaab
a3b6
8c0f
0226
0c25
121b
2f3c
4c43
ffff
4630
312c
2c34
311b
1a09
9599
a2d0
98cc
ff0f
9fdb
d7c0
d0ad
be93
9082
a396
85ff
ffb6
4135
5a5c
766c
655c
402c
1d0c
0b9d
a3ff
ffa9
c6bc
d5b2
b0c1
bf9e
c6a8
9eb4
9202
0eff
ff02
1811
3447
3c49
3938
3927
282b
2034
19ff
ff13
8d80
a995
9cb5
94b6
91ae
a4a4
a2af
8ac3
ffb5
a8ae
b891
8203
111c
1838
3824
ffff
303d
2f34
262a
2106
220a
960b
8a09
b1a8
ffbf
a9cd
c8b2
aba0
a893
9d04
9507
048c
16ff
ffa7
c946
2e33
3639
3025
1827
0b0a
838e
88a9
ffff
9b9f
a898
9589
b097
8ea8
a58f
ad80
0201
ffff
2a0f
2682
0d17
1517
330f
2d16
261b
1c0a
ffff
1921
8e85
8297
b2b1
a5a5
bac2
a4b9
a9b3
ffff
a38c
8e99
9383
011e
221f
3f32
383d
323b
ffff
281f
221d
100a
1482
8e9d
b0af
a4bd
b6b4
ff3f
b5a0
bbaa
8d89
8081
1e20
1922
171e
25fc
f075
2431
202f
291d
4819
0184
ffff
8793
a3af
8eb2
a29e
a3a2
a491
adaa
80a8
ffff
828a
8915
1918
262f
3325
2c1c
2e27
1d2e
7ff8
2228
150f
0790
93a0
4eb2
c2c6
bbff
ffad
a6a0
a48a
9380
0911
1428
272c
242f
25ff
3f37
2e15
260e
1f02
0e06
8a96
8596
a896
fcff
4696
9898
8ba7
9798
8802
0307
0c11
7ff8
200c
1f17
130e
1316
440e
1412
0f3f
fc10
0302
818d
8f8f
26a4
a79e
8fa4
87ff
859c
898a
3b82
0a06
241a
1927
261f
7a23
201c
111b
0e16
0797
a193
8ba0
07c3
5fc1
9f9e
671f
c182
b80a
0fff
200b
2917
1d6c
130b
1504
0408
08ff
7f01
868c
8887
978e
9192
8d88
9588
9486
89f8
1f07
8302
8507
0105
1819
0f1c
fef1
b51b
1214
0802
0b06
03d9
8286
ffbf
888a
8f9e
9a95
a194
938e
8d85
8104
033f
4ce0
b90d
1614
1f1d
12db
1511
ffff
b78f
88a2
999b
9395
9890
9292
8f8e
808f
ffff
0884
060c
1011
1718
2011
1c0d
140e
0707
f787
8788
8d86
23b9
8b86
818a
8d90
923d
7c96
8e84
d185
8781
3a09
090d
0d13
87c3
b2a1
1b13
b80d
8001
398a
c30f
8893
8a6e
8b91
948c
9593
ffff
fb8e
8680
8180
0a09
0e19
1519
1314
0f08
00ff
0e64
f183
9283
908b
948f
f087
91da
8989
8482
8404
0193
f01f
0c9e
040a
0510
0912
0c14
0a5e
f8f6
0203
8481
20c9
b683
8988
8bc3
1087
8b92
d289
82fe
0242
f80f
07b7
086a
0c12
1109
0384
0f09
0ad9
eb8b
5183
c191
8f92
6df4
c983
84ba
e100
0d05
34bf
13a9
c10e
3040
d603
0683
ee05
8500
1d49
0382
c9a7
ba87
820a
805c
0395
c9fd
8d87
0d69
0f0f
0b23
0502
0ed9
8700
0521
e06f
8e85
c1d6
1061
d966
c9dd
b810
1218
defe
0f12
6910
0a0a
01d5
990f
0f8e
9292
9490
468c
8c8a
86e0
0f6f
02f3
a908
0b09
0d0c
0dfb
5105
0c0a
f7a9
0403
8003
8178
bba9
fb01
11c9
8d14
ca8a
8486
8103
d700
40e4
4402
6a9a
ba10
0483
ecb1
8fea
c2dc
2104
efc1
6984
5803
e145
0841
c109
ca26
ff01
3742
2381
8186
60c1
89d8
fd86
70d7
de84
ab02
80fa
f208
0974
91ed
c1dd
0d82
02c1
d184
82f3
c183
879d
b189
5008
4811
04fe
f16c
0c00
0afd
daf5
83b1
bafd
0f20
fd87
8b84
8564
bd06
d900
c472
ffbd
08b1
6000
04fe
f0d1
06f6
a200
0422
d7d5
b800
554f
ab0f
c41d
d1b1
f17e
c142
1091
3bb3
5db9
b5b0
2484
c28b
c187
12b9
8f02
0990
f47d
b9da
0826
42c1
99b9
0602
3084
81e5
888a
258d
2011
878c
88cf
fd84
028e
f0c3
0a02
1011
0d12
0e0f
dc06
7ea8
04e1
b982
8984
8b89
dc8c
e3b9
1a16
42c2
35a1
cdb2
0edc
1313
0c91
e017
6ddf
888b
8a90
8d91
0db9
0042
b194
1b83
9707
f005
9755
b20d
0b0b
0d90
b96c
f8d7
0286
8a88
8c8a
8f8c
8d73
8902
e900
0802
4ca2
7b42
1776
67f1
7703
6dd1
8381
39a3
7000
fd47
8487
89eb
c080
0b73
0f96
11b4
4f0c
22db
bdf1
b9b9
9000
8b49
e9b5
4585
8594
e928
80ba
9caf
b1fc
2f00
4207
89b9
c44b
bad6
8bf1
0124
f1d2
8686
8201
b901
a1dd
b82d
db07
0208
c8c9
74f1
9851
23a1
f05d
ff94
8385
0382
041e
a20a
0b27
f185
1826
f196
e9b9
8378
8550
acc2
b491
f195
817f
f110
2bc1
8107
102b
0871
f19a
f100
c072
78bc
de86
0083
84e0
4180
04fe
a0ab
afa9
0415
b2e2
e280
026e
c9cf
d983
c3db
e287
81fe
e3e9
8081
a503
da50
0570
e924
f105
7049
09d0
02a3
c100
0496
970c
5611
2ac3
b1c9
fb06
3f81
11cb
1821
f47f
f185
e0da
85a8
60b8
63c1
82c9
02ca
7f9a
e108
0011
e0bc
32e9
5180
105e
7857
7504
089a
eaea
2f79
0220
22fe
bfc6
9169
4188
40ea
6999
97fd
4214
b8c3
ea78
0a2d
76e1
0015
b502
0be4
91fc
99c4
202e
15e9
0e84
aadd
a180
16fe
2ada
a2cb
e908
35f1
03e8
2204
eeda
32f1
ebe2
8900
1688
dc96
2a39
0934
998c
00e1
f6a9
0b27
08a1
11ea
8476
89a1
e988
dd05
3168
bd91
93c8
a9b9
0d80
85b7
fd82
e909
bef1
0cf0
3189
9290
8a8f
8d8e
b586
bc2f
8381
0207
0aa6
ea11
0f0f
0c6a
9900
a8a7
5bc4
8be9
c4a9
6bf0
5be9
898c
25f1
bbf1
017b
7ae1
0b0e
3744
0e12
0d0e
79e2
0347
8597
0186
37e2
b1f9
8a87
190a
1102
fef1
0af1
dc0d
9402
a823
06f0
10a8
e97b
ab00
207e
aa95
4994
2b91
4080
5098
0ffb
dd15
0d05
0305
b962
e202
07a9
8807
1565
8484
8170
689b
79e2
54eb
5554
24fe
9a7d
e193
9996
efe1
d8f1
5ddd
3491
90a1
0b0c
e1f3
7de2
8171
8003
e6d9
1728
8386
8987
7cea
aeb3
8000
8257
ba21
265b
0d7b
da06
04da
f184
a2e9
e6a2
a3da
861e
c0b7
56d9
070a
07e2
b5a1
d90a
4209
b9f1
00a2
756e
f397
8500
50f3
4ba8
b781
0dea
4141
4b99
95e2
e94c
f172
c5d9
d40a
bfd6
9954
8902
8ec9
c7d1
8200
75b8
99bc
3ee1
b940
6a4e
c60a
b6f1
dfe9
93d1
012d
2a33
eb4e
a108
54e9
dcbd
f1a6
8454
b5db
8907
fc11
a288
daa2
dac0
e902
800a
deb2
fddc
56e1
97b4
5841
dbf4
817f
db70
ead3
e6f1
1559
f3d1
eea4
b7ab
fcc9
f2d1
b188
ebd1
e001
5e9a
ff2a
22bf
4ab6
89c9
2ee9
29b9
2823
b504
b109
9ae8
bca8
32fd
90b3
1ada
e6e1
0bb3
c9a1
a855
fe2e
b2e1
d1ab
2210
ecad
05ea
45e9
e420
80c2
5ada
598a
2042
9eab
aabd
9ccc
eda1
f322
89b7
5967
adab
328a
fbec
a34e
5683
a524
49bc
1568
abfb
8ce1
24a9
5657
17fc
14b0
89fc
a00a
2a29
d8ab
38fd
d7f2
f3a5
33d3
8369
e201
33de
e016
fc32
89f4
547b
e798
0d2a
cb0b
5ef2
71fc
dafc
d901
e34c
ac50
720a
b4a9
f42a
cbb1
a4c2
f1a5
f2d4
a56c
fda0
09aa
92df
1bab
17a8
0f00
a809
fff8
0a02
a7af
92aa
17a6
14a0
0d9e
de98
0fdd
fe10
f20c
f3aa
aa12
a009
baf8
0b33
a66a
a018
46a0
13da
f825
dff8
1ffe
9814
eaff
dcf8
1fcf
f00a
cdf8
0b82
e90c
8f0b
0b8f
0203
9c0b
ffff
0689
910b
07a5
821e
1cbb
8514
9911
419c
ffff
8c0e
44a1
2246
2cb8
ad38
45a1
b12c
b556
ffff
b88c
8b0c
b6a7
8094
a61a
ca95
3e04
b410
ffff
2c23
9d80
50b4
6f0c
8a43
1b13
8584
35e3
ffff
49b5
a701
25db
b588
92aa
cc31
a690
870d
ffff
8d42
ba2f
9b6f
c457
20c0
3f4b
b402
46a1
ffff
8ba5
0409
aa1d
9e98
4b93
17ab
2622
d89f
ffff
0a87
07bf
1013
be1a
a719
ac3f
978f
8578
ffff
ea45
c336
28aa
8136
9327
a422
18b6
1da5
1ffe
0c8b
b40c
ca3e
5fc0
3d02
1c91
88ff
ff82
2684
c731
12a2
0199
1e8d
18be
8409
30ff
ffba
11b1
45ab
1c97
2e8b
1295
2a08
0506
25ff
ff02
1291
1347
fe62
010f
b335
18b5
4a22
96ff
ff8e
3f8f
8e8a
0e81
0522
b49f
6aa4
8caa
23ff
ff86
a494
33b5
0fd0
922f
b8b3
17b8
111e
12ff
ff09
b474
b201
0214
0dac
022e
9c2c
c589
39ff
0fbd
974e
d03c
8ab6
2702
0980
b687
ffff
c113
b427
1683
9439
1388
850c
be4a
0b09
ffff
b017
69c6
0729
8c98
3c93
a124
3dcb
938a
0fff
1584
91a6
9cdf
bd35
0c8f
a535
aaff
ff2f
12d1
861c
29a3
c35a
0cc6
2da5
63bd
0aff
ff8c
9b72
fe12
0c91
9197
910d
993a
f296
39ff
ff88
889e
9421
808f
29aa
598b
ba48
101c
84ff
3f8e
1206
1db9
bb44
91c4
8a86
8d86
a58b
0cff
b28b
acef
aa25
04ac
4916
c2ff
ff31
1508
aa84
70ad
8680
0599
2494
a689
84ff
e116
d330
0417
9c9b
203e
ce58
0e16
ffff
ad3a
0d88
32c0
488f
1602
8605
45c9
1d84
ffff
48b7
bb49
1bb1
2585
128a
1085
0b31
cc3e
ffff
9d0f
8c3f
c097
42a1
829e
2c9f
a428
8acd
ffff
549a
8f09
320a
c93d
1cb2
1605
908e
57df
ffff
213e
cf03
3eb3
0893
1bba
152d
c787
0a16
ffff
a48e
2b93
198d
8096
719c
c648
19b5
2117
ffff
0a9a
489f
942a
82ae
16a3
0da2
849d
2a06
ffff
a608
2413
bf27
1187
0d09
8a0c
0109
9315
ff1f
8082
0eb9
4b83
a92e
c63f
06b5
359d
ffff
4b1e
071a
8a02
9031
9e8f
2ea6
0a25
a1ff
ff15
109b
0809
a31d
9185
9e37
a299
8944
b9ff
ffa4
3388
8e8f
1513
a613
0a88
18af
913b
c17f
f806
1ba0
930b
1b02
8fd9
a234
a185
ffff
0293
1407
83a0
2f91
9811
2fc6
2584
0785
ffff
2294
8d1e
01ac
389f
2a8a
082e
9d11
0119
ffff
9340
a790
231f
9126
0284
062e
a280
4cac
ffe1
058e
4ab3
0629
a814
15bc
3308
80ff
ff98
2303
a828
838a
2b85
9907
3ebb
260b
84ff
3f89
1385
0696
8408
8190
a930
aa9d
2d83
fcff
e1a7
1714
9720
040f
9b0c
24a7
1602
ffff
941b
b236
8e90
0314
912a
ad20
828a
289e
c30f
012f
a653
ab32
8099
0e84
ff7f
2c96
1a80
81a0
1007
9f1d
9288
22a8
0f1c
f8c3
461f
9011
960b
0f01
b20c
ffff
179c
822e
8d8c
0f0d
8985
0905
9410
8606
ffbf
9782
1590
850e
088a
0f96
0a80
0c81
82c3
ff08
9904
8399
148d
8683
0a99
0208
83f8
ff93
cc07
b724
0e91
8e87
2e9e
9320
ffff
8b04
0197
2189
079d
1a8b
0b94
149a
198d
e1ff
0206
f315
a019
0992
0b86
0b09
89ff
bf04
810b
8282
0707
8183
870f
8c03
1290
87ff
9ab1
068d
0aed
8c12
8307
9218
8c06
ff3f
0789
800d
8d06
0e8e
0584
0b8b
0a82
88f4
0ff9
8307
b903
0788
0601
0687
ffaf
fd03
8085
0b03
8e12
8582
0682
864a
d9af
0b6a
a180
098c
07ce
c13b
c904
85d9
c100
e129
b1d8
80e1
8303
1eec
08d3
2980
0581
ea2c
d182
8dc9
0287
f086
0303
8448
0353
0786
0143
c105
0186
a202
c7f1
ba36
a9f0
0183
dc81
0480
8103
ee85
21fb
22d9
d805
8586
0128
10f9
e5c1
2cc2
fce9
0415
bc02
9c37
d266
5ad4
a950
11aa
e242
c155
cac7
5546
f8ba
c957
d71a
cac9
fa11
ff61
c25d
f702
9cd4
271d
2aff
0f99
291c
949d
2905
1ebc
201c
9210
ffff
3e1d
9706
9491
8707
9b8f
1d9e
169a
1708
ffff
8a13
0685
1693
160f
9404
8985
1bb5
1614
ffff
868b
0717
8802
a68d
2cbd
0e2f
fe56
182d
ffff
0198
1508
1084
d002
4082
9694
8539
8aad
fffe
912a
89c2
2711
b11d
8d4d
b928
818d
180f
ffff
be14
2580
8ba9
4288
bd89
1709
17a5
5491
ffff
a527
b608
0a8f
1f93
0386
1283
9480
0b97
ffff
1211
02af
0895
842b
bd9a
3484
93a0
3c82
f0ff
a0c8
262d
8a96
2505
9619
bb2f
01ff
ff9d
0b1c
b824
951a
878d
9d3a
899c
120c
98ff
ff08
9227
a4a3
0c20
9fa4
2602
8ca1
0732
86ff
ff92
801a
2110
0306
0283
9c09
0603
1ab0
30ff
ff02
8fa0
0f21
d621
1787
a59e
0f2f
aa86
0eff
ff0a
019c
151b
9490
3d92
098e
031c
01ba
52ff
c31c
9984
8309
0786
9826
0da4
5e05
ffe1
9189
980f
0c96
071c
b305
5020
0aff
ff9f
9126
079e
1114
8507
27c1
0534
0cb7
19f0
ffac
31d4
2a1f
9a89
068f
0f09
a03e
ffff
9f8a
4195
a416
0608
b50e
2a8e
9516
1681
ffff
8088
3aa4
ae0b
1d96
8b04
0804
09a4
8f48
ffff
c117
2fa1
2e27
a090
903c
a883
909a
0a03
ffff
0d8f
238e
0210
1e85
aa03
2004
9926
a30e
ffff
b9a4
a23d
22c5
8037
0626
a52d
378d
a707
ffff
318d
1015
ab9b
4aa7
1ba0
d51e
0b0e
8b80
ff3f
b883
2e90
bd31
24b6
850a
2586
1814
8bfc
ff16
119a
17a3
083b
0289
0c04
9c9a
33ff
ff82
b020
808f
8a40
9b98
05c5
2808
8580
89ff
ff9a
3986
89a2
3198
a815
8734
01b0
1581
1aff
ff19
a619
820f
1811
8a1c
9fa0
3703
ad24
86ff
ffc4
928a
1dae
8a8f
a93d
9621
b131
8b85
4bff
8782
099b
1c1c
a511
118e
2cae
1bda
ffff
930e
819d
850e
0a99
c529
16ac
0790
078f
3ffc
9d3f
8c07
2a91
1288
b80d
0182
20ff
ffb6
34ac
8448
b118
8616
9209
8682
1d8c
9cff
ff12
8182
930f
9b9a
3127
01a2
8f4d
a4b2
16ff
c317
8b82
a623
8212
a614
0f96
1c30
ffff
8ddd
0e41
a793
2e9f
84ba
2a0b
808e
3aa8
3ffc
2422
a63b
8508
9ae8
9306
aa92
84ff
ff0f
078c
9584
a42e
8014
21b0
1201
030b
07ff
ffa4
20a0
1895
121c
c018
1f09
819a
0d03
93ff
ff81
2da3
1e8d
168e
8c0d
8c17
9501
1c01
aaff
ff06
0802
09a2
2122
c292
3697
998a
41a4
06ff
7f31
bf3b
9521
9332
9c8c
869e
1c0e
05a5
1af8
fb75
8dab
1e08
ae80
318e
d19f
1d84
ffff
0106
2180
098b
9740
8b8a
0a86
9111
870f
ffff
b315
8397
1425
02c4
1484
0b0e
a602
0e85
ffff
9d30
910d
8d8d
108c
1991
27a7
1d10
0882
ff3f
018c
a43b
8491
2803
9299
0721
9582
02c0
ff25
f99b
bf05
429b
ae3c
af1f
ffff
a387
589e
a32e
9091
801e
21ae
0a0a
8d15
0fff
048e
8d96
8159
9780
279d
821e
0dff
ff0d
b18b
1e88
119a
9834
9c88
27a5
b933
86ff
ff32
a78c
150f
8b98
1d06
0a8b
9191
2a8f
0aff
0f8c
0c09
8c13
b00f
a63a
8f81
1c95
ffff
7aac
2a11
b329
909c
40a7
0812
aa18
2293
bfff
a603
2084
9828
059a
392a
97b4
5080
9b09
ffff
af62
c101
14aa
4286
b11b
8e82
8013
1196
ffc3
0612
9707
872c
0f89
b11d
098a
8aff
c322
1087
9a34
b20d
0586
0dad
0b95
ffff
10a7
2335
a196
44b4
2085
ac44
8882
8294
f0ff
823f
aa05
1e91
8e28
bd01
2699
12f7
ff0e
b517
147d
da33
028f
9c81
248c
0485
87ff
3f2f
b111
06ab
35ae
a243
9502
8195
0c90
fefe
a293
1089
0b81
8536
a183
8e08
0b01
ffff
30a7
1b21
9290
058a
1e0e
ba35
88b9
853e
e1ff
aa83
6593
09a2
1c09
01a1
1005
22ff
ff9d
972c
9c1e
0b9b
129e
1924
9da4
0730
87ff
ff9e
933d
938b
8f94
2f87
a841
96a8
0814
33ff
ffce
053f
9c12
ad08
32a8
8638
9317
b217
06ff
ff84
aa20
0596
942c
9209
c62c
1f83
8d92
1bfb
ff0f
908a
32b9
0109
a521
a513
33d5
3a13
81ff
ff98
18ae
2434
c811
1ca4
0e06
9b8d
2021
a9ff
3f8e
0d28
8eb0
1409
8381
11ad
8429
9807
fcff
830a
36a9
8a06
2d98
971c
0325
ac89
efff
1107
9b19
0b20
e910
199d
9838
9a01
8b09
ff7f
0d89
8d0f
199e
1f06
a319
b124
2dac
9d1c
f0ff
c8ae
e10a
9182
050d
0c8d
841a
84ff
ff09
8907
a20c
39aa
0d8b
a348
99bd
0930
0a3f
fc94
8a29
858a
9429
6704
941a
978c
ffff
3bb2
099a
2685
a902
0f80
0523
988d
0517
fbf0
9913
903d
d91b
85a1
344c
0f93
08ff
ff83
ac15
8d07
888e
8487
9428
a803
0b10
10ff
ff93
8613
1483
0f81
8323
900d
a013
1213
a8ff
7e91
831f
8bb1
941d
1694
0e81
808d
1e85
9df8
c349
01a7
802c
80b8
2009
25f7
ffa7
1418
9270
6923
aa9b
30a9
872f
8c99
0dff
f097
0c24
a384
1394
21a4
be80
8f82
ffff
1096
0d04
849a
2411
891c
8993
0d05
2090
ffff
9212
920a
0fa4
860b
839f
040c
2ba4
b11b
fffb
238a
1088
960e
0c80
028b
12a5
2982
0e0d
1ffe
9882
0718
0bab
1106
9919
8b80
9dff
ff85
0919
959f
3d0c
b483
3685
b620
1d82
0dff
ff12
a303
1191
168e
1988
ab16
22ba
0e80
8607
f885
8118
852f
7a98
8518
80ff
ffa2
862f
01ab
0c1f
06af
1920
a680
0917
837f
ff0b
8c03
8683
1e9e
18d7
8127
a687
8232
a7ff
1f8f
170e
9489
0904
0f80
921f
9402
85fe
ff2c
9313
080a
858c
07a1
1612
b13a
9a85
ffff
8e82
118b
0a14
a693
2e97
0688
8119
a01e
feff
0e84
5934
0ea8
2087
0284
a42f
0fa0
0485
ffff
0a92
0f08
8c8d
249d
0a10
a48e
1f9b
1d04
ffff
0786
9a82
1a02
0e96
1da0
1107
0811
9f0f
87fe
1b9a
0693
8d0a
c759
12b0
0d82
08ff
ff99
2389
8e90
1611
8f01
0711
19ba
3997
8eff
e10b
090b
8e87
0f86
a610
0582
9e1d
ffff
810a
8b17
a71b
178d
8604
9203
068b
0315
ffff
149c
9a07
3391
878d
2a81
9406
14a5
0b8d
87ff
2280
a115
bd90
1912
0408
9d03
1dff
df8a
8e04
8886
018e
178c
8e03
0d0b
924e
c1ff
ff9a
190b
1aa7
0e10
9094
2106
8494
2406
94ff
ff0d
8887
1da4
0213
099b
9211
089b
2da3
85e1
ff28
9d79
0412
8c8c
1b8f
8117
a60e
7ff8
0a08
9485
209c
0814
c28a
1481
08ff
1f90
8a23
808e
8489
1889
a027
858a
89fe
ff3f
8191
841b
8999
8834
a202
8312
33b3
07ff
0b04
8185
317d
7187
9325
ae19
03ff
3f05
8391
2896
0402
0f02
0d8d
0a98
8113
fcff
3d8a
0b14
ad20
9517
139e
8a21
930b
ffff
a70b
1890
0303
8903
850b
9182
3690
9814
ffff
808d
0b07
9a21
8a8c
0e04
89a8
1c1a
9b0b
ff1f
8713
9785
218c
1a98
089c
1783
900c
feff
e483
050e
a921
9006
18a3
218b
0903
b4ef
ff18
17a4
1892
8491
1897
8412
139c
9228
8ec1
ff06
0430
1e79
0da1
0711
1797
8096
87f0
1888
a018
50a3
432f
958a
ffff
0888
8126
8f84
0196
1012
819f
1229
af08
ffff
061d
13a9
851a
9520
830b
8aa6
100b
08a5
ff10
9017
1499
8b28
948c
8f29
0be0
bf40
4e1c
8010
8e9d
1614
19a0
ffe1
d3b9
0d0b
a315
0d92
9f80
163d
949e
ffff
3588
8f01
0807
8209
1295
8710
822b
ad16
ffe1
1a9a
0387
0d08
8097
0509
0d8c
01ff
f092
0707
1ba0
9a1c
30a6
791c
978c
0fff
8622
149d
88af
0a05
888d
8180
08ff
ff0a
81a1
1e84
8910
048a
0b89
868d
328e
807f
ffa1
1683
8722
a505
1da0
5a06
900d
811d
95ff
ef06
8b8d
108a
1505
0298
0118
ac23
c8b1
86ff
ff8b
0a92
030f
8b81
0a06
9b05
0593
3486
98f0
ff8d
6fab
0d06
0916
a006
128b
0194
ff0f
160b
9387
1209
948b
120f
9889
83ff
ffb3
9613
048b
1498
050b
8c93
1803
840c
2aff
87ac
8c19
962f
a510
10a2
1d87
862f
43f8
1285
81eb
9082
0606
9405
ff7f
8286
0592
2d8f
810b
8380
0e82
0c80
9615
87ff
99b1
958d
7897
098b
0b9b
0312
01ff
1f07
9286
2c9c
8c15
8891
170a
8401
90fe
c375
9f0a
1d84
858e
010a
0d8d
0dff
e18e
0c94
8919
890c
8a0c
096e
0886
0fff
0201
0892
06a9
a438
928a
148d
08ff
ff1a
ae17
0f0d
829b
8014
8883
0e98
179a
0cff
ff0e
9908
900a
1395
0d0c
970d
9621
8e14
0aff
ff8a
078b
8a21
a50c
108f
8283
931d
9382
1d0f
ff8a
860c
9d17
9e1c
9f2b
a983
0b0e
b03f
9303
2a93
dbb9
8e16
8503
1fa0
fcff
288a
080d
0404
9202
1090
8f05
0784
8787
1793
9917
6a1a
8584
080d
ffc3
8e07
1a80
878d
1f88
0597
1f2a
82ff
ff14
08a9
0403
169a
1308
0f93
9c16
0807
91ff
ff05
0519
a08d
0605
8b0d
078a
8301
8386
0861
8084
1c31
810c
06bb
ff1f
149b
0b0f
9c86
0b15
a122
9401
1d94
fee1
ef13
8489
8212
8792
0988
1d04
0bef
8692
0a27
71c8
0883
8002
de69
0e7f
3805
0696
0d08
9988
224e
9b89
1cfc
ff3a
981f
0a96
1387
0e0c
a109
188d
18ff
6184
848b
0518
9385
098b
049f
1ca6
f8ff
6b96
2290
950e
8084
8f16
1198
947f
f80f
0881
0a81
1085
07be
0f9f
1184
df87
078c
1487
8b83
a3a9
8b01
8910
73ff
ff12
8e0e
9a0e
0888
8714
9d05
0b01
118f
877f
1f04
2093
8305
1187
850c
7106
890a
9c7e
f843
8f81
038d
0f03
2083
8b0f
8ac1
ff11
0d8e
11e9
8707
0380
8983
0d8c
0f3f
8c22
930d
88c4
8e05
249a
8e14
fcff
cf86
a121
0fa6
8811
1ba2
0308
8616
ffff
9e11
1a9b
8308
120d
9409
0b8b
1190
0a8a
7ff8
8a09
0385
8705
8c01
d90a
8890
0cff
1f05
828b
0b0d
970d
8f19
8290
830c
06fe
ffde
108f
0d8e
1017
9b8d
1080
992e
9283
c3ff
8387
0276
10a3
1108
8285
0e02
96f0
ff0e
2e0b
0283
0484
050e
8592
0d86
ffff
0b86
8f13
03a3
170e
9087
0909
868c
8012
83f0
0191
03e8
3d11
7705
0987
e1ff
911c
1c80
8c03
810f
849e
299e
0a3f
7c80
0588
8084
8d0d
b111
8a86
011e
b03f
2545
619d
25e1
858b
051d
9902
7cff
910f
b225
048a
5269
068b
1691
8580
7f87
0a08
9309
9286
1086
f441
8f21
d8ff
c311
811d
9483
2398
8080
8719
7207
87b0
8e83
8914
3c9d
3184
95ff
7f29
6182
8209
0c8d
981b
8001
1784
9486
851a
78f8
e403
1180
8abe
0c91
8a0c
ffff
1989
8b92
1794
1b8f
14a2
070f
9c1a
0399
3ffc
2588
9f15
0805
8ee4
0601
1093
05ff
1f94
0722
8990
0408
8a09
9619
099c
057e
788d
8391
8403
1282
619c
850c
040f
7f28
d110
018c
8d8d
838b
0a04
1696
c31f
8e99
039b
9082
0384
930a
061e
fe18
860c
1489
980e
8122
0699
817f
f801
060f
910b
8009
8965
0884
8b17
fbf7
8384
81c7
d114
0803
950a
9610
37e1
0788
c3e1
8304
022d
0607
84a8
0793
ffff
9618
0e0e
9b8c
2886
9188
0e18
9f0b
0790
7ff8
1294
0e92
8f29
9809
1c11
12a5
03fe
8717
7de9
0c0f
a01e
0582
8e07
04bf
fffb
0681
1382
8790
1480
9489
0f8c
3104
0498
c387
080a
8926
8908
8b85
1383
7f38
0184
0b83
8a06
8d09
e516
9f0c
fc3b
8787
8218
028e
8887
072e
2919
91fc
ff02
138a
830e
820b
8702
0b93
810b
06f0
ff12
bb13
8786
1496
0e86
8114
8d8f
e107
8517
bf90
1086
8584
070e
f8ff
5587
0693
0510
8086
0816
9282
88e1
7f15
88ea
0c81
8c04
199c
0e08
808b
f8ef
1612
869f
1b0c
8a01
9108
2031
08ff
ff08
a019
868d
1896
0d11
980d
0881
078f
1afd
3007
8013
f198
0208
9002
6f01
8e3c
fced
1b88
8e83
bf8c
1208
8c81
1fbe
050c
9a84
110b
bf85
1a84
809c
8787
e7e1
0489
04d3
0c05
8a05
c4ff
ff83
1489
0d86
9a20
068e
8788
1301
078b
227b
ff93
8e04
87b1
8c15
89c2
e992
8481
0f90
16ff
8794
0680
8203
0b03
8190
0587
110a
fff0
8202
8712
8b87
0e81
8d80
0986
940f
ff04
0a06
818a
288e
8513
038a
8a0f
0f3f
0305
8d07
0a42
1583
048b
921b
fcff
b809
0d95
8204
0d80
858f
1e88
9a07
ff7f
2698
8e82
1215
9a03
0492
0402
100b
9580
08e1
9382
f616
810c
0dff
ff88
0a91
871e
848c
0b94
050a
8509
9a1f
03ff
fe8d
8a81
1995
8186
1506
5151
810a
8d09
0cff
8f93
010c
8087
0d02
8f07
0d89
840c
f0c1
9e79
868f
0f83
87c9
f9f1
43f0
8586
0f82
0827
25e9
0181
7fc3
0d13
9302
058e
148f
c939
8060
0363
f887
0688
ec02
9883
0e12
89fe
bf8e
0d31
9381
160c
9882
8309
0882
8883
01fe
ecb1
815d
d681
890a
0f9d
82f0
fa15
b596
0303
07ad
e9ae
298c
0c81
21c0
8413
310e
1f67
10fb
3007
8902
2189
8702
0703
7215
8d08
1f51
d951
948c
8980
1088
0ef0
3508
9306
ed88
0b02
8a85
c383
0d46
39b3
0e97
1247
8cfb
0f17
0896
1329
098d
8009
8490
0f0f
1ffe
9593
1208
8b08
738c
1082
0b88
0b1d
3e83
84c1
410a
902d
0e9b
0702
8cfc
7b13
0d0f
8f85
0381
0c88
3089
8809
0fb8
3031
8017
8943
593a
0d84
1c00
2703
8c05
dc25
fe61
c586
1098
030b
0101
92bf
8382
f8ff
ce82
188f
0a8a
0980
0689
8110
8f1d
c211
8274
f191
0dbd
8821
8eff
6f80
8313
8d8f
050d
0199
070c
108c
eaa1
060f
1f78
8186
1784
3192
0f13
9a03
863f
9708
8db1
8088
8903
910f
041c
1e1c
0185
1004
0f02
018e
c6f0
3c05
8d07
098a
8983
06df
0f8a
178c
0203
8aab
3103
9710
830e
7b7f
4904
8ec5
b980
9106
abf1
0d02
098b
850b
3b00
f431
8793
310d
8c82
dc84
f0f5
0609
04e8
8a8f
13c3
e182
840a
8f89
0609
8f87
02c3
700a
8386
358d
8e4e
048a
8411
0ef7
d9e6
da0a
0286
fba3
718d
06e7
d990
870f
8780
049d
ff70
4b81
8686
0f83
0786
880b
4601
058c
f83f
dd84
0384
850d
0a8f
0c03
858a
fc00
9c09
8683
0d84
8b18
033c
ca82
0e82
b908
8405
07fc
0366
8b16
8e02
0211
0598
b37c
00b7
0583
030b
8e48
7018
4269
898a
c880
cb08
f2f0
ba20
e10d
8b80
b60e
9805
ff0f
128a
8a03
0e0b
878d
1c88
8f06
0e1f
0e91
8383
0c85
851e
990b
0907
0fc6
8d83
1971
ef49
930f
84fe
7fa7
d7d1
0a06
8482
8e81
1084
0688
0910
87f8
fe0d
119e
100f
9acc
2183
8788
0804
0f87
858b
8201
0857
8286
01f0
87c3
808c
1d8b
350b
8807
910c
21c0
0897
b004
5e4a
8bdf
000b
0289
8714
8b8c
f181
d6f0
ef3d
ae06
850a
9002
1784
8825
290a
edff
8d0b
2819
887b
998d
050b
9713
8197
0580
f077
0dbb
820f
8a86
0d85
0893
298a
02f8
0dd0
0991
0517
82a1
dfd9
8ed7
3f51
8f82
07f2
72b7
7183
0d09
858f
148a
5880
f7c3
0909
0611
d12b
fde1
0107
3eb9
0e0a
8906
0d8f
b008
0703
fc8d
0283
d5dc
038f
8a18
01c3
0181
900e
dd87
1303
3afe
ffbf
8a82
0a03
068f
0115
0390
840c
0a8e
870f
0d04
8f04
cb03
9407
0b85
dff0
870a
1093
8a0f
fee1
0afa
8385
0e0e
f784
9e81
8a06
730f
9009
c391
118a
87c3
8585
0308
8b16
8482
b908
fdf6
068c
f129
8910
8581
8cfe
118a
0fd9
8e06
c31d
1389
812c
098c
0413
f183
0786
e119
9113
7e84
1182
8d19
3ff8
880b
8a83
0c80
946e
8671
0a83
0100
ff8f
5d12
060c
8b8e
1306
9315
ee11
86de
d1e1
2186
8809
9466
e981
c33d
0b0c
8804
8183
8337
a188
1289
fcaf
7e05
1585
9580
1101
9180
09ba
c107
f842
7106
0787
f5fc
8885
1281
0bfe
038b
0851
d96e
3111
8404
8c10
83ff
c391
0716
8a8f
0201
138c
8e1a
2184
213c
010d
5106
fc90
050e
890c
e0f8
0601
0781
9999
8471
4390
0373
8409
d1e9
089e
0538
b848
0783
89fd
05f1
878a
6109
a6e9
8d18
0701
b1d9
d3f6
0fe9
048d
15a9
0287
0e85
8612
91b6
ffd0
1bd1
0898
b182
3729
0208
9284
1689
8cf1
8711
87f3
8097
0409
0e8b
c3e1
6107
85a2
1884
8387
1f84
8c87
f190
1908
8262
8213
b80a
8003
c089
9514
ec1c
6090
20fc
106b
6e61
128a
108f
831b
7f18
8b02
8808
8d05
850f
7a8a
130e
ffa3
880c
1165
0b06
9181
0e8d
02ff
ff0e
8c80
8b87
1580
878b
0a20
9980
0109
0f0f
2189
840a
0d8c
d38a
9006
fc87
3102
0a04
958b
2785
8e87
283f
4087
8f14
060a
8d83
7c40
101f
6ea9
a906
8889
0f81
0989
0234
f10c
6178
cbe2
8f0a
0ba8
8e06
0c8c
18fc
2088
0954
71c1
8609
8081
bf87
0a82
8982
830a
0cb5
e904
8702
eb3f
da08
8484
0d03
8f0e
2e55
c186
8961
ff18
0c81
0286
800f
858b
157f
840e
8325
9106
0d69
050d
ccc3
0239
2901
8604
8605
9411
7428
1cfd
72c9
c761
ab88
030a
e07f
5edf
8594
1114
8f84
8716
0292
847e
add4
0790
110a
0594
8119
807f
ba55
128c
8903
030b
838e
e83f
ea88
96e1
800a
8681
0411
8b84
1c00
c205
8002
c5a9
0efe
fa87
880a
edfd
1104
8c09
0401
f57f
0787
dae1
bad9
8506
0501
8a05
0c92
850f
f887
5004
818c
8209
0782
920a
1ffe
8206
8d86
1789
5506
0785
8403
81d0
fe06
d58b
89c9
17f0
f107
8089
0508
f087
948c
870d
8282
8806
86d8
07b8
128b
920d
3ef5
0c89
86f1
3f57
5901
a802
0a80
8691
140e
8a80
c087
f4e8
830e
8f0b
8856
ff0f
8185
0807
058d
0611
8d8c
1004
8437
fc4d
8703
85fb
a908
9084
8f10
0386
c2e1
0169
590f
8b0a
03ec
8503
f03f
10e4
8c13
0e8c
8d0b
0188
870c
fc70
868e
1090
8c11
06b4
8609
0538
58b3
810f
0330
ad11
88e2
f138
0ca4
8588
03be
9003
c300
f68f
82a3
8880
66ff
009c
8381
0781
1383
9080
e8ef
1f2c
8919
858f
5a59
0885
8e0b
0585
855e
08d1
080d
0391
8bc9
a10c
bfe1
2f89
8907
8610
8acd
e989
a701
0c0b
7f09
8885
3ba9
a20a
0987
8608
9512
1886
800b
8421
848a
bb87
f002
8a09
897c
8b9e
0c08
8dc3
1f85
0102
3704
8580
1292
8406
60f8
2c7b
0586
8687
068d
16ff
0309
9a82
1689
088c
060c
8789
1018
fedc
9a51
035f
8a83
0510
0192
fd07
880f
04f1
0209
0394
0e80
8807
4bf8
2f5a
0687
8b03
0509
8d01
0d00
b1f4
00fb
811e
a903
8303
e7fe
b0cd
5f89
0984
8911
0389
f406
081f
60ea
4904
8283
0b01
562d
8207
1884
4586
0acb
0821
f5bb
1f06
9011
aae9
0c05
6cb9
0d83
860d
8a87
1027
810c
120b
1b0a
3e00
2e07
0384
0902
ea28
86bb
c68c
4809
8186
6fa9
830a
0f87
3c51
0188
0213
ea86
8811
6830
7c8f
3a09
8327
0593
0b02
8110
fea6
6e11
7204
9109
0783
855f
1d0a
8a03
808a
0b18
da61
5160
9907
843d
7c22
54c9
8380
0cc5
0408
8890
1784
3078
9489
da0e
84dc
4314
0406
82aa
4904
0385
1706
d0db
16bc
d16c
c183
108a
31f1
802e
a977
808a
050a
028f
f206
8194
d8fb
ff8c
8009
42f1
0505
8285
8111
8906
0a89
0501
3c04
87e1
548d
0985
8c0b
5810
0b75
c984
ab49
bae5
c9e0
ffd3
8608
0488
0303
8809
0b8a
0187
b008
8503
8bbc
0494
8687
0518
0a11
8a9a
19b4
4e0b
88fe
82d9
0802
8887
0808
89e2
e10b
f0ef
c5e9
cd84
8807
0d91
0b06
8d71
c981
7084
8f66
0901
8ddc
7cdf
0080
0d05
8881
0c32
4901
3500
ee7d
3068
6a1a
0684
d7f1
82bd
f001
01a9
e98f
0102
07f1
aa0b
0590
003b
0575
e501
0bb3
c101
8539
8449
18e9
0e83
6685
0c00
1081
6228
4a82
8483
b05c
c159
8804
0ed6
0f70
48f1
010a
8802
e81c
8306
803f
86c8
9988
0508
8782
0908
6143
d707
0483
a187
1fa9
068e
67c9
ceca
103e
0222
06b4
8085
060f
8440
0894
be06
aa82
f017
299c
058a
0485
0510
8e53
4187
222d
8084
650c
64e1
8c38
003a
6c21
0403
cd7a
780d
1982
418b
0e82
efe9
4311
8043
5033
8c01
0802
ada1
4195
f180
05ce
b286
07ad
417c
1820
3a06
8cb3
6d86
be0e
cf88
8411
8601
c969
c107
03f0
30cc
3304
0987
897f
0302
8000
5c6a
2bc9
f8ed
21a5
86e1
d981
d1a1
0387
8444
05f4
7b27
0825
a980
0b02
8d03
d3e9
0307
8701
84ee
3918
ce4f
4152
83e1
8407
80be
83c9
85ca
8587
0120
0b85
93bf
aa06
0401
fe80
8575
e19b
0050
d0c0
651a
e1c1
5110
91e1
9c00
f90e
3679
4018
9037
0843
dc0e
83a0
0063
5b05
cfd9
df21
00aa
0261
0ba8
b986
0173
81a6
8880
2c35
c092
43b1
6f39
8183
0604
1b0b
8783
0895
8182
8305
e4f1
0010
d7f5
ad5c
82c2
4298
09d7
8004
9e39
6e80
1114
4ac1
b5de
8441
1081
2cfc
8589
0986
d8a1
ac07
8187
8006
d110
8104
62b4
d181
ec01
c222
d382
ba09
8586
ba68
a80e
f101
3a77
3944
f1e2
f186
8100
b51f
d41d
0921
09cc
a904
1000
acb1
1406
e5e2
3c28
87e2
d90a
8b80
88d8
0939
3908
308d
12d1
9fab
0389
40d0
1de1
864f
6ee9
6b91
800a
82bf
b7d3
f1f8
e105
0039
0ab4
d952
c3b9
e120
77e1
e503
0182
42ad
e100
08e4
552e
a1e1
3080
23fb
8408
1e13
d00a
7fe1
c385
2bf2
85b4
3159
d10f
bfde
0185
0104
fd82
8903
0a01
8ca2
02b7
c9ea
e953
56b1
39f1
ff02
c017
83e0
d086
0801
08f7
5788
b104
40e6
ba31
9cec
cb04
2df4
25b5
f116
d183
c9e1
0a41
fb13
f181
81a3
1559
1736
fbd9
8383
70a1
1604
0888
c907
0080
03d1
b4be
2804
95f1
080c
31d1
80b1
08c2
b087
9bd9
b9c3
840a
a882
a229
efd1
a73f
4231
e007
a4f1
c24e
e103
0801
8681
6aaf
68b7
f10c
838b
17e9
b9e1
5fe3
f183
0160
38b1
f51a
a780
0880
808d
f605
05b0
004a
a883
0563
eadd
b500
a10a
fde9
daf1
014d
c915
d0d5
916c
06a1
b102
0612
b90e
c96c
a112
0405
dbc9
b95d
02dd
0b80
cee1
0341
c9e7
77a0
1a83
ca9f
2acd
29a4
2a89
f180
4400
0d16
f1c3
f0e7
0480
2564
ee59
00e0
05f3
f533
3ef1
83a0
2004
fb74
2977
617f
eee9
5601
7381
f5f1
7299
c8e9
3655
954c
82d9
c0f1
dac9
0cf2
30ea
bfa9
0a2e
3a88
0581
1a87
f101
04e1
c180
1648
f830
c105
c182
5af1
4455
a1cf
e183
0bf1
23f1
b822
c7f1
d420
28a1
d9b5
2184
fb57
f1b8
02f4
dde9
0489
02b1
85f2
0116
4044
84c3
e9e0
e8c9
210f
2429
d180
8507
e98c
d5e1
0028
c25c
854b
f3bb
f102
007c
20e5
a268
1136
6ad1
bef1
0488
f165
1431
fb03
ea68
e9f2
2c04
2221
1b24
f53d
8a28
248a
216e
e297
f188
41d3
d2f1
7b05
dd3a
f111
84a0
2163
a872
e160
9228
833f
dabe
6bf2
54b5
f1a8
4196
7f91
46d1
c6e2
85bc
6222
0045
c41a
2121
f5f2
bd42
0540
4258
e27b
ea67
4545
f4f2
4dca
8ae2
1a85
f137
4254
f524
b9d6
e9c2
d155
61a0
1a5a
c114
e9e2
fd4a
a1b9
8206
14b7
a79b
e920
8405
7ed1
030a
208c
1993
f1fe
d9ce
98c7
da8a
0297
9ae1
4998
f1ee
0292
02e4
613c
a2a8
b5f2
a3e9
7031
f121
bb1a
2a15
bde9
d7f1
a1f1
0df2
c182
d0f2
5185
d352
2999
d8e1
e3f1
9f22
8184
eaea
13a2
b912
0a78
1bb2
ead6
3fe1
f108
8832
fcb9
ac0a
a830
401a
4f1b
552b
26eb
20a1
531b
7856
f18a
fd88
4a90
f12c
8a88
f1fe
ea28
81ec
06c9
e9f5
db80
2cfc
c1f1
d675
c4e2
1889
8a69
e982
d325
9550
ff9c
1184
f1af
e2ea
f145
95b9
ea36
9171
d012
0ce9
2fe1
5014
89af
18f2
cecd
eb51
94f8
fb57
f103
8fd9
4124
91f0
9af2
7f64
0411
e655
7812
5a15
44a1
9413
c8e2
d1c7
daee
5155
4cf2
5881
eb8d
c15c
f1f6
f1c3
f289
4550
13f5
a9d4
f1a6
5451
dca3
e963
f2ed
ba63
2e13
9144
20f1
4ea4
33f2
f824
22e9
26d3
4b15
255c
e369
d111
1492
61e1
3852
54f4
5aea
cbe3
a0ad
ea56
f296
14cc
e7f1
22b3
f215
e245
9232
5ff3
15a0
72f1
4825
90a8
f1e1
4ee2
72ea
6045
1405
f250
f211
70dc
d2a9
2279
cc04
b2e1
b6f2
c693
2a34
2edd
f2c1
f1d3
ea75
fd91
4aa9
f85e
f1a4
f351
0a2a
491b
620a
fcd9
03f3
2126
fc12
29ea
210b
de7c
6ef3
240b
3111
badf
7fd5
ab4a
e91b
0b27
fc0f
0a0a
0bd9
fc2a
4bdc
e4e3
aef2
a9f3
77e2
f80a
ca92
d47b
f4b5
fcb8
4dfc
f7aa
aa40
f809
abfc
f3fd
dbfc
cdfc
f1fc
defd
63fc
aaaa
d8ff
f4fc
72fe
69fd
eefe
d8fe
e3fe
b3f8
09aa
2ade
f80a
a5ff
d8fe
9dfe
cdf8
0d7f
ff89
f80e
b8fe
fdff
fc05
231b
224b
6b71
3a67
5d4d
3f5d
ffff
135a
1914
1b26
16c6
85a1
b9b3
babe
c4df
ffff
c0f1
f7fb
e4da
f7e9
cac8
e1ba
bad5
90a4
feff
994c
610d
2a21
1f3f
3157
4a5e
7269
556b
ffff
7f5e
6857
5e47
3f59
261c
1581
0698
a2bd
ffff
b5b2
d7dd
f2ee
f4e8
fcf5
f5e1
e5e1
ddc1
ffff
bfa7
a997
a487
8714
2031
3338
474a
645b
ffff
4e5f
6155
5e59
4a3e
4d4a
3325
291d
1806
ffff
0898
8f9f
9fa8
a6c1
c0ca
ccd3
e6dd
d8d3
ffff
e3d5
d6d1
cbc1
b2b1
9d92
8d04
0f11
2035
ffff
3841
4b51
585f
5f62
6259
5d4e
5d47
3b46
ffff
3733
221a
0b80
088b
9ca2
b6ba
bbbe
cbd4
ff07
d0d9
ced3
d0db
d0cd
c5ca
c4bd
cbf8
ffca
968d
080e
1418
2936
3944
4c4d
ffff
525d
5159
5855
5850
4549
3d2f
2f25
1d0f
ffff
0b87
9294
99a8
b9b6
bfc2
ced6
ccd2
d2d0
ffff
ccd4
cdcd
c3b9
b7a7
b097
8e8d
870a
0d1b
ffff
2429
2f35
404a
4646
4f4e
514f
524c
4843
ff7f
3938
3a32
271e
1a16
0d80
8794
9c9f
abb5
f8ff
90c0
c3cb
caca
d1d0
cfc5
c6be
b0c3
ffac
aca1
4485
060c
1419
2427
3336
ffff
3640
484e
4b4b
4e4a
4d4c
453f
3b39
2c2c
ffff
241d
0e0a
0182
8797
9d9e
a3ad
b6b7
b8bd
ffe1
bfbe
c2c5
c8c2
c3bf
bbb7
c7a4
a0ff
ff93
9187
800d
141b
2125
3438
383e
4649
50ff
e14b
4c4a
4a47
423d
372f
2859
1608
ffff
0482
8995
99a4
a8a9
b3b4
b8c1
c1c3
c1c0
871f
c2c1
bdbb
bcac
a9a4
9895
8cfe
c3c8
030b
1317
1f21
292a
348d
44ff
ff42
4642
4342
453d
3839
322b
271b
130e
05ff
8783
878f
949a
a0a9
b1b5
b9bc
bf8e
ffef
c0c0
c1be
bdbc
b2b0
a99f
9d98
9002
990f
ffff
141d
242a
2d30
3534
393a
403e
3c3c
3e3a
ffff
3430
2e28
261d
1914
0f0b
0584
878d
9598
8787
9da2
a8ad
c4b7
babb
bcc8
ffff
b8b6
b5ae
a9a5
9e97
938b
8680
060d
1119
f023
20c5
2e31
3437
383b
c6fc
8f90
332e
2d28
241e
1710
0c03
ffff
8d93
999d
a0a7
aaab
aeb2
b4b3
b1b4
b2b1
ffe1
afac
ada9
a69e
9b96
928e
5302
08ff
ff0e
161a
1f23
262a
2f32
3435
3a36
3735
35ff
7f30
2c28
2322
1d14
110d
0803
868c
9192
97f8
03c5
a6a9
adaf
b1b2
b5c7
fcb0
c6ad
aaa7
a29f
9a8c
8d87
ffff
a6a1
0a11
171a
1d20
262b
2d2d
2f31
3334
32ff
6330
302d
2926
241f
1712
0f09
8b8b
f887
8a97
9ca1
a5a7
a9ab
adff
43f8
acae
acc7
a5c6
9b98
938f
ff1f
8c8a
8501
060b
1015
191c
2124
2529
c2ff
c52e
ff2d
2b2b
2825
221e
1c17
fb70
1310
098d
d188
8d90
954e
a1a4
a400
fc4c
56c3
a9a7
a6a2
b8fe
9c8b
8e89
8391
c859
1417
1c1f
21ff
f023
2527
2829
282a
2a27
8d22
201e
b8ff
1bc5
0b07
aa99
8a8d
9398
999b
9f7f
f8a4
a6a7
a7a8
a8a9
a8fa
a5a1
a09c
bf00
9794
908b
8985
8112
51c4
43f8
891f
22c5
29ff
2826
2627
f0f7
24c6
1c19
1613
0e0a
073e
9989
8cff
c390
9396
9a9d
9ea1
a2a5
a5a6
fea6
df70
a3a3
a09d
9a98
daf1
8a13
0105
08fa
2188
1a1c
2023
2424
8728
3e04
8a24
211f
1bc4
12c4
e911
c0a1
1296
989a
9cc4
207c
caff
a28c
9f9d
9c99
96fc
3013
8986
8280
04c4
0f13
0608
c41e
4b0e
2500
ffc7
4fc5
1c1a
1714
100c
09ff
6106
0382
8588
8b90
9497
99c3
9fa1
4000
c2c1
fc89
0238
c488
4d82
0206
7e98
4c12
1519
1b1d
0e22
2320
c0ff
131d
89c4
1130
3c0e
1103
80c4
8c8f
9295
4500
87a0
c4c0
8880
bfc5
4d95
918e
8d8a
8681
070a
5db1
0b0f
124b
c320
1022
c28b
2112
1d11
8247
c410
abb9
8589
8d0f
3c00
c39d
9fa0
ffc5
c608
4c9b
8890
4c30
8c10
c40a
0ec4
1618
08f1
4ac3
ff1f
c51a
1864
3c15
88c5
7983
878e
9294
8f00
c39d
9eff
fa07
f0c5
9796
9487
c362
4905
0973
040c
0e11
c31d
c2ff
146e
c3d5
f1c4
0f0c
082e
b984
a708
5bf1
8f91
0d9b
c270
e84f
ff9a
9998
c492
d3f1
8743
0084
8003
0e0c
0ec3
0000
4ac3
ffc1
c2cd
8810
1210
4bfd
8821
60c3
96c2
9bc2
ff9b
0658
c44b
0f88
8590
c121
2059
f186
1386
c241
80c1
ff1b
4b87
90e2
1287
09c3
86c3
9040
9892
0c85
ff9a
2e08
c495
9391
6de9
874b
b98f
6786
0b0e
1013
4819
1a1b
ff38
6cc4
1715
130e
0c0a
49fc
8980
070c
c294
9597
98c1
0450
ffc4
0fc3
fd5c
99ea
11c3
0d92
f115
1717
c147
20ff
1918
87c3
863a
c6c3
8689
8b48
9347
4c07
98ff
c492
908e
c33a
6149
0205
0785
c216
24a4
c2ff
870d
c120
0c0b
864c
a985
85c2
fc22
c083
c0fc
c394
f01e
9286
8d8b
8886
95a9
0406
088b
1085
11c2
fcff
7e16
086a
4ac3
4906
ca91
54f1
8a00
8047
c208
c218
8096
ff95
c486
020a
c389
4885
c2fc
1100
8413
c2c1
fd69
02c3
490d
0b48
8508
8047
8885
0988
80c2
c1ff
7da9
8949
8f48
8686
9903
4701
10c2
83c0
ff87
8bc4
1211
850d
0a09
9f91
2524
c287
84fe
44c4
8660
19c3
8535
b9c2
1011
0845
c1ff
9040
f9c2
8547
6891
3063
47c2
fc90
82ff
9218
c8c3
908e
4885
c2fd
c300
0a0c
0e83
1113
8248
40c0
c4c3
8528
2047
8494
11c2
4500
10c1
c9c6
c488
44c3
85fc
4709
8880
c283
8242
1003
fffa
10c3
0c47
8340
c246
8cf1
8300
88c1
c881
fcc1
23c3
8dc2
84ff
0608
0a45
2202
83c1
fff9
ad48
c20b
0a3c
61c2
fd83
4822
c142
ffc3
fd84
0220
c283
45c1
1201
82c0
ffc3
0b80
c284
fc07
4572
ae83
c1fc
ff8e
c289
2a69
4206
0e79
1381
8309
c2c1
a692
ffc3
0ccb
f1c2
26b4
b479
8f29
88c1
c0ff
fc8d
8884
c2fe
8306
c180
4c05
c0bf
ffb0
c8c2
8408
0683
fd44
3228
82c1
fcc3
46c2
fd28
9102
2244
c181
c003
a3ff
f7c2
8348
4c97
a2c1
8281
9048
fff9
8b84
0786
7990
0544
88f1
c1c0
fdfa
0194
c2fd
83c2
c6a1
82fc
4542
42ff
fc84
c283
9124
91aa
05c1
c0fc
ff00
46f8
c2c1
8333
a8c1
fc86
42ff
c2fc
c1f8
09c8
4855
9a05
82c1
2829
c0c3
c2fd
44c6
f1c1
fe31
8bc0
ffc2
44fd
2461
8243
c0fe
ffc1
0941
62c1
fe05
c1fd
c0bf
04ee
f936
8384
c1fd
0532
c807
42fc
c0fa
83fe
b2a8
05c1
fd02
fffd
c205
fdc4
b2c1
fd42
c0ff
fcc1
a44a
82f8
0c42
c0fe
c2fd
c1f8
0bc0
f80c
acc4
c282
c5f3
c0ff
bf08
aaff
c2c1
82fc
81ff
c0fc
28cb
fffc
06c1
f80e
41c0
fe8a
22c1
82fc
81f8
0ac0
bffc
f829
a8c1
86f4
c0f8
11f9
82fd
42fe
24aa
81fd
c0ff
fcc2
82fd
81fc
a8c4
41fc
c0ff
fd43
fdc1
ca44
8180
fdbf
fec1
820a
b242
81fe
c0f8
09f7
82fe
81a2
2a41
fdc0
fff8
82fc
42fe
c0ff
fffe
b0a4
f403
02fd
c040
fcac
b2ff
fe82
42fe
41fc
c0f8
0bc2
aaaa
c1fe
41fc
7ffe
c2fc
c1fc
c0f8
0fbe
fe82
fcb2
2002
fec1
f4c0
fffe
f4c1
ff13
8001
bfff
cc08
84ff
fdf4
ef04
8448
81c0
bf7d
4ca2
7bff
f5c6
f1c2
22a2
ca8a
c28a
7dff
cc44
12ff
fcf3
eb09
9cbf
0122
ffd0
ccca
1129
c8c5
c3a9
95c0
83cb
aab8
088a
c8ff
fcbd
95ff
f80b
aaaa
eef8
0ed4
f809
d2f8
0fe6
f80b
78fc
e6f8
09ca
8eff
f81f
acc2
55fc
51ff
f81c
8a8d
c581
0386
fe5f
857d
f18b
8989
8688
8584
8785
8887
f0da
c0f5
eff5
8003
8bc9
83d2
1011
6d57
1719
2ab9
1627
b121
f3a9
1d1e
b7aa
f2d1
5fb5
3ad1
0a0b
0a06
657c
9cb1
06c9
0cc9
8fee
1f7d
ca92
b199
9b11
ba9a
9b9d
9fa1
a2a4
6418
ffd6
a9ff
f8a0
9e54
ffe8
beb2
5bcc
1ccc
12aa
1217
1b1e
2022
fadf
224d
aaa9
992f
2d2b
2927
2521
1d19
e2b9
52a8
1464
b1ff
1a88
0fb7
c9aa
ba3e
ca4a
c173
d314
b9b7
d179
d379
e288
8b16
5c17
b290
ba8e
91b9
2537
b98e
9174
c2ff
ffb0
b998
9997
9894
999e
9fa2
9e9e
9897
94bf
fe94
9797
9a96
8e87
9a79
d2f2
8382
8482
043e
840a
24c2
1921
2628
8827
ffff
fb23
2226
2b2e
2f30
2d2a
2828
80a1
2523
1f01
161a
1589
e00f
0a3c
6186
ff11
868b
a084
8488
8f93
989c
a1df
1fa6
a9aa
aaab
ac8a
9ab2
b3b3
b4b5
b68e
b7ff
b5b5
b4f8
b8b8
b429
91ae
f7aa
779a
aba7
a162
a194
8f8a
ebc1
b099
b5c2
feff
caaa
9ba1
262e
373f
4345
4547
494c
5155
59ff
3f5a
5956
5353
524f
4a43
3d38
3635
3738
fcb5
ff36
3434
322e
261f
fbf2
bca3
82f6
ffbd
a29f
b995
aea9
9ea0
a2a3
a5a6
a7a8
a7a5
03c0
a3a2
a47c
7eff
ab16
74a8
4999
9e5b
aa19
a2a1
66a1
9a9b
08c3
fd96
1599
a2d7
a387
a1a0
9a9d
9907
8f88
7b84
deff
18a1
d431
070e
0e31
c120
2730
3235
3436
3a1f
fe3e
464c
5355
5184
4549
4e52
504d
bffb
453e
3630
2921
1d8b
f211
0c65
b285
8c90
3d34
8f8d
f089
a2a8
ab99
a79a
91b1
c01e
1d11
b5b8
e589
c0c2
c5fe
87ff
c4c5
c6c9
cacb
cac6
c2c1
ffff
17c0
bebd
bbb7
b5b1
aeaa
a39a
91f9
91f5
ff0e
44b9
bc91
1e23
2931
373e
4246
4a4d
ff0f
4e4f
5154
585d
6267
6968
635d
580f
ff8a
4b45
3f3a
0e34
3536
3839
3835
83be
3028
208b
36a9
a5e9
8286
898c
8f3e
bea2
989f
a6aa
2098
f1ae
b0b1
b03c
84fd
b4b8
babc
9db9
9ca3
a0b2
b0ad
ea81
f203
4b91
c217
a4e9
95a1
089b
9e9d
9fa2
b191
c2fd
f194
7f87
0406
51a9
130f
100c
a1ff
0d0c
7b1e
8cf1
2d3a
3f45
4745
431f
7e41
4244
484e
5113
4c4a
4c50
5554
f80e
7b47
4037
2e24
00a1
1c18
bdef
d30b
afa9
838a
91c5
e995
9da8
b134
f1b9
7f84
babd
c1c5
c9cb
c9c6
1413
67f8
c4c6
c8c9
ff0d
cbc8
c5c1
ff1e
bfbf
c1c2
c2bf
bcb7
b1a9
819e
9790
f4ff
0cc3
e17d
9116
191a
1c1f
252c
343c
43ff
ff4b
5256
5756
5658
5e66
6d72
726f
6a65
61ff
c35e
5c58
524c
4742
3f3f
4041
ff40
dfff
3c36
2f27
201b
78a1
1713
0d07
0186
8b91
ff50
969a
9ea2
a5a9
acaf
b113
aeac
891c
1f1c
a9a9
04b1
b3b4
b40e
fb0e
afae
ae99
a6a4
4591
a19f
9cfb
1f98
9590
b6e1
918f
9293
9898
9aa1
a6fe
83d8
a29b
9796
908c
8402
077f
ffff
46c2
0808
0f12
191b
1b20
2836
4046
4a48
47f0
1f47
1552
5a5f
615b
5654
565b
fa82
7c57
87f1
3b30
271e
8699
86ee
8f82
1934
b18a
8d4c
a98d
95a0
abb3
b70f
11ff
babe
c3c6
1cc7
0f00
e010
ff13
ffcb
cc7d
f8ce
d013
7ac9
c8c7
c6ff
c5c2
beb9
f082
b40b
a69e
968f
b591
8cde
873d
91ac
9919
1e25
2ae9
474f
5557
ffff
ff58
5c63
6a70
7270
6b65
605d
5a58
544f
4901
3e44
410c
0e42
4444
4039
f42f
8721
0c9a
1915
100c
0702
83a7
891c
173d
a0a6
ab14
a7a6
7781
001c
ff0e
febf
79b6
b618
fa9e
0de9
a8fb
eaac
a8a4
f6f1
a021
f19e
b9d9
9c9e
a2ab
dfb1
ab43
f5a5
a199
7e8a
f689
e239
6551
070a
3ffc
1413
151a
222e
3995
4542
4346
48c3
ff51
585d
1453
5056
5e63
655f
5b55
f7d7
5047
3c33
a3d9
241d
1811
0d0a
af49
cc99
5fff
8c8c
8f97
9faa
2ee9
5179
c0c7
cbce
cfcd
1886
cb16
cfff
d1d1
13ff
fdd3
d5d7
d9da
d9d7
d4d3
d354
71cf
cecb
c7f1
dac1
bc8d
a29b
941d
81c2
890d
c389
ffc3
171a
2028
313a
444e
565c
60ff
63ff
1f68
7078
7e7f
7e7a
746f
6c68
6460
5afe
bf0b
4b4b
4c4f
5254
5756
5149
3f34
2cf7
43a2
d922
1d19
9fe9
0680
878c
920e
a7f8
a01d
b3b3
b2b1
b0fa
c8d9
ffbf
23f1
b0b4
b8bb
bdbc
bab8
b7b8
b9b9
b7b4
10ea
afd9
e9b7
91af
1bea
dc79
a5f0
e1ab
5ab7
bcc4
bfbc
d5aa
a2d5
ff9a
9062
79a1
41c8
9181
050c
1015
151d
2bfd
ff37
42b6
d94d
4e52
555a
6569
6862
5d5f
67ff
ff72
7878
7169
635d
5445
3933
3133
302a
24d6
1f1c
9a71
0947
3918
f18d
8e91
99a2
adfe
7f89
b7b7
b9bc
c3c9
cdd0
d0ce
cccc
cdce
0863
f9d1
17d4
d40c
db38
c0ff
d8d6
d509
0ad1
17df
cfcc
c7c2
22e9
0b95
8f8a
84dc
7af3
f810
1315
0b3b
450b
5f5f
60fc
ff62
0b7c
7872
6e6a
6763
5e58
524d
ff7b
4a4a
4c4e
5154
5655
4f47
3cb1
6925
2420
f0bf
8681
7904
8288
8e94
9aa1
a8ae
388c
d5d1
0bb2
b483
b5b3
0e28
039d
69bd
bd0b
0c2b
e101
040b
e80b
ae0d
fff9
94d9
aaa9
a7ac
abb2
b8be
0ba9
a1a4
d399
7fc2
1113
3181
060b
1f7f
182c
3843
474a
4d4d
4f0b
5b66
c2ff
0b61
0b68
7379
776f
6762
5c52
ff15
4338
3232
332f
2923
1c16
3381
4e21
c223
0b8e
fe92
9ba4
ae89
6c1f
0bbd
c40b
fecf
0bf8
0adc
dad8
d5c2
ff0b
d20b
d0cf
cbc6
c1bb
b6b0
aaa5
e1a1
9a16
f009
0b29
320b
4d55
c3ff
5a5c
5c96
656d
747a
7a77
736d
697b
8066
635f
17f1
4a48
480a
78df
3f53
524c
4339
30a1
6923
1f1b
1611
0e09
3e2c
0b8d
9399
a039
afb0
43e2
fab7
0a3a
e1ae
adaf
b3b6
b9ba
1cf1
b512
841d
e9fc
f1e9
e8ae
0ff0
ffa9
fea6
a8a5
a5aa
a8b1
b5bc
c0bb
7ff1
b7b1
aea5
9e96
8d88
f043
0b80
08ff
e00c
1115
1620
2d39
4245
9347
d953
ffff
5963
6563
5c59
5c66
6f75
726a
635d
574d
ff0d
3e35
3030
312d
2721
1a15
ceca
817e
ff0b
a599
8d92
9aa3
ac98
e9b4
b6ba
c1c6
c957
7fcb
cbc9
c733
e112
f21d
ead2
d4d6
d6d5
d2fc
f010
cdcc
cbcc
ca0c
bcb7
b27f
8dad
a69e
9892
8d87
82c9
610b
fc21
1fc2
0b44
4d54
595a
095e
0b73
ffae
7878
7570
6b67
6461
5d17
f149
478d
e9ff
a1b9
d249
4036
2e27
2523
221e
8610
2b00
7061
8389
16f2
0bf8
0a1c
f8bd
100b
b8b9
b8b5
d8c1
ffb2
8486
e609
e9f5
b157
61a8
ff03
fea5
a7a3
080b
bbbe
bab5
b05f
61ac
a39d
948c
889f
b22f
41fa
090c
c30f
d0c1
210b
4143
4748
494b
ffff
9259
6262
6059
585b
656e
726e
6660
5b55
87de
4a3b
332f
0a2b
d6c1
130d
0a51
217c
0387
0b93
9ba4
a3e1
b28e
7810
0b46
d1ca
c8c6
0a51
d121
5c0a
ffd0
0bd5
d5d3
31e1
f4ff
0cf1
f1c5
c0bb
b6b1
aca4
9d96
915f
388b
8681
0306
0aef
690b
1b21
2afe
ff0b
4c53
5758
585a
5d64
6b72
7676
72ff
ff6d
6865
625e
5b56
504b
4745
4648
4b4d
4f5f
8550
4d47
3e34
2c17
f157
b9de
610b
5ef5
840b
fdae
afaf
49d1
edb9
03c1
fcb9
b2b5
0707
b7b8
b6b4
761e
f1b1
b0e5
1bf6
d6ba
af3c
d1a7
ffa4
a665
c1a9
b187
5fb4
bcbc
b9ed
aaa2
9c92
8b87
ce23
ff03
e531
020b
0d13
1418
232f
3a0b
00fd
9392
0b61
5e57
575c
f76d
666e
716b
cac1
5246
3931
6f59
2938
d912
10a7
0bd4
c10b
8b8b
0b01
3eac
b089
8eba
c0c4
c8c9
2c02
0cc5
c655
ca09
ffba
2e0a
3cd9
cecd
23d9
46c9
c7c3
44d1
1a1b
8d2d
e285
0b0b
0bfc
2262
880b
3c0b
5697
59ff
ff0b
7175
7470
6b66
6360
5d59
544e
4945
44fe
eb45
c0c9
4f4f
4c45
3c32
2a25
3659
d7c4
013f
4685
8a8f
959b
a2a8
0bae
1317
444b
cbac
ab52
c90b
34e1
1543
434c
ccb0
e8b1
f7b1
a6ff
a508
d40b
a1fa
0bba
22e9
5ff1
a8a0
9a91
8a86
38db
b42a
0b13
18f0
bf24
0b40
4245
4646
494c
5058
60bf
df4d
d155
5b65
6c6e
6849
c94f
4336
2f2d
d249
ca1f
2238
dbe1
210b
8e94
9ca5
adf9
55a0
0bc7
c8c7
c473
b950
c952
c96d
c012
f11f
e9d2
19f1
cc0c
ed42
c5c5
22eb
8d99
2de1
1eaa
0b29
8613
140b
330b
5298
de1b
5650
cb73
716d
46d1
5d5a
56ec
b943
e0fb
ff79
4b4d
4d49
422d
e124
2322
dd0e
1f1b
38d9
0b06
0bfd
a7cf
4aab
aa32
a8fa
1be9
f82b
50ca
1ff2
7bf8
06f1
adae
03e9
b0ac
aa0e
a5a6
a4a4
c157
a5a0
f89c
c9bb
b9b6
b0a0
e2ce
c1d1
7064
1a0b
7b41
0e0b
1925
3018
f00b
4144
0a0b
595f
ffff
5d58
5354
5a64
6a6b
655e
5854
4c3f
342e
ff15
2c2e
2b26
211a
160f
0b09
2f59
5171
2f1c
0b95
9ca6
a3e2
aeba
bfc3
bed0
10c5
c2c2
c3c4
14f3
09cc
28e1
9245
d189
9816
f162
840a
6871
0155
5570
6a89
517d
5a41
597a
baf4
5a62
6a88
7ae3
9a1b
a109
d609
077d
6935
9108
faff
ed0d
4b59
191c
2231
414e
8c8a
20c8
c7ff
3fb7
beed
bfbe
d8e2
e0fe
cebb
c6d2
bbbf
c00e
050a
a79a
8e31
8b91
411f
5783
9ec2
7aaf
491b
1d19
177f
809f
2322
1c1f
171e
fcff
ffe1
1913
1a20
1a15
1b11
1216
e10b
16ef
ff01
0d81
0c01
1609
8787
8c09
9589
0199
95ff
ff87
9198
9a83
a28e
8fc0
ad86
9e94
929f
a3ff
ff87
848e
1123
1b34
4237
353b
3f46
4e33
2c1f
c230
1d8c
a2a5
99dc
b50c
bfff
ffc4
c4ba
bebb
c0b8
b7bd
b7b4
adae
aba9
a7ff
43a8
a2a0
a19a
989b
969b
9096
bf8d
ff43
0ea9
858a
8088
8184
0483
0406
03ff
c240
5906
1108
0513
060a
b469
1707
ffff
0f1d
800c
2380
091b
8707
1813
9108
1e89
ff7f
0c82
9104
1107
8c89
8e93
8681
828d
8a8b
ffff
6ce9
0e17
2f37
3241
464c
4550
4d5a
5e50
fd6f
3114
c3f1
8090
98a7
aab2
afb5
b422
e9ad
f8f7
feae
acad
a5a6
9da0
9e1d
3997
99a1
b791
9988
94f7
598a
8c92
61e9
841f
fedf
6180
8389
128b
1d85
830d
0e01
0cff
1f17
8b0f
1802
0b1f
0b06
1312
0c0f
14de
00a3
1d01
0402
fdb1
07d9
f7fd
630b
0101
3a69
878c
8689
e3b9
8d81
010e
ffff
1321
283b
403d
3b44
5061
6a5a
493b
2021
fffe
170f
0c88
889c
a2a3
acf5
b1a9
a9a8
aea5
ff87
ada0
9fa1
9d9d
999a
9392
9588
fcff
ff82
8b90
8282
9081
0588
8511
8886
1382
81ff
fd12
0802
0817
8108
1504
0d4d
9113
110a
10df
e11b
150c
1213
1bf0
c10f
1af6
0f03
b70f
0a0b
120d
1c09
03e0
7980
0386
8a01
fe4d
04c6
7f8b
8786
8804
16ff
ff1f
2b2d
332b
3e47
575e
6056
4f3d
3225
20f0
7f0f
b08c
919c
aea9
abb6
a8aa
b7b0
fff0
2cd9
9dae
ae9b
a8a9
9572
958d
9f3f
4094
8696
9601
9092
13c5
80b8
f0fb
0984
01d1
e925
0c04
097f
b809
1111
0f08
0a17
121e
1514
1887
bfa8
e910
1320
f30b
0d0d
1a17
0c0a
5ea8
db41
bd89
1108
810f
6914
8668
79ff
ff3a
5985
0b10
1e23
1e27
3036
4055
5652
614d
ffc3
3c45
2d16
271a
8406
8aa5
a684
b1ef
ff9d
b2b9
a8b2
56d1
adad
9da7
a49b
9c99
99ff
d095
9495
8b8f
948d
878d
4c83
fc71
bfc2
8502
0185
0305
0aee
b166
897d
07c2
b70c
55e1
9812
1511
060a
97e9
1287
c23e
5209
0f0d
8782
25c9
e202
3ffc
8404
858a
868b
8c83
908e
93a0
8e87
ff86
8603
12d3
2222
253e
4341
5256
3f7c
4940
4529
212a
1c3f
8f98
a19e
a387
ff72
a9b3
ad0b
afa6
a7ac
a5a1
a29f
c13e
9c9c
8730
918f
ec91
8a88
8e8b
fe20
4688
8784
0507
8184
cdc1
8c10
070b
0e98
8317
1686
8e0c
0c12
51f8
0f14
1a85
ff13
19fc
5160
0e06
800c
0581
0c06
ffdb
8c87
858b
8105
8690
8c99
9c82
6180
2549
efff
161a
202e
3a06
223b
3c36
2b2a
240b
0384
effe
929a
a1a5
a97f
21ae
b3f6
a9ac
aaad
aea6
0da1
a2a8
a229
9bcd
9a85
9987
7823
e98c
8a8f
8289
0886
0280
fbef
14c1
0172
4a02
0410
0c0b
1110
070f
9915
db0b
180f
0e7f
b915
15f1
0d04
0313
a961
f832
8068
8a89
5282
0482
900f
ff8b
959c
8e88
7c04
0707
141a
1f2a
dfff
393e
464d
4d3e
9219
2927
1005
828e
989f
bfff
a3a8
a7af
b4ae
b058
b1ad
a9ab
aea7
a1a6
ff3b
a49c
999b
989b
9b90
8e97
9763
4989
8d87
ef86
848b
0103
0184
8274
8108
c107
0303
09fd
9907
0e12
0d13
f8c2
fc11
0f09
1317
4f81
6e09
ff70
0601
070c
8007
0986
8ad1
8404
02f8
fdc7
929b
9287
8b83
5d59
1019
1d26
ffff
363d
444b
4d42
3a3b
2f29
2a15
0780
8a96
fffe
9ca1
a7a6
acb2
afae
b2c8
c9a8
a9ad
a8a1
ffbf
a3a5
9c98
9a97
9a9a
928d
9498
908d
8d42
7f25
3909
32b5
8162
7182
840a
0b08
092b
0cc6
e110
bbd1
d9b9
8a18
14e2
e1fc
16e9
0510
0903
6b02
05ee
770d
6cf1
828b
dcf1
0304
8b8c
8fa5
d98a
85ff
3f92
f10d
191c
2334
3b42
494d
4539
3c31
845e
861b
d787
1219
a5a6
a94e
d17f
d84c
81af
a7a8
aba9
a20b
9d99
c879
1fa7
9a94
8d91
9791
868a
8d86
7b43
8385
83e7
6981
8508
e3d1
059d
1101
a04c
c901
128d
170b
fae0
390c
0da8
9973
c271
f1f1
0404
0b00
1002
9256
7e87
e0be
c6b8
8889
870a
310b
181b
21ff
df14
d148
4c47
3a3c
342a
2a20
0b04
8492
91f1
0fe1
a6a7
aeb0
aa83
ae0c
a7a9
df3f
aaa2
9fa5
9e99
c231
9a96
8d8f
9792
8cc4
8286
8986
8707
6a86
0580
41a1
0504
423b
930f
1fe0
0e09
1010
0e16
1286
0d0c
10de
1705
108c
060a
0502
ad91
f15f
0a06
5587
0105
838d
8a95
98eb
41db
ffe9
1909
9de9
2c17
f14b
493b
3a36
2b29
24fe
600e
17f1
969d
a1a5
a5ac
8642
c1ae
3f06
87a9
aaa3
9ea4
9f0d
96fc
b8a0
1095
938c
c331
fc14
290e
0e1d
e9c5
d101
84a6
7551
0405
ff01
990c
1111
080f
110e
1519
070e
f7fe
0a15
1686
0e06
0478
b90a
0a7f
8002
0909
8787
8286
81d2
491f
fe92
998d
8789
8086
0813
1a1e
2837
bff7
3c44
4a4a
3e39
389d
e912
0680
81e9
9fa4
5f00
a3ab
afab
acae
00f0
0000
0000
0000
0000
ffff
ffff
ffff
ffff
ffff
ffff
ffff
ffff
ffff
ffff
ffff
ffff
ffff
ffff
ffff
ffff
ffff
ffff
ffff
ffff
ffff
ffff
ffff
ffff
ffff
ffff
ffff
ffff
ffff
ffff
ffff
ffff
ffff
ffff
ffff
ffff
ffff
ffff
ffff
ffff
ffff
ffff
ffff
ffff
ffff
ffff
ffff
ffff
ffff
ffff
ffff
ffff
ffff
ffff
ffff
ffff
ffff
ffff
ffff
ffff
ffff
ffff
ffff
ffff
ffff
ffff
ffff
ffff
ffff
ffff
ffff
ffff
ffff
ffff
ffff
ffff
ffff
ffff
ffff
ffff
ffff
ffff
ffff
ffff
ffff
ffff
ffff
ffff
ffff
ffff
ffff
ffff
ffff
ffff
ffff
ffff
ffff
ffff
ffff
ffff
ffff
ffff
ffff
ffff
ffff
ffff
ffff
ffff
ffff
ffff
ffff
ffff
ffff
ffff
ffff
ffff
ffff
ffff
ffff
ffff
ffff
ffff
ffff
ffff
ffff
ffff
ffff
ffff
ffff
ffff
ffff
ffff
ffff
ffff
ffff
ffff
ffff
ffff
ffff
ffff
ffff
ffff
ffff
ffff
ffff
ffff
ffff
ffff
ffff
ffff
ffff
ffff
ffff
ffff
ffff
ffff
ffff
ffff
ffff
ffff
ffff
ffff
ffff
ffff
ffff
ffff
ffff
ffff
ffff
ffff
ffff
ffff
ffff
ffff
ffff
ffff
ffff
ffff
ffff
ffff
ffff
ffff
ffff
ffff
ffff
ffff
ffff
ffff
ffff
ffff
ffff
ffff
ffff
ffff
ffff
ffff
ffff
ffff
ffff
ffff
ffff
ffff
ffff
ffff
ffff
ffff
ffff
ffff
ffff
ffff
ffff
ffff
ffff
ffff
ffff
ffff
ffff
ffff
ffff
ffff
ffff
ffff
ffff
ffff
ffff
ffff
ffff
ffff
ffff
ffff
ffff
ffff
ffff
ffff
ffff
ffff
ffff
ffff
ffff
ffff
ffff
ffff
ffff
ffff
ffff
ffff
ffff
ffff
ffff
ffff
ffff
ffff
ffff
ffff
ffff
ffff
ffff
ffff
ffff
ffff
ffff
ffff
ffff
ffff
ffff
ffff
ffff
ffff
ffff
ffff
ffff
ffff
ffff
ffff
ffff
ffff
ffff
ffff
ffff
ffff
ffff
ffff
ffff
ffff
ffff
ffff
ffff
ffff
ffff
ffff
ffff
ffff
ffff
ffff
ffff
ffff
ffff
ffff
ffff
ffff
ffff
ffff
ffff
ffff
ffff
ffff
ffff
ffff
ffff
ffff
ffff
ffff
ffff
ffff
ffff
ffff
ffff
ffff
ffff
ffff
ffff
ffff
ffff
ffff
ffff
ffff
ffff
ffff
ffff
ffff
ffff
ffff
ffff
ffff
ffff
ffff
ffff
ffff
ffff
ffff
ffff
ffff
ffff
ffff
ffff
ffff
ffff
ffff
ffff
ffff
ffff
ffff
ffff
ffff
ffff
ffff
ffff
ffff
ffff
ffff
ffff
ffff
ffff
ffff
ffff
ffff
ffff
ffff
ffff
ffff
ffff
ffff
ffff
ffff
ffff
ffff
ffff
ffff
ffff
ffff
ffff
ffff
ffff
ffff
ffff
ffff
ffff
ffff
ffff
ffff
ffff
ffff
ffff
ffff
ffff
ffff
ffff
ffff
ffff
ffff
ffff
ffff
ffff
ffff
ffff
ffff
ffff
ffff
ffff
ffff
ffff
ffff
ffff
ffff
ffff
ffff
ffff
ffff
ffff
ffff
ffff
ffff
ffff
ffff
ffff
ffff
ffff
ffff
ffff
ffff
ffff
ffff
ffff
ffff
ffff
ffff
ffff
ffff
ffff
ffff
ffff
ffff
ffff
ffff
ffff
ffff
ffff
ffff
ffff
ffff
ffff
ffff
ffff
ffff
ffff
ffff
ffff
ffff
ffff
ffff
ffff
ffff
ffff
ffff
ffff
ffff
ffff
ffff
ffff
ffff
ffff
ffff
ffff
ffff
ffff
ffff
ffff
ffff
ffff
ffff
ffff
ffff
ffff
ffff
ffff
ffff
ffff
ffff
ffff
ffff
ffff
ffff
ffff
ffff
ffff
ffff
ffff
ffff
ffff
ffff
ffff
ffff
ffff
ffff
ffff
ffff
ffff
ffff
ffff
ffff
ffff
ffff
ffff
ffff
ffff
ffff
ffff
ffff
ffff
ffff
ffff
ffff
ffff
ffff
ffff
ffff
ffff
ffff
ffff
ffff
ffff
ffff
ffff
ffff
ffff
ffff
ffff
ffff
ffff
ffff
ffff
ffff
ffff
ffff
ffff
ffff
ffff
ffff
ffff
ffff
ffff
ffff
ffff
ffff
ffff
ffff
ffff
ffff
ffff
ffff
ffff
ffff
ffff
ffff
ffff
ffff
ffff
ffff
ffff
ffff
ffff
ffff
ffff
ffff
ffff
ffff
ffff
ffff
ffff
ffff
ffff
ffff
ffff
ffff
ffff
ffff
ffff
ffff
ffff
ffff
ffff
ffff
ffff
ffff
ffff
ffff
ffff
ffff
ffff
ffff
ffff
ffff
ffff
ffff
ffff
ffff
ffff
ffff
ffff
ffff
ffff
ffff
ffff
ffff
ffff
ffff
ffff
ffff
ffff
ffff
ffff
ffff
ffff
ffff
ffff
ffff
ffff
ffff
ffff
ffff
ffff
ffff
ffff
ffff
ffff
ffff
ffff
ffff
ffff
ffff
ffff
ffff
ffff
ffff
ffff
ffff
ffff
ffff
ffff
ffff
ffff
ffff
ffff
ffff
ffff
ffff
ffff
ffff
ffff
ffff
ffff
ffff
ffff
ffff
ffff
ffff
ffff
ffff
ffff
ffff
ffff
ffff
ffff
ffff
ffff
ffff
ffff
ffff
ffff
ffff
ffff
ffff
ffff
ffff
ffff
ffff
ffff
ffff
ffff
ffff
ffff
ffff
ffff
ffff
ffff
ffff
ffff
ffff
ffff
ffff
ffff
ffff
ffff
ffff
ffff
ffff
ffff
ffff
ffff
ffff
ffff
ffff
ffff
ffff
ffff
ffff
ffff
ffff
ffff
ffff
ffff
ffff
ffff
ffff
ffff
ffff
ffff
ffff
ffff
ffff
ffff
ffff
ffff
ffff
ffff
ffff
ffff
ffff
ffff
ffff
ffff
ffff
ffff
ffff
ffff
ffff
ffff
ffff
ffff
ffff
ffff
ffff
ffff
ffff
ffff
ffff
ffff
ffff
ffff
ffff
ffff
ffff
ffff
ffff
ffff
ffff
ffff
ffff
ffff
ffff
ffff
ffff
ffff
ffff
ffff
ffff
ffff
ffff
ffff
ffff
ffff
ffff
ffff
ffff
ffff
ffff
ffff
ffff
ffff
ffff
ffff
ffff
ffff
ffff
ffff
ffff
ffff
ffff
ffff
ffff
ffff
ffff
ffff
ffff
ffff
ffff
ffff
ffff
ffff
ffff
ffff
ffff
ffff
ffff
ffff
ffff
ffff
ffff
ffff
ffff
ffff
ffff
ffff
ffff
ffff
ffff
ffff
ffff
ffff
ffff
ffff
ffff
ffff
ffff
ffff
ffff
ffff
ffff
ffff
ffff
ffff
ffff
ffff
ffff
ffff
ffff
ffff
ffff
ffff
ffff
ffff
ffff
ffff
ffff
ffff
ffff
ffff
ffff
ffff
ffff
ffff
ffff
ffff
ffff
ffff
ffff
ffff
ffff
ffff
ffff
ffff
ffff
ffff
ffff
ffff
ffff
ffff
ffff
ffff
ffff
ffff
ffff
ffff
ffff
ffff
ffff
ffff
ffff
ffff
ffff
ffff
ffff
ffff
ffff
ffff
ffff
ffff
ffff
ffff
ffff
ffff
ffff
ffff
ffff
ffff
ffff
ffff
ffff
ffff
ffff
ffff
ffff
ffff
ffff
ffff
ffff
ffff
ffff
ffff
ffff
ffff
ffff
ffff
ffff
ffff
ffff
ffff
ffff
ffff
ffff
ffff
ffff
ffff
ffff
ffff
ffff
ffff
ffff
ffff
ffff
ffff
ffff
ffff
ffff
ffff
ffff
ffff
ffff
ffff
ffff
ffff
ffff
ffff
ffff
ffff
ffff
ffff
ffff
ffff
ffff
ffff
ffff
ffff
ffff
ffff
ffff
ffff
ffff
ffff
ffff
ffff
ffff
ffff
ffff
ffff
ffff
ffff
ffff
ffff
ffff
ffff
ffff
ffff
ffff
ffff
ffff
ffff
ffff
ffff
ffff
ffff
ffff
ffff
ffff
ffff
ffff
ffff
ffff
ffff
ffff
ffff
ffff
ffff
ffff
ffff
ffff
ffff
ffff
ffff
ffff
ffff
ffff
ffff
ffff
ffff
ffff
ffff
ffff
ffff
ffff
ffff
ffff
ffff
ffff
ffff
ffff
ffff
ffff
ffff
ffff
ffff
ffff
ffff
ffff
ffff
ffff
ffff
ffff
ffff
ffff
ffff
ffff
ffff
ffff
ffff
ffff
ffff
ffff
ffff
ffff
ffff
ffff
ffff
ffff
ffff
ffff
ffff
ffff
ffff
ffff
ffff
ffff
ffff
ffff
ffff
ffff
ffff
ffff
ffff
ffff
ffff
ffff
ffff
ffff
ffff
ffff
ffff
ffff
ffff
ffff
ffff
ffff
ffff
ffff
ffff
ffff
ffff
ffff
ffff
ffff
ffff
ffff
ffff
ffff
ffff
ffff
ffff
ffff
ffff
ffff
ffff
ffff
ffff
ffff
ffff
ffff
ffff
ffff
ffff
ffff
ffff
ffff
ffff
ffff
ffff
ffff
ffff
ffff
ffff
ffff
ffff
ffff
ffff
ffff
ffff
ffff
ffff
ffff
ffff
ffff
ffff
ffff
ffff
ffff
ffff
ffff
ffff
ffff
ffff
ffff
ffff
ffff
ffff
ffff
ffff
ffff
ffff
ffff
ffff
ffff
ffff
ffff
ffff
ffff
ffff
ffff
ffff
ffff
ffff
ffff
ffff
ffff
ffff
ffff
ffff
ffff
ffff
ffff
ffff
ffff
ffff
ffff
ffff
ffff
ffff
ffff
ffff
ffff
ffff
ffff
ffff
ffff
ffff
ffff
ffff
ffff
ffff
ffff
ffff
ffff
ffff
ffff
ffff
ffff
ffff
ffff
ffff
ffff
ffff
ffff
ffff
ffff
ffff
ffff
ffff
ffff
ffff
ffff
ffff
ffff
ffff
ffff
ffff
ffff
ffff
ffff
ffff
ffff
ffff
ffff
ffff
ffff
ffff
ffff
ffff
ffff
ffff
ffff
ffff
ffff
ffff
ffff
ffff
ffff
ffff
ffff
ffff
ffff
ffff
ffff
ffff
ffff
ffff
ffff
ffff
ffff
ffff
ffff
ffff
ffff
ffff
ffff
ffff
ffff
ffff
ffff
ffff
ffff
ffff
ffff
ffff
ffff
ffff
ffff
ffff
ffff
ffff
ffff
ffff
ffff
ffff
ffff
ffff
ffff
ffff
ffff
ffff
ffff
ffff
ffff
ffff
ffff
ffff
ffff
ffff
ffff
ffff
ffff
ffff
ffff
ffff
ffff
ffff
ffff
ffff
ffff
ffff
ffff
ffff
ffff
ffff
ffff
ffff
ffff
ffff
ffff
ffff
ffff
ffff
ffff
ffff
ffff
ffff
ffff
ffff
ffff
ffff
ffff
ffff
ffff
ffff
ffff
ffff
ffff
ffff
ffff
ffff
ffff
ffff
ffff
ffff
ffff
ffff
ffff
ffff
ffff
ffff
ffff
ffff
ffff
ffff
ffff
ffff
ffff
ffff
ffff
ffff
ffff
ffff
ffff
ffff
ffff
ffff
ffff
ffff
ffff
ffff
ffff
ffff
ffff
ffff
ffff
ffff
ffff
ffff
ffff
ffff
ffff
ffff
ffff
ffff
ffff
ffff
ffff
ffff
ffff
ffff
ffff
ffff
ffff
ffff
ffff
ffff
ffff
ffff
ffff
ffff
ffff
ffff
ffff
ffff
ffff
ffff
ffff
ffff
ffff
ffff
ffff
ffff
ffff
ffff
ffff
ffff
ffff
ffff
ffff
ffff
ffff
ffff
ffff
ffff
ffff
ffff
ffff
ffff
ffff
ffff
ffff
ffff
ffff
ffff
ffff
ffff
ffff
ffff
ffff
ffff
ffff
ffff
ffff
ffff
ffff
ffff
ffff
ffff
ffff
ffff
ffff
ffff
ffff
ffff
ffff
ffff
ffff
ffff
ffff
ffff
ffff
ffff
ffff
ffff
ffff
ffff
ffff
ffff
ffff
ffff
ffff
ffff
ffff
ffff
ffff
ffff
ffff
ffff
ffff
ffff
ffff
ffff
ffff
ffff
ffff
ffff
ffff
ffff
ffff
ffff
ffff
ffff
ffff
ffff
ffff
ffff
ffff
ffff
ffff
ffff
ffff
ffff
ffff
ffff
ffff
ffff
ffff
ffff
ffff
