@780000
ffff
fd00
0000
0426
0000
0200
ffff
fd7e
ffff
fd7e
ffff
fd84
ffff
fd78
ffff
fd8a
ffff
fd9c
ffff
fda2
ffff
fd90
ffff
fd96
0000
0200
0000
0200
0000
0200
0000
0200
0000
0200
0000
0200
0000
0200
0000
0200
0000
0200
0000
0200
0000
0200
0000
0200
0000
0200
0000
0200
ffff
fd12
0000
0200
ffff
fd0c
0000
0200
ffff
fd06
0000
0200
ffff
fd18
ffff
fd1e
ffff
fd24
ffff
fd2a
ffff
fd30
ffff
fd36
ffff
fd3c
ffff
fd42
ffff
fd48
ffff
fd4e
ffff
fd54
ffff
fd5a
ffff
fd60
ffff
fd66
ffff
fd6c
ffff
fd72
0000
0200
0000
0200
0000
0200
0000
0200
0000
0200
0000
0200
0000
0200
0000
0200
0000
0200
0000
0200
0000
0200
0000
0200
0000
0200
0000
0200
0000
0200
0000
0200
5345
4741
204d
4547
4120
4452
4956
4520
2843
2953
4547
4120
3139
3932
2e4a
554c
5345
4741
2d43
4420
424f
4f54
2052
4f4d
3038
2f30
342d
3139
3932
2020
2020
2020
3033
3a30
3020
2020
2020
2031
2e30
3020
5345
4741
2d43
4420
424f
4f54
2052
4f4d
2020
2020
2020
2020
2020
2020
2020
2020
2020
2020
2020
2020
2020
2020
2020
2020
4252
2030
3030
3030
332d
312e
3030
0bf8
4a20
2020
2020
2020
2020
2020
2020
2020
0000
0000
0001
ffff
00ff
0000
00ff
ffff
2020
2020
2020
2020
2020
2020
2020
2020
2020
2020
2020
2020
2020
2020
2020
2020
2020
2020
2020
2020
2020
2020
2020
2020
2020
2020
2020
2020
2020
2020
2020
2020
5520
2020
2020
2020
2020
2020
2020
2020
41f8
fd00
303c
4ef9
30c0
20fc
0000
087c
60fe
4e73
ffff
ffff
ffff
ffff
ffff
ffff
ffff
ffff
ffff
ffff
ffff
ffff
ffff
ffff
ffff
ffff
ffff
ffff
ffff
ffff
ffff
ffff
ffff
ffff
ffff
ffff
ffff
ffff
ffff
ffff
ffff
ffff
ffff
ffff
ffff
ffff
ffff
ffff
ffff
ffff
ffff
ffff
ffff
ffff
ffff
ffff
ffff
ffff
ffff
ffff
ffff
ffff
ffff
ffff
6000
05fa
6000
01a0
6000
0398
6000
038c
6000
0708
6000
0768
6000
0e86
6000
0ef0
6000
07d4
6000
07f4
6000
082e
6000
077c
6000
0782
6000
082c
6000
0826
6000
0854
6000
0852
6000
09c2
6000
09e2
6000
0a7e
6000
088a
6000
08dc
6000
0a96
6000
0aac
6000
0abe
6000
0ab4
6000
0ace
6000
0bf0
6000
0bfc
6000
15d0
6000
1524
6000
152c
6000
153a
6000
06ca
6000
06c0
6000
117e
6000
1216
6000
06ce
6000
0700
6000
121e
6000
1260
6000
1250
6000
123a
6000
11c4
6000
1392
6000
128a
6000
12b0
6000
12cc
6000
0e9e
6000
0eca
6000
0f30
6000
0f9c
6000
10b6
6000
10bc
6000
10c2
6000
10c8
6000
4e24
6000
4e32
6000
00b0
6000
098c
6000
09ae
6000
08ac
6000
0fdc
6000
3b42
6000
129a
6000
09f2
6000
0a94
6000
0aec
6000
0ad4
6000
12b6
6000
12c2
6000
12fc
6000
12d0
6000
0506
6000
031c
41f8
fd06
303c
4ef9
30c0
20fc
0000
0962
43f8
0960
7211
30c0
20c9
51c9
fffa
43f9
0000
0200
7207
30c0
20c9
51c9
fffa
30c0
20fc
0000
040c
30c0
20bc
0000
706c
43fa
0022
45f9
0040
0001
4a12
6a14
45ea
000f
7205
b549
56c9
fffc
6606
20bc
0040
0020
4e75
5241
4d5f
4341
5254
5249
4447
21c9
fd08
4e75
21c9
fdaa
4e75
4ab9
00a1
0008
6606
4a79
00a1
000c
6600
0092
4bfa
0090
4c9d
00e0
4cdd
1f00
1029
ef01
0200
000f
6708
237c
5345
4741
2f00
3014
7000
23fc
c000
0000
00c0
0004
323c
001f
2680
51c9
fffc
2c40
4e66
7217
1a1d
3885
da47
51c9
fff8
289d
3680
3287
3487
0111
66fc
7425
10dd
51ca
fffc
3480
3280
3487
2d00
51ce
fffc
289d
289d
761f
2680
51cb
fffc
289d
7813
2680
51cc
fffc
7a03
175d
0011
51cd
fffa
3480
4cd6
7fff
46fc
2700
606c
8000
3fff
0100
00a0
0000
00a1
1100
00a1
1200
00c0
0000
00c0
0004
0414
303c
076c
0000
0000
ff00
8137
0001
0100
00ff
ff00
0080
4000
0080
af01
d91f
1127
0021
2600
f977
edb0
dde1
fde1
ed47
ed4f
d1e1
f108
d9c1
d1e1
f1f9
f3ed
5636
e9e9
8104
8f02
c000
0000
4000
0010
9fbf
dfff
4a79
00c0
0004
007c
0700
72ff
6100
0f2c
4238
fe53
0839
0006
00a1
000d
6738
2e78
0000
3639
00c0
0004
0803
0001
66f4
6100
0254
6100
5138
6600
030e
50f8
fe53
6100
0092
31fc
4ef9
fd00
21fc
0000
05a0
fd02
4ef9
0040
0200
4eb8
0a2a
4eb8
0a76
6100
0224
6100
01b2
6100
01fe
007c
0700
6100
50fc
67c6
6138
7001
7204
4eba
0e74
7004
6100
008c
41f8
fdda
3010
0240
7ffc
4ebb
0004
60f0
4e71
4e75
6000
1704
6000
1ba8
6000
4b4e
6000
566a
4ef9
ffff
0000
6122
41f8
fd00
30fc
4ef9
20fc
0000
087c
4eb8
09ca
6100
0be6
49f9
00a1
200f
1014
66fc
4e75
4eba
fda2
6100
0b6a
4eb8
101a
6100
0038
4e75
007c
0700
2e78
0000
007c
0700
4eb8
0a2a
4eb8
0a76
61b4
6100
0caa
7001
7208
4eba
0dec
7008
6104
6000
ff78
0240
001c
31c0
fdda
4e75
4bf9
00a1
2001
0895
0000
66fa
4ded
0001
3a16
0245
0002
3c85
41f9
0001
5800
43f9
0002
0000
6100
024c
4a38
fe53
6704
6134
6024
41f9
0001
3400
43f9
0002
6000
6100
0232
41f9
0001
9800
43f9
0003
8000
6100
0222
1cbc
002a
08d5
0000
67fa
0895
0001
66fa
4e75
2079
0040
01a8
2039
0040
01ac
227c
0000
6000
6030
b3fc
0000
6000
6526
48e7
fefe
40e7
007c
0700
4bf9
00a1
2001
08d5
0001
67fa
6110
0895
0001
66fa
46df
4cdf
7f7f
7000
4e75
4ded
0001
3a16
0245
0002
2200
d289
243c
0002
0000
610e
0682
0002
0000
0605
0040
64f2
4e75
b3c2
642c
2800
6728
b282
6504
2802
9889
9084
e284
5384
2c09
0286
0001
ffff
0686
0002
0000
2446
3c85
34d8
51cc
fffc
2242
4e75
4bf9
00a1
2001
4ded
0001
08d5
0001
67fa
3a16
7e00
0245
0002
0045
0040
3c85
611e
0245
0002
0045
0080
3c85
6112
0245
0002
0045
00c0
3c85
6106
0245
0002
3c85
41f9
0002
0000
303c
7fff
20c7
51c8
fffc
4e75
0816
0002
6616
0816
0000
6710
41f9
0020
0000
70ff
7e00
2087
51c8
fffc
4e75
1039
00a1
0001
0200
00c0
0c00
0080
6602
4e75
007c
0700
4eba
0258
4eba
0d8e
43fa
0022
23fc
c000
0000
00c0
0004
23d9
00c0
0000
203c
4606
0003
4eba
0d48
4eba
0578
60fe
0ee0
0000
2020
2020
2020
2020
2020
2020
2020
4552
524f
5221
0000
5448
4953
2049
5320
414e
204e
5453
432d
434f
4d50
4154
4942
4c45
2053
4547
412d
4344
0046
4f52
2055
5345
2049
4e20
4e54
5343
2052
4547
494f
4e53
204f
5448
4552
2054
4841
4e00
2020
2020
204a
4150
414e
2041
4e44
2053
4f55
5448
4541
5354
2041
5349
412e
ff00
007c
0700
3038
fe3a
3f00
6100
fd5c
301f
0240
bf00
670e
6100
0ab4
7e78
4eb8
09ca
51cf
fffa
6100
0aae
50f8
fe51
6000
fd02
007c
0700
6100
4df0
6604
50f8
fe53
4ef9
0040
0784
558f
1f58
0001
1e98
3a17
780f
e24d
40c6
51cc
000c
1f58
0001
1e98
3a17
780f
44c6
6404
12d8
60e6
7600
e24d
40c6
51cc
000c
1f58
0001
1e98
3a17
780f
44c6
652c
e24d
51cc
000c
1f58
0001
1e98
3a17
780f
e353
e24d
51cc
000c
1f58
0001
1e98
3a17
780f
e353
5243
74ff
1418
6016
1018
1218
74ff
1401
eb4a
1400
0241
0007
6710
1601
5243
1031
2000
12c0
51cb
fff8
6080
1218
670c
0c01
0001
6700
ff76
1601
60e4
548f
4e75
4e73
48e7
fffe
6100
08a8
4a38
fe28
6614
6100
0446
0838
0001
fe26
6708
4eb8
fda8
5238
fe27
6100
079a
4238
fe26
6100
08ec
6100
0aac
4cdf
7fff
4e73
48e7
fffe
6100
0870
4a38
fe28
6614
6100
040e
0838
0001
fe26
6708
4eb8
fda8
5238
fe27
6100
0762
4238
fe26
4cdf
7fff
4e73
007c
0700
7003
11c0
fe26
027c
f8ff
4a38
fe26
66fa
6100
0c2a
4e75
21c9
fd0e
33c9
00a1
2006
08f8
0004
fdb5
33f8
fdb4
00c0
0004
4e75
21c9
fd0e
33fc
fd0c
00a1
2006
08f8
0004
fdb5
33f8
fdb4
00c0
0004
4e75
08b8
0004
fdb5
33f8
fdb4
00c0
0004
4e75
43fa
002a
31fc
0080
fe2e
45f8
fdb4
7000
1011
6a16
3219
0c00
0092
6206
d000
3581
0000
33c1
00c0
0004
60e6
4e75
8004
8124
9011
8b00
8c81
8334
8230
8407
855c
8d2f
8700
8a00
8f02
9100
9200
0000
23fc
c000
0000
00c0
0004
33fc
0000
00c0
0000
6100
004e
203c
4000
0000
323c
ffff
6000
007a
6122
6100
0062
6100
0066
6000
004e
23fc
7c00
0002
00c0
0004
23fc
0000
0000
00c0
0000
4e75
42b8
f900
23fc
7800
0002
00c0
0004
23fc
0000
0000
00c0
0000
4e75
203c
4000
0010
7227
7400
23c0
00c0
0004
33c2
00c0
0000
51c9
fff8
4e75
203c
5000
0003
323c
0dff
6012
203c
4000
0003
6006
203c
6000
0003
323c
1fff
7400
4df9
00c0
0004
3cbc
8f01
3638
fdb6
08c3
0004
3c83
263c
0094
0000
3601
e18b
363c
9300
1601
2c83
3cbc
9780
0080
4000
0080
2c80
1d42
fffc
3616
0803
0001
66f8
3cb8
fdb6
3cbc
8f02
4e75
4df9
00c0
0004
3638
fdb6
08c3
0004
3c83
e281
263c
0094
0000
3602
e18b
363c
9300
1602
2c83
263c
0096
0000
3601
e18b
363c
9500
1601
2c83
4841
363c
9700
1601
3c83
0080
4000
0080
4840
3c80
4840
3f00
3c9f
3cb8
fdb6
4e75
2f09
2241
5481
e281
4df9
00c0
0004
3cbc
8f02
3638
fdb6
08c3
0004
3c83
263c
0094
0000
3602
e18b
363c
9300
1602
2c83
263c
0096
0000
3601
e18b
363c
9500
1601
2c83
4841
363c
9700
1601
3c83
0080
4000
0080
4840
3c80
4840
3f00
3c9f
3cb8
fdb6
0240
ff7f
2c80
2d51
fffc
3cb8
fdd2
225f
4e75
4df9
00c0
0004
3cbc
8f01
3638
fdb6
08c3
0004
3c83
263c
0094
0000
3602
e18b
363c
9300
1602
2c83
263c
0096
0000
3601
e18b
363c
9500
1601
2c83
3cbc
97c0
0040
00c0
2c80
3616
0803
0001
66f8
3cb8
fdb6
3cbc
8f02
4e75
23c0
00c0
0004
34f9
00c0
0000
51c9
fff8
4e75
4bf9
00c0
0000
3f3c
0000
3f38
fe2e
2b40
0004
3601
3a99
51cb
fffc
d097
51ca
fff0
584f
4e75
4bf9
00c0
0000
3f3c
0000
3f38
fe2e
2b40
0004
3801
1619
3a83
51cc
fffa
d097
51ca
ffee
584f
4e75
4bf9
00c0
0000
3f3c
0000
3f38
fe2e
2b40
0004
3a01
3819
8843
3a84
51cd
fff8
d097
51ca
ffec
584f
4e75
4bf9
00c0
0000
3f3c
0000
3f38
fe2e
2b40
0004
3801
3a83
5243
51cc
fffa
d097
51ca
ffee
584f
4e75
4bf9
00c0
0000
3f3c
0000
3f38
fe2e
9641
9641
5543
2b40
0004
3801
3a99
51cc
fffc
d2c3
d097
51ca
ffee
584f
4e75
4bf9
00c0
0000
3f3c
0000
3f38
fe2e
2b40
0004
3a01
3a83
51cd
fffc
d097
51ca
fff0
584f
4e75
08f8
0006
fdb7
6018
23fc
c000
0000
00c0
0004
33fc
0000
00c0
0000
08b8
0006
fdb7
33f8
fdb6
00c0
0004
4e75
08f8
0000
fe29
2f0b
7000
1019
47f8
fb80
d6c0
1019
36d9
51c8
fffc
265f
4e75
08b8
0000
fe29
675c
49f9
00c0
0004
3838
fdb6
08c4
0004
3884
40e7
007c
0700
33fc
0100
00a1
1100
28bc
9400
9340
28bc
96fd
95c0
38bc
977f
38bc
c000
3f3c
0080
0839
0000
00a1
1100
66f6
389f
33fc
0000
00a1
1100
38b8
fdb6
28bc
c000
0000
3978
fb80
fffc
46df
4e75
48e7
fc80
41f8
fb80
d0c0
7000
740e
3610
3803
c802
6702
5543
343c
00e0
3803
c802
6704
0443
0020
343c
0e00
c842
6704
0443
0200
30c3
8043
51c9
ffd4
08f8
0000
fe29
4a40
4cdf
013f
4e75
11d9
fe46
11d9
fe47
21c9
fe4a
31fc
000e
fe48
4e75
48e7
f8c0
7000
1038
fe46
43f8
fb80
d2c0
1038
fe47
2078
fe4a
3238
fe48
3418
3602
0243
000e
9641
6a02
7600
e941
3802
0244
00e0
9841
6a02
7800
e941
0242
0e00
9441
6a02
7400
8644
8443
32c2
51c8
ffcc
4a78
fe48
6704
5578
fe48
08f8
0000
fe29
4cdf
031f
4e75
48e7
ff7c
47fa
0080
45f9
00c0
0000
6008
48e7
ff7c
47fa
0086
49f8
f700
3419
d442
6404
d6fc
000a
e54a
3a42
7608
7400
7800
6100
0084
1a19
e145
1a19
7c10
7008
6100
00d8
0c41
00fc
6430
d241
1034
1000
4880
6100
00da
1234
1001
3001
0241
000f
0240
00f0
e848
e98c
8801
5343
6606
4ed3
7800
7608
51c8
fff0
60c4
7006
6100
00b0
7007
6100
00a6
60d2
2484
534d
380d
66e0
6020
b982
2482
534d
380d
66d4
6014
24c4
534d
380d
66ca
600a
b982
24c2
534d
380d
66be
4cdf
3eff
4e75
1019
0c00
00ff
6602
4e75
3e00
1019
6bf2
1200
0247
000f
0241
0070
8e41
0240
000f
1200
e149
8e41
7208
9240
660a
1019
d040
3987
0000
60d6
1019
e368
d040
7a01
e36d
5345
49f4
0000
38c7
51cd
fffc
49f8
f700
60ba
0001
0003
0007
000f
001f
003f
007f
00ff
3e06
9e40
3205
ee69
d040
c27b
00e2
4e75
61ee
e248
9c40
0c46
0009
6406
5046
e145
1a19
4e75
49f9
00a1
1100
40e7
007c
0700
38bc
0100
397c
0100
0100
0814
0000
66fa
4df9
00a0
0000
4bf9
0001
0400
3e3c
0ca5
1cdd
51cf
fffc
4df9
00a0
0d00
4bf9
0001
10a6
3e3c
0179
1cdd
51cf
fffc
4df9
00a0
1100
4bf9
0001
1220
3e3c
05f7
1cdd
51cf
fffc
397c
0000
0100
38bc
0000
397c
0100
0100
46df
4e75
49f9
00a1
1100
40e7
007c
0700
38bc
0100
397c
0100
0100
0814
0000
66fa
4df9
00a0
0000
4bf9
0001
0400
3e3c
0ca5
1cdd
51cf
fffc
397c
0000
0100
38bc
0000
397c
0100
0100
46df
4e75
40e7
007c
0700
33fc
0100
00a1
1100
10d9
51c8
fffc
33fc
0000
00a1
1100
46df
4e75
1e3c
00e3
40e7
007c
0700
33fc
0100
00a1
1100
0839
0000
00a1
1100
66f6
13c7
00a0
1c0a
33fc
0000
00a1
1100
46df
4e75
33fc
0100
00a1
1100
0839
0000
00a1
1100
66f6
610a
33fc
0000
00a1
1100
4e75
4bf8
fe20
4df9
00a1
0003
6100
0004
544e
1cbc
0000
4e71
4e71
1e16
e507
1cbc
0040
0247
00c0
1c16
0246
003f
8e06
4607
1c15
bf06
1ac7
cc07
1ac6
4e75
7e40
13c7
00a1
0009
13c7
00a1
000b
13c7
00a1
000d
4e75
48e7
6004
40e7
007c
0700
33fc
0100
00a1
1100
0839
0000
00a1
1100
66f6
4bfa
002c
1d55
0006
7e00
7208
1c9d
4e71
4e71
1416
c41d
6702
8e01
e209
66ee
33fc
0000
00a1
1100
46df
4cdf
2006
4e75
400c
4003
000c
0003
7000
4df9
00a1
200e
1c80
544e
2cc0
2cc0
2cc0
2cc0
4df8
fdde
3cc0
2cc0
2cc0
2cc0
2cc0
4e75
0839
0000
00a1
200f
67f6
4e75
49f9
00a1
200e
08d4
0000
4df8
fdde
0896
0001
4bf9
00a1
2001
0815
0000
674a
0815
0001
6644
524c
0814
0000
672e
08d6
0001
085e
0000
6708
0814
0001
66fa
6006
0814
0001
67fa
1cd4
524c
7003
28d6
429e
51c8
fffa
2cdc
2cdc
2cdc
2cdc
08ed
0000
ffff
08f9
0001
00a1
200e
4e75
08b9
0001
00a1
200e
49f8
fdde
0814
0001
674e
082c
0002
0001
6746
08d4
0002
41f8
fdf0
3018
31c0
fe3a
0240
a000
6632
082c
0003
0001
671a
0814
0005
6724
31d8
fe3c
31d8
fe3e
1018
11c0
fe43
08d4
0006
4e75
31d8
fe44
31d8
fe40
11d8
fe42
08d4
0005
4e75
08b8
0006
fdde
08b8
0005
fdde
4e75
0839
0006
00a1
200f
67f6
08b9
0002
00a1
200e
4e75
08b8
0000
fddd
08f9
0007
00a1
200e
08f9
0001
00a1
2003
4e75
0838
0000
fddd
6714
0839
0007
00a1
200f
661a
08b8
0000
fddd
8040
4e75
0839
0007
00a1
200f
6706
08f8
0000
fddd
003c
0001
4e75
7002
600a
7012
6006
7000
6002
7012
0c40
0000
670c
0c40
0012
660c
6100
ff78
6006
72ff
6100
0104
7600
163b
0040
103b
003d
6b24
6606
31c3
fde0
4e75
0c00
0001
6720
3002
0280
0000
000f
4840
e888
8240
0242
0ff0
e94a
8642
4843
3601
21c3
fde0
4e75
1203
4841
21c1
fde0
4e75
0a00
0200
0300
0400
0500
0600
0700
0800
0900
10ff
11ff
12ff
13ff
1401
15ff
1601
1701
1801
20ff
21ff
8000
8100
82ff
83ff
8502
8602
8700
8900
8a00
8b00
8cff
8d00
8f00
9000
9100
92ff
93ff
00ff
c0ff
c1ff
19ff
c2ff
c3ff
31c0
fde0
31c1
fde2
4e75
31c0
fde8
31c1
fdea
4e75
31c0
fdec
31c1
fdee
4e75
0c40
0001
6608
08f9
0002
00a1
200e
31c0
fde4
31c1
fde6
4e75
0838
0001
fdde
6720
0838
0002
fddf
6618
0838
0002
fddf
6610
3038
fdf0
3238
fdf2
0240
00fc
4efb
0004
4e75
4e71
4e75
6000
0002
11c1
fddc
4e75
1038
fddc
4e75
0c38
0004
fddc
6706
0c38
0006
fddc
4e75
0838
0000
fe26
675c
49f9
00c0
0004
3838
fdb6
08c4
0004
3884
40e7
007c
0700
33fc
0100
00a1
1100
28bc
9401
9340
28bc
96fc
9580
38bc
977f
38bc
7800
3f3c
0082
0839
0000
00a1
1100
66f6
389f
33fc
0000
00a1
1100
38b8
fdb6
28bc
7800
0002
3978
f900
fffc
46df
4e75
2f0d
3238
fe20
4a40
6704
3238
fe22
4bf8
fe24
dac0
0201
000f
6612
0241
0f00
6710
5315
6a0c
1abc
0005
e049
6004
1abc
0014
1281
2a5f
4e75
e488
3200
4840
5341
22d8
51c9
fffc
51c8
fff8
4ed2
3238
fe2c
4bf9
00c0
0000
2b40
0004
7400
1419
6b12
6706
d441
3a82
60f2
4840
d078
fe2e
4840
60e4
4e75
203c
4400
0000
31fc
0000
fe2c
223c
0001
1011
2400
43f9
0000
9c00
343c
0060
e542
5342
4bf9
00c0
0000
2b40
0004
2f01
3219
611c
6118
6116
6114
2a83
6112
610e
610c
610a
2a83
51ca
ffe8
221f
4e75
e19b
e559
3801
0244
0003
1637
4004
4e75
4bf9
00c0
0000
3c02
5246
3a03
2b40
0004
3801
3a85
da46
51cc
fffa
5243
4840
d078
fe2e
4840
51ca
ffe4
4e75
3238
fe2a
c3fc
3619
0641
5d35
31c1
fe2a
c3c0
4840
4240
e280
d081
4840
48c0
4e75
3038
fe2a
c1fc
3619
0640
5d35
31c0
fe2a
4e75
3f06
0281
0000
ffff
82fc
03e8
3c01
e946
4241
4841
82fc
0064
8c01
e946
4241
4841
82fc
000a
8c01
e946
4841
8246
3c1f
4e75
3419
670a
4cd9
0003
4eb8
0bb2
60f2
4e75
2609
3419
670e
2019
7200
3219
d283
4eb8
0bb2
60dc
4e75
41f8
fe4e
43f8
fe50
20c0
22c1
5348
5349
44fc
0004
8109
8109
40e7
6404
0410
0040
46df
8109
3010
4e75
5449
c30a
6518
0c11
0060
651a
48e7
c000
1011
7240
c101
1280
4cdf
0003
6008
40e7
0611
0040
46df
c30a
4e75
48e7
ff1e
3640
1019
4880
3a40
1019
4880
48c0
e298
e258
2800
3c59
dccb
3859
d8cb
1a19
e145
1a19
7c10
7007
3e06
9e40
3205
ee69
0241
007f
3401
0c41
0040
6404
7006
e24a
6100
0106
0242
000f
e849
d241
4efb
104e
34ce
524e
51ca
fffa
60cc
34cc
51ca
fffc
60c4
6100
0060
34c1
51ca
fffc
60b8
6100
0054
34c1
5241
51ca
fffa
60aa
6100
0046
34c1
5341
51ca
fffa
609c
0c42
000f
671c
6100
0032
34c1
51ca
fff8
608a
60b2
60b0
60b8
60b6
60bc
60c6
60d2
60de
5349
0c46
0010
6602
5349
3009
e248
6402
5249
4cdf
78ff
4e75
360b
4844
6a0a
5346
0d05
6704
0043
1000
4844
6a0a
5346
0d05
6704
0043
0800
3205
3e06
9e4d
6428
3c07
0646
0010
4447
ef69
1a11
ef3d
de47
ca7b
702a
d245
300d
d040
c27b
0020
d243
1a19
e14d
1a19
4e75
6710
ee69
300d
d040
c27b
000a
d243
300d
6024
7c10
60d8
0001
0003
0007
000f
001f
003f
007f
00ff
01ff
03ff
07ff
0fff
1fff
3fff
7fff
ffff
9c40
0c46
0009
6406
5046
e145
1a19
4e75
3c48
7c00
2cc6
51cf
fffc
4e75
48e7
0480
61ee
304e
51cd
fffa
4cdf
0120
4e75
0828
0001
0002
6702
4e75
2268
0004
7200
1219
1159
0019
4a28
0002
6a04
5228
0019
3428
000c
0c42
0180
624c
3628
0008
1019
4880
d042
34c0
14d9
14c6
1019
8028
0018
14c0
14d9
1019
4a28
0002
6a08
086a
0003
fffe
1011
5249
4880
d043
3800
0444
0041
0c44
017f
6508
5d4a
51c9
ffc4
4e75
34c0
5206
51c9
ffba
4e75
2428
0010
d5a8
0008
2628
0014
d7a8
000c
4e75
21c9
fe30
2f09
31fc
0001
fe38
48a7
c000
3010
6728
0240
7ffc
2278
fe34
2271
0000
4e91
61ca
4a50
6714
2478
fe30
3c38
fe38
6100
ff44
31c6
fe38
21ca
fe30
4c9f
0003
d0c1
51c8
ffc8
2478
fe30
b5df
6706
422a
fffb
4e75
4292
4e75
50f8
fe28
4eb8
0d8a
4eb8
10f2
323c
ffff
203c
4000
0000
4eb8
0ae0
42b8
c106
6100
f99e
4eb8
0a2a
43fa
0318
4eba
f0ea
007c
0700
43f9
0001
1818
6100
061e
43f9
0000
1c6e
4eb8
0d9a
23fc
6660
0002
00c0
0004
43f9
0000
9f00
4eb8
0ede
7227
7415
203c
5300
0003
43f9
0000
bcda
4eb8
0c88
23fc
50c0
0003
00c0
0004
43f9
0000
c3ba
4eb8
0ede
721c
7402
203c
5412
0003
43f9
0000
c3d4
4eb8
0c88
720c
7403
203c
5594
0003
43f9
0000
c482
4eb8
0c88
720c
740a
203c
5782
0003
43f9
0000
c4ea
4eb8
0c88
7e0a
203c
6460
0003
41f9
0000
f4dc
23c0
00c0
0004
7c0f
33d8
00c0
0000
51ce
fff8
0680
0080
0000
51cf
ffe6
303c
6723
7e0a
23fc
52a8
0003
00c0
0004
33c0
00c0
0000
5840
51cf
fff6
23fc
5180
0003
00c0
0004
41f9
0000
f63c
3e3c
001f
23d8
00c0
0000
51cf
fff8
303c
668c
7e03
23fc
52c0
0003
00c0
0004
33c0
00c0
0000
5240
51cf
fff6
7e09
203c
7260
0003
41f9
0000
f6bc
23c0
00c0
0004
7c0f
33d8
00c0
0000
51ce
fff8
0680
0080
0000
51cf
ffe6
23fc
52c8
0003
00c0
0004
303c
6793
33c0
00c0
0000
23fc
52ca
0003
00c0
0004
303c
6793
33c0
00c0
0000
0839
0002
00a1
2003
66f6
0839
0000
00a1
2003
67f6
4279
0021
9e00
41f9
0022
0000
3e3c
7fff
4298
51cf
fffc
41f9
0000
c608
43f9
0020
0080
3e3c
055f
22d8
51cf
fffc
41f9
0000
db60
43f9
0020
1880
3e3c
057f
22d8
51cf
fffc
41f9
0000
db08
43f9
0022
0608
700a
7203
343c
0200
6100
044a
41f9
0000
f0e0
43f9
0023
f202
7010
7203
343c
0200
6100
0432
41f9
0021
a000
3e3c
17bf
20fc
0000
0000
51cf
fff8
08f9
0001
00a1
2003
67f6
027c
f8ff
203c
6582
0003
323c
0025
343c
0004
363c
0001
4eb8
15c0
203c
6802
0003
323c
0025
343c
0004
363c
00bf
4eb8
15c0
203c
6a82
0003
323c
0025
343c
0004
363c
017d
4eb8
15c0
203c
6d02
0003
323c
0025
343c
0004
363c
0475
4eb8
15c0
203c
7382
0003
323c
0025
343c
0004
363c
023b
4eb8
15c0
203c
7602
0003
323c
0025
343c
0004
363c
02f9
4eb8
15c0
203c
7882
0003
323c
0025
343c
0004
363c
03b7
4eb8
15c0
203c
7b02
0003
323c
0025
343c
0004
363c
0475
4eb8
15c0
23fc
4000
0010
00c0
0004
33fc
0120
00c0
0000
23fc
4002
0010
00c0
0004
33fc
0120
00c0
0000
4a38
fe51
670c
7002
6100
01ae
11fc
0001
fe52
4eb8
0d70
43f9
0000
1e98
4eb8
0420
4238
fe28
6100
f69a
1e3c
0082
4eb8
10f6
4ef8
09ca
8238
8300
8406
8500
8b00
8d00
9011
0000
0031
0000
00ee
00ae
006e
000e
0e0c
0e60
0ce0
00e0
0000
0eec
0c00
0c20
0c40
0c60
0c80
0000
0000
08aa
0246
0864
0acc
0224
0466
0444
0666
0888
068a
0268
0aaa
0442
0000
0000
0000
0000
0246
0864
0acc
0000
0000
0000
0000
0888
0000
0000
0000
0000
0000
0000
0eee
6100
fc48
4a38
fe51
6738
4a38
fe52
6732
0838
0007
fe20
661c
4a38
fe52
6b0e
0c38
0040
fe3a
6616
50f8
fe52
6010
0c38
0040
fe3a
6708
4eb8
1354
4238
fe52
4eb8
09ca
60c2
6100
0172
31fc
0258
c100
4eb8
09ca
6100
f750
4a00
6bf4
0c78
0258
c100
660e
4a00
6704
7003
6002
7001
6100
00a2
5378
c100
6736
1238
fe20
0201
00f0
67ce
6b16
1e3c
00e0
4eb8
10f6
7001
7208
4eba
f6c4
7008
4ef8
0644
6100
f710
66e4
1e3c
00e0
4eb8
10f6
700c
4ef8
0644
4a00
6708
4eb8
147c
67e8
60ca
4eb8
09ca
4a38
fe52
6724
0838
0007
fe21
6600
e68a
0c38
0001
fe52
6706
5338
fe52
6028
0c38
0040
fe3a
6720
6000
e670
1038
fe20
0c00
0071
6600
0012
11fc
00ff
fe52
4238
c0ff
7000
6100
f584
1238
fe20
0201
00f0
6600
ff76
60a8
007c
0700
e548
4ebb
0008
027c
f8ff
4e75
6000
000e
6000
000e
6000
0036
6000
005e
4e71
4e75
6100
0082
23fc
6000
0003
00c0
0004
43f9
0000
f168
4eb8
0ede
721f
7400
203c
5e88
0003
43f9
0000
f220
4ef8
0c88
6100
0056
23fc
6000
0003
00c0
0004
43f9
0000
f260
4eb8
0ede
721a
7402
203c
5e0e
0003
43f9
0000
f362
4ef8
0c88
6100
002a
23fc
6000
0003
00c0
0004
43f9
0000
f404
4eb8
0ede
7216
7400
203c
5e90
0003
43f9
0000
f4ae
4ef8
0c88
323c
017f
203c
5e00
0003
4ef8
0ae0
6100
f5a4
4eb8
0d8a
0839
0000
00a1
2003
6700
0074
3639
0021
9e00
0c43
0003
6614
23fc
4000
0010
00c0
0004
33fc
0040
00c0
0000
6018
0c43
0007
661a
23fc
4000
0010
00c0
0004
33fc
0120
00c0
0000
6100
0208
6100
00e4
3639
0021
9e00
e34b
7000
303b
302c
e588
e448
4840
0080
4000
0000
343b
302c
e34b
223b
3036
4eb8
0bb2
08f9
0001
00a1
2003
67f6
4eb8
0d70
4e75
0020
17e0
2fa0
8ea0
4760
5f20
76e0
8ea0
0be0
0be0
0be0
0be0
0be0
0be0
0be0
0be0
0021
a000
0021
b7c0
0021
cf80
0021
e740
0021
a000
0021
b7c0
0021
cf80
0021
e740
2449
3600
34d8
51cb
fffc
d2c2
51c9
fff2
4e75
48e7
80bc
49f9
00a1
1100
40e7
007c
0700
38bc
0100
397c
0100
0100
0814
0000
66fa
41d1
4bf9
00a0
0000
3019
6714
45f0
0000
3019
47f5
0000
3019
16da
51c8
fffc
60e8
397c
0000
0100
38bc
0000
397c
0100
0100
46df
4cdf
3d01
4e75
3038
c108
e348
41fa
002c
d0c0
43f8
fb82
7e07
32d8
51cf
fffc
4278
c106
5278
c108
0c78
0008
c108
6604
4278
c108
08f8
0000
fe29
4e75
00ee
00ae
006e
000e
0e0c
0e60
0ce0
00e0
00ee
00ae
006e
000e
0e0c
0e60
0ce0
00e0
0ea2
0e82
0e62
0e42
0e20
0c00
0800
0ea2
0e82
0e62
0e42
0e20
0c00
0800
0e82
0e62
0e42
0e20
0c00
0800
0600
0e62
0e42
0e20
0c00
0800
0600
0400
0e42
0e20
0c00
0800
0600
0400
0200
0e20
0c00
0800
0600
0400
0200
0000
0eee
0ecc
0eaa
0c88
0a66
0844
0eee
0eee
0ecc
0eaa
0c88
0a66
0eee
0eee
0eee
0ecc
0eaa
0c88
0eee
0eee
0eee
0eee
0ecc
0eaa
0eee
0eee
0eee
0eee
0eee
0eee
0eee
0ecc
0eaa
0c88
0a66
0844
0ecc
0eaa
0c88
0a66
0844
0622
0eaa
0c88
0a66
0844
0622
0400
0c88
0a66
0844
0622
0400
0400
0a66
0a66
0844
0622
0400
0400
41f8
fbc6
5278
c102
0c78
0020
c102
6604
4278
c102
3038
c102
e448
e348
30bb
0010
317b
002c
0002
317b
0046
0004
4e75
0acc
08aa
0688
0466
0244
0466
0688
08aa
0acc
08aa
0688
0466
0244
0466
0688
08aa
0688
0466
0244
0466
0688
08aa
0acc
08aa
0688
0466
0244
0466
0688
08aa
0acc
08aa
0466
0244
0466
0688
08aa
0acc
08aa
0688
0466
0244
0466
0688
08aa
0acc
08aa
0688
6100
00ae
4eba
e848
007c
0700
4eba
29c4
50f8
d050
6100
0c5a
6524
0c38
0001
d002
671c
4238
d050
41f8
d300
43f8
f900
7000
323c
0080
7401
4eba
2a9e
48e7
6040
6100
0d46
6100
25d6
6100
1df8
6100
1c02
6100
2802
4a38
d050
6618
4cdf
0206
5342
6704
1342
fffb
5242
41f8
d380
7002
4eba
2a68
3039
00c0
0008
6b06
0c40
4000
63f2
6100
22fe
4eba
29a6
1038
d007
0200
00c0
6700
ff74
027c
f8ff
0800
0006
660e
7001
7210
4eba
f208
7010
4efa
e420
700c
4efa
e41a
50f8
fe28
4eba
eb58
4eba
e840
4eba
e7f0
43fa
00a4
4eba
e7f2
4eba
eeac
43f9
0000
22f4
4eba
e1d0
6100
0136
11fc
0001
d00c
11fc
0010
d00b
11fc
0010
d00d
4278
d166
6100
193c
6100
251a
6100
28d0
4eba
292c
42b8
f900
42b8
f904
21fc
0000
22ce
fe34
41f8
d300
7e7f
6100
f58a
6100
0100
31fc
000c
d400
4238
d003
6100
2a08
6100
2552
23fc
4000
0010
00c0
0004
23fc
0100
0100
00c0
0000
6100
f028
4238
fe28
4eba
e700
4eba
eaa2
4e75
0000
23da
0000
4b44
0000
2d7a
0000
2d7a
8334
8230
8407
855c
8d2f
8c89
9114
921c
0000
4eba
f196
6100
2a7a
08b8
0005
d007
670a
4638
d003
6706
6000
29ca
4e75
4eba
ea78
33fc
9011
00c0
0004
31fc
9011
fdd4
33fc
8700
00c0
0004
31fc
8700
fdc2
08b8
0001
d382
33fc
9114
00c0
0004
31fc
9114
fdd6
33fc
921c
00c0
0004
31fc
921c
fdd8
2c3c
5000
0003
6100
2daa
6100
22f4
23fc
4002
0010
00c0
0004
33fc
0100
00c0
0000
23fc
7c00
0002
00c0
0004
23fc
0000
0000
00c0
0000
4efa
e9e8
41f8
d000
702c
4258
51c8
fffc
4e75
41f8
d300
30bc
0004
117c
00a0
0018
217c
0001
3118
0004
42a8
0036
217c
0002
0001
0032
6100
f0c0
6712
217c
0001
0000
0032
6100
f0ac
6604
42a8
0032
4268
0024
6000
02a4
6100
0806
43e8
0044
7000
6100
f10c
0838
0003
d008
6702
4e75
0838
0007
fe20
6648
4a38
d003
670a
0838
0004
fe21
6600
012e
4a38
d003
670a
0828
0001
0002
6702
4e75
3028
0024
4efb
0002
6000
00ca
6000
00e6
6000
0290
6000
0348
6000
05ee
6000
05e4
6000
0658
6000
067c
1038
fe21
0800
0007
6740
4aa8
0032
6608
6100
f022
6700
0742
6100
f020
6600
0024
4a68
0024
660c
0ca8
0002
0001
0032
6700
0728
6100
0646
217c
0002
0001
0032
6000
01fa
6100
0636
6000
01f2
0200
007c
6700
01ea
6108
6100
01e4
6000
06fe
4268
0034
0800
0006
661a
0800
0005
661a
0800
0004
662a
0800
0003
662c
317c
0004
0032
4e75
4268
0032
4e75
317c
0001
0032
0838
0002
d008
6706
317c
0002
0032
4e75
317c
0003
0032
4e75
317c
0005
0032
4e75
1038
fe20
0200
0070
6604
6100
0074
6100
017e
1038
fe21
0200
0070
6600
0690
4e75
0828
0001
0002
6600
0166
1038
fe20
0200
0060
6602
614a
6100
0156
1038
fe21
0200
0060
6600
0668
4e75
0868
0001
0002
1038
d004
5200
0200
0003
0238
00fc
d004
8138
d004
0c00
0003
6606
6100
2218
6004
6100
21d4
0838
0000
d004
6700
2182
6000
21a2
1238
fe21
6100
ef02
6620
0201
0005
6706
42a8
0032
4e75
1238
fe21
0201
000a
6708
217c
0001
0001
0032
4e75
4a68
0034
6676
0801
0002
670c
4a68
0032
6728
5368
0032
6022
0801
0003
671c
0838
0001
d009
6708
0c68
0007
0032
6006
0c68
0007
0032
6404
5268
0032
0838
0002
d004
6700
00a2
0801
0001
6700
009a
317c
0001
0034
3428
0032
43fa
0080
1431
2000
6100
ee84
6712
0c42
0001
6604
7400
6008
0c42
0002
6602
7403
3142
0032
6068
0801
0002
671e
4a68
0032
673a
0c68
0003
0032
660a
6100
ee52
6704
5568
0032
5368
0032
609a
0801
0003
671c
0c68
0003
0032
6414
4a68
0032
660a
6100
ee2e
6704
5468
0032
5268
0032
0801
0000
671c
4268
0034
3428
0032
117b
200e
0033
600c
0000
0001
0102
0203
0204
0507
7000
317c
00f6
000c
3028
0034
6706
317c
0108
000c
e740
d068
0032
3140
0030
d040
317b
0006
0008
4e75
00a8
00d0
00f0
0110
0138
0158
0180
01a0
00e0
0130
0170
01a0
1038
fe20
0200
0070
6604
6100
0014
6100
0076
1038
fe21
0200
0070
6600
04c2
4e75
1238
fe21
0c68
0003
0034
6748
0801
0002
670c
4a68
0032
6718
5368
0032
6012
0801
0003
670c
0c68
0002
0032
6404
5268
0032
0801
0001
671e
0c68
0002
0034
6510
0c68
0003
0034
641e
0c68
0001
0032
6616
5268
0034
6010
0801
0000
670a
4a68
0034
6704
5368
0034
4e75
3028
0034
3200
d040
317b
001e
000c
d240
3028
0032
d240
0641
000c
3141
0030
d040
317b
000e
0008
4e75
0120
0130
0140
0150
00e0
0130
0188
1238
fe21
0c68
0001
0034
6700
00a4
6200
0110
1001
0200
0070
6600
026e
0801
0003
670a
317c
0002
0032
6000
01a6
4a68
003c
6632
0801
0002
6700
0014
4a78
d168
6700
0190
317c
0001
0032
6000
0186
0801
0001
6700
017e
317c
0001
0034
3168
003e
0032
6000
0188
0801
0002
6700
000a
4268
0032
6000
015e
0801
0001
6700
0156
4a78
d168
6700
014e
317c
0002
0034
3028
0040
d078
d03e
b078
d168
650e
3038
d168
9078
d03e
5340
3140
0040
3168
0040
0032
6000
013c
1001
0200
0070
6600
0158
0801
0000
6700
0016
3168
0032
003e
4268
0034
317c
0002
0032
6000
00fc
0801
0001
6700
0024
4a78
d168
6700
0106
3168
0032
003e
5268
0034
3038
d166
9078
d03e
3140
0032
6000
00ec
3038
d100
3438
d03c
6100
007e
b478
d03c
6700
00d8
31c2
d03c
6100
1c2e
6000
00cc
1001
4a68
003c
6708
0200
0070
6600
0110
0801
0000
6700
002a
4a68
003c
660e
5368
0034
3168
003e
0032
6000
00a0
3168
0032
0040
4268
0034
317c
0002
0032
6000
0072
3038
d168
4a68
003c
6602
5240
3438
d03e
6100
0016
b478
d03e
6700
0070
31c2
d03e
6100
1bde
6000
0064
1228
0044
0801
0003
671e
3628
0032
d642
5243
b640
641c
0c68
0009
0032
6406
5268
0032
600e
5242
600a
0801
0002
6704
6100
0004
4e75
4a68
0032
6706
5368
0032
4e75
4a42
6702
5342
4e75
317c
0120
000c
3028
0032
d040
317b
0006
0008
4e75
00f0
0130
0170
317c
0138
000c
0c68
0001
0034
6706
317c
0148
000c
3028
0032
c0fc
0018
0640
00ce
3140
0008
4e75
3028
0032
d078
d03c
43f8
d102
1031
0000
6100
1232
6516
3038
d166
9078
d03e
0c40
000a
6504
5278
d03e
6100
1b26
4e75
3028
0032
d078
d03e
6100
1254
40e7
611a
6100
1b10
46df
6704
6192
4e75
4268
003c
42a8
0032
6124
6000
ff6a
3028
0032
3238
d03e
d041
b078
d168
650e
4a41
6706
5378
d03e
4e75
5368
0032
4e75
3028
0032
0c40
0002
6700
0006
3140
003c
0640
0018
3140
0030
6000
0180
4df8
d00d
6004
4df8
d00b
1038
fe21
1200
0201
0070
670e
6100
02aa
6100
136c
7206
6000
17e2
1228
0044
1416
0801
0000
6718
7201
44fc
0004
c501
0c02
0059
6326
7401
11fc
0014
fe24
601c
0801
0001
6718
7201
44fc
0004
8501
0c02
0001
6c08
7459
11fc
0014
fe24
1c82
317c
00d8
000c
317c
0138
0008
1216
6000
1306
0c78
0000
d020
6700
0242
1238
fe21
0201
0070
6712
0c78
0100
d020
660a
701a
6100
0438
6000
0226
4e75
4a38
d003
666e
3028
0024
4efb
0002
6000
0042
6000
005a
6000
0028
6000
0024
6000
0014
6000
0010
6000
0006
6000
0008
6100
0f10
600c
610a
7206
6100
172a
6000
12aa
6100
0da0
6100
196c
4268
0024
4a38
d003
661c
0838
0002
d008
670a
217c
0002
0000
0032
4e75
217c
0001
0000
0032
4e75
7019
6000
03be
0838
0000
d004
6608
3028
0024
4efb
0002
4e71
4e75
6000
0038
6000
0026
6000
0022
6000
000e
6000
000a
6000
0012
6000
0002
610e
6100
1240
7206
6000
16b6
6100
0e8e
6100
0d2c
6100
18f8
317c
0004
0024
0838
0002
d008
670a
217c
0002
0000
0032
4e75
217c
0001
0000
0032
4e75
0c68
0004
0024
6706
43fa
0014
6004
43fa
002a
3028
0030
1031
0000
6000
0336
0102
0306
0405
0708
1f15
0c0e
0910
0a0f
1216
1c14
1320
2020
2122
2300
0102
0306
0405
1817
1f15
0c19
1309
0628
0040
0021
641c
1028
0021
5200
0240
000f
1140
0021
d040
31fb
000c
fbb8
08f8
0000
fe29
4e75
0000
0222
0444
0666
0888
0aaa
0ccc
0eee
0eee
0ccc
0aaa
0888
0666
0444
0222
0000
0ce8
0000
0ac6
08a4
0682
0a64
0462
0442
0222
0eee
0000
0eee
0ce8
0ac6
0a64
08a4
0682
0462
0eee
0000
0eee
0eee
0eee
0a64
0ce8
0ac6
08a4
0eee
0000
0eee
0ce8
0ac6
0a64
08a4
0682
0462
21fc
0001
0000
d332
4a38
d003
6606
21f8
d336
d332
31f8
d33a
d330
08b8
0001
d302
42b8
d336
4278
d324
08b8
0000
d004
08b8
0001
d004
4e75
21fc
0001
0000
d332
4a38
d003
6706
21f8
d336
d332
31f8
d33a
d330
08b8
0001
d302
42b8
d336
31fc
0004
d324
08b8
0000
d004
08b8
0001
d004
4e75
21f8
d336
d332
21fc
0000
0001
d336
31fc
0008
d324
4e75
21fc
0002
0000
d336
31fc
000c
d324
21fc
0002
0000
d332
42b8
d33e
4278
d33c
4e75
6130
7201
6100
1506
31fc
0010
d324
4e75
6120
7202
6100
14f6
31fc
0014
d324
4e75
6110
31fc
001c
d324
4e75
31fc
0018
d324
4e75
21f8
d332
d336
31f8
d330
d33a
42b8
d332
4e75
2f08
41f8
d300
6100
fd62
205f
42b8
d332
4e75
0c78
0010
d324
6706
0c78
0014
d324
4e75
08d0
0007
6618
217c
0001
3120
0004
317c
0140
000c
117c
00a0
0018
4268
0032
43f8
d300
0c69
000c
0024
6640
0838
0000
d004
6600
0038
4a69
003c
6630
08a8
0001
0002
0c69
0002
0034
660c
3029
0032
d078
d03e
31c0
d166
3038
d166
9078
d03e
c0fc
0018
0640
00c0
3140
0008
4e75
08e8
0001
0002
4e75
3038
d01c
6706
6106
003c
0001
4e75
41f8
d008
4dfa
e556
08b8
0000
d01d
6600
06da
08b8
0006
d01d
6600
07e4
08b8
0007
d01d
6600
045c
08b8
0000
d01c
6600
0436
08b8
0002
d01d
6600
0252
08b8
0004
d01d
6600
01d2
08b8
0005
d01d
6000
0002
1e38
fe45
0c78
1000
d020
6632
7e00
08f8
0004
d004
08f8
0000
d005
6100
0336
6100
032a
6100
041e
6100
fee8
7000
721e
6100
11e8
721b
6100
11e2
6100
11ba
6018
7000
720a
6100
11d4
4a38
d003
6704
303c
4000
720d
6100
11c4
6100
0d9e
6100
0dc0
08f8
0002
d004
6100
16bc
4a38
d034
6726
08f8
0006
d004
08e8
0006
0001
6100
0e3c
b238
d034
6404
11c1
d034
7000
1038
d034
5340
6100
0e0a
0838
0004
d004
6600
0006
6100
1d12
4e75
31c0
d000
50f8
d002
4e75
31fc
000b
d000
50f8
d002
4e75
6100
e572
6b10
08f8
0003
d004
6608
6100
1142
6100
1126
41f8
d008
4dfa
e438
3038
d000
e540
4efb
0002
6000
008e
6000
00a0
6000
0176
6000
0272
6000
0372
6000
0450
6000
0528
6000
05b4
6000
06de
6000
082c
6000
0858
6000
09b6
6000
09ea
6000
0a00
6000
0a08
6000
0a42
6000
0abe
6000
0aba
6000
0b30
6000
0ba0
6000
0b64
6000
0bc0
6000
08b6
6000
0bc8
6000
0bd8
6000
09f4
6000
0a76
6000
0300
6000
0972
4e71
4e75
4e71
4e75
6000
073e
6000
0752
6000
076c
6000
07ac
6000
08d6
0838
0001
d04a
6600
01e8
0838
0002
d04a
6600
00de
4e75
4a38
d002
6a20
0810
0000
6706
6100
00a6
6022
4278
d04a
0810
0002
6712
11fc
0001
d002
6000
04aa
4a38
fe3a
6702
4e75
7000
4e96
610a
4278
d000
4238
d002
4e75
7002
6100
e414
08d0
0000
6100
1192
0238
0003
d004
08b8
0000
d005
6100
04ba
7e00
6100
0c0e
6100
08ea
11fc
0010
d00b
11fc
0010
d00d
6100
08b2
6100
15ea
4238
d034
4238
fe45
4278
fe40
72ff
6100
e416
6100
0ff6
6100
0fda
7000
721e
6100
0ff6
721b
6100
0ff0
303c
c000
7200
6000
0fe6
0890
0000
6602
4e75
323c
01ff
7012
4e96
0890
0000
08b8
0002
d004
6100
110e
303c
0000
7200
6100
0fbe
023c
00fb
4e75
61d0
6708
11fc
0001
d002
4e75
0838
0004
d004
666a
0838
0002
d004
661e
6100
00c2
6100
00d6
08f8
0002
d04a
08b8
0001
d04a
6700
004c
6100
01aa
6044
4278
d04a
0810
0001
6718
4a38
d04c
663c
0890
0001
08d0
0002
7006
4e96
6100
0188
6014
08d0
0002
661c
614e
6706
704e
4e96
6004
704c
4e96
6100
006e
6100
0082
7204
6100
10fa
4278
d000
4238
d002
4e75
0890
0001
6100
0152
08d0
0002
611c
704e
4e96
6100
0044
6100
0058
7204
6100
10d0
4278
d000
4238
d002
4e75
0828
0002
0001
670a
6100
0c0c
6100
1400
6010
3010
0240
400c
6608
7200
1238
d034
6604
6100
0b70
3010
0240
400c
4e75
303c
4000
6000
0004
7000
7201
6000
0ec8
303c
4000
6000
0004
7000
7203
6000
0eb8
6100
fed0
6708
11fc
0001
d002
4e75
0838
0004
d004
6600
0094
0838
0002
d004
6600
0012
61c4
61d2
6100
0094
08f8
0001
d04a
6078
4278
d04a
3010
3238
d01e
b340
0800
0009
6600
006e
0810
0002
6630
0810
0001
6656
08d0
0001
08d0
0002
303c
4000
6100
0088
6194
7205
6100
100e
6100
ff46
6706
7050
4e96
6034
701c
4e96
602e
0810
0001
6626
0838
0004
d033
661e
2038
fe40
7204
4841
48e7
00c0
6100
e430
4cdf
0300
b078
d024
6506
610e
6002
6126
4278
d000
4238
d002
4e75
08d0
0001
7004
4e96
303c
4000
6126
7205
6100
0fb0
6100
ff2e
6000
ff1a
0890
0001
7006
4e96
6100
ff06
6100
ff1a
7206
6100
0f92
7000
7202
6000
0dca
0c78
0100
d020
660c
7004
4e96
4278
d000
4238
d002
4e75
3e10
0807
0008
6600
00c8
0838
0002
d004
6700
00be
0838
0004
d004
6600
00aa
0807
0001
6600
00a2
0807
000a
6770
3c38
d028
0c46
0002
6506
6100
0a0a
6004
6100
0a5e
11c1
d034
08f8
0004
d005
0238
00df
d005
3f01
303c
4000
7204
6100
0d58
7000
7205
6100
0d50
321f
08f8
0006
d004
08e8
0006
0001
0247
400c
6712
0810
0001
6706
7050
4e96
6042
704e
4e96
603c
0810
0001
6706
701c
4e96
6030
704c
4e96
602a
0807
0002
6624
6100
09f8
11c1
d034
08f8
0006
d004
08e8
0006
0001
303c
4000
7204
6100
0cf4
11fc
0014
d056
4278
d000
4238
d002
4e75
5338
d034
6704
6b02
60d0
11fc
0001
d034
60c8
3e10
0807
0008
6600
00c0
0838
0002
d004
6700
00b6
0838
0004
d004
6600
00a2
0807
0001
6600
009a
0807
000a
6700
0066
6100
0952
6700
008a
11c1
d034
08f8
0005
d005
0238
00ef
d005
3f01
303c
4000
7205
6100
0c80
7000
7204
6100
0c78
321f
08f8
0006
d004
08e8
0006
0001
0247
400c
6712
0810
0001
6706
7050
4e96
6044
704e
4e96
603e
0810
0001
6706
701c
4e96
6032
704c
4e96
602c
0807
0002
6626
6100
08e8
6720
11c1
d034
08f8
0006
d004
08e8
0006
0001
303c
4000
7205
6100
0c1a
11fc
0014
d057
4278
d000
4238
d002
4e75
5238
d034
0c38
0063
d034
63ce
11fc
0063
d034
60c6
0810
0002
661c
4a78
d04a
6710
6100
fd20
6100
fd14
6100
fe08
4278
d04a
0810
0001
6706
610e
6100
056a
4278
d000
4238
d002
4e75
7002
4e96
0890
0002
0890
0001
7206
6100
0d72
6100
082c
6100
083a
11c1
d034
08b8
0006
d004
08a8
0006
0001
1638
fe43
6100
0810
4238
fe43
6100
0526
6100
fcc0
6100
fdac
6000
fcb0
0810
0003
67b8
6100
011c
6100
01d6
4278
d000
4238
d002
60a6
3010
0800
000a
6700
00ea
0800
0001
6600
00e2
3238
d01e
b141
0801
000a
6600
00d4
0801
0009
6600
00d4
0801
000b
6600
00cc
4a38
d002
6a00
0098
0c78
0100
d020
6726
0c78
0500
d020
6600
00aa
0838
0001
d033
6600
00a0
0240
400c
670c
6100
0798
b238
d02c
6600
008e
08d0
0003
0890
0004
11fc
0001
d002
303c
4000
7206
6100
0ae8
3010
0240
400c
6624
6100
076c
b238
fe44
6638
0c78
0005
d028
6230
08e8
0005
0001
08e8
0000
0001
701c
4e96
4e75
0c78
0005
d028
6216
08e8
0005
0001
08e8
0000
0001
6100
0734
7050
4e96
4e75
700a
4e96
4e75
1038
fe20
0200
0070
6622
6132
08a8
0000
0001
670c
0810
0001
660a
7006
4e96
6004
700c
4e96
4278
d000
4238
d002
4e75
0810
0003
6602
4e75
08e8
0000
0001
4e75
0810
0004
6606
0890
0003
6602
4e75
08a8
0005
0001
7002
6100
de06
7000
7206
6000
0a38
3010
0800
000a
6700
008a
0800
0001
6600
0082
3238
d01e
b141
0801
000a
6674
0801
0009
6676
0801
000b
6670
4a38
d002
6a4a
0c78
0100
d020
6708
0c78
0500
d020
6652
2038
fe40
7204
4841
48e7
00c0
6100
dffa
4cdf
0300
b078
d024
6404
6000
fd0a
08d0
0003
08d0
0004
11fc
0001
d002
7008
4e96
303c
4000
7207
6000
09be
0838
0001
d033
6618
1038
fe20
0200
0070
660e
700c
4e96
610a
4278
d000
4238
d002
4e75
0890
0004
6706
0890
0003
6602
4e75
7002
6100
dd4e
0890
0004
7000
7207
6000
097c
0810
0000
6608
6100
0cbe
6100
f5ec
4278
d000
4238
d002
4e75
4a38
d003
6706
6100
f5a0
6004
6100
f564
6100
0d5e
4278
d000
4238
d002
4e75
303c
4000
7218
6100
093c
7000
7219
6100
0934
3038
d166
9078
d03e
6514
0c00
0009
6318
3038
d166
0440
0009
31c0
d03e
6006
31f8
d166
d03e
6100
0d84
4278
d000
4238
d002
4e75
7000
7218
6100
08fa
303c
4000
7219
6100
08f0
4278
d000
4238
d002
4e75
4278
d000
4238
d002
0810
0000
6702
4e75
0850
0005
670e
0890
0005
7000
720e
6100
08c4
4e75
303c
4000
720e
6100
08b8
4e75
4a78
d168
673a
0810
0006
6708
6100
0242
6148
602c
0810
0002
6708
0828
0001
0001
661e
303c
4000
7210
6100
088a
6100
04c8
4278
d03a
6100
0d88
08d0
0006
6000
f948
4278
d000
4238
d002
4e75
4a78
d168
670a
303c
4000
7213
6000
085c
08b8
0006
d008
6708
6100
0454
4238
d034
7000
4a78
d168
6704
303c
4000
7213
6100
083a
6100
0d40
08b8
0006
d008
7000
7210
6000
0828
0838
0002
d004
6742
4a38
fe45
673c
6100
dc2c
6736
0810
0002
6706
0810
0006
662a
303c
4000
7213
6100
07fe
6100
f48e
6100
053a
7200
6100
09b0
6100
0bbe
6100
0c48
6100
0c5c
08e8
0007
0001
4278
d000
4238
d002
4e75
4278
d000
4238
d002
6100
0b14
6100
f442
08b8
0007
d009
4a78
d168
6700
ff5c
0838
0006
d008
6714
0838
0002
d008
660c
6100
03e4
4278
d03a
6100
0ca4
303c
4000
7213
6100
0790
4e75
4278
d000
4238
d002
0890
0006
6706
6100
0118
610e
6100
02c0
7000
7213
6100
076e
4e75
6100
02b2
6100
ff0a
6100
0364
4278
d166
4238
d034
6000
0c5e
303c
4000
7214
6100
074a
11fc
0014
d055
6100
0142
6100
fee2
6100
fe6a
6100
00d0
6100
01da
6100
01a0
11fc
0001
d00c
4278
d000
4238
d002
4e75
303c
4000
720c
6100
0712
08f8
0006
d007
4278
d000
4238
d002
4e75
4278
d000
4238
d002
4e75
4e75
6100
008e
6100
f334
6100
0d08
303c
4000
720d
6100
06e0
6016
6100
f2ea
720d
0838
0004
d004
6702
721e
7000
6100
06c8
08f8
0005
d007
4278
d000
4238
d002
4e75
0810
0002
6742
4a38
d003
663c
0828
0001
0001
6632
0810
0001
662e
0c78
0100
d020
6626
2038
d024
3238
d1ce
1001
21c0
d010
21f8
d028
d018
303c
2000
7211
6100
0678
6100
f352
6002
610a
4278
d000
4238
d002
4e75
08b8
0001
d009
7000
7211
6000
0658
21f8
d024
d014
303c
4000
7211
6100
0648
08f8
0001
d009
4278
d000
4238
d002
4e75
0828
0002
0001
6706
612e
61c6
6020
0828
0001
0001
6618
08e8
0002
0001
303c
4000
720f
6100
0612
0810
0002
6600
f6dc
4278
d000
4238
d002
4e75
08a8
0002
0001
6602
4e75
303c
0000
720f
6100
05ec
0810
0006
6714
6100
0224
0810
0002
6712
1038
d035
6100
0234
6008
6100
01d2
4238
d034
6100
0256
11c1
d034
6000
0ac8
0810
0000
6620
0828
0001
0001
6618
0850
0007
6610
303c
4000
7212
6100
05a0
6100
f250
6002
610a
4278
d000
4238
d002
4e75
0890
0007
7212
7000
6000
0582
0810
0000
661a
0868
0004
0001
6704
611a
600e
303c
4000
7215
6100
0566
6100
f226
4278
d000
4238
d002
4e75
08a8
0004
0001
7000
7215
6000
054a
5238
d00a
0238
0003
d00a
6100
07a8
7216
303c
4000
6100
0532
11fc
0014
d054
4278
d000
4238
d002
4e75
08f8
0007
d007
4278
d000
4238
d002
4e75
0810
0000
6620
0c38
000f
d00c
6418
5238
d00c
6012
0810
0000
660c
0c38
0001
d00c
6304
5338
d00c
1238
d00c
6100
0344
6100
0218
4278
d000
4238
d002
4e75
0838
0002
d008
6706
b238
fe43
4e75
023c
00fb
4e75
6100
014e
11c1
d034
4e75
48e7
0102
4278
d03e
4278
d168
4278
d166
4df8
d16a
7e18
429e
51cf
fffc
4cdf
4080
4e75
43f8
d168
0c51
0063
6738
5251
5278
d166
48e7
6000
3238
d166
3411
b441
671a
48e7
0060
45f1
2002
d2c2
5249
9441
5342
1521
51ca
fffc
4cdf
0600
1380
1001
4cdf
0006
4e75
003c
0001
4e75
43f8
d168
4a51
6720
5351
3211
9240
13b1
0003
0002
5240
51c9
fff6
3211
b278
d166
6404
31c1
d166
4a51
4e75
48e7
c040
7000
4a07
6712
1238
fe44
43f8
d102
12c1
5240
5241
b207
63f6
31c0
d100
4cdf
0203
4e75
48e7
c060
0838
0002
d008
6604
616c
6006
617a
48e7
4000
43f8
d100
45f8
d1d0
3019
34c0
14d9
51c8
fffc
0838
0002
d008
6708
4cdf
0001
6100
0026
4cdf
0603
4e75
48e7
0060
43f8
d1ce
4259
45f8
d168
32da
7018
22da
51c8
fffc
4cdf
0600
4e75
48e7
4060
43f8
d1ce
45f8
d1d2
7200
b01a
6704
5241
60f8
3281
4cdf
0602
4e75
4278
d1ce
4e75
b078
d1ce
6704
31c0
d1ce
4e75
2f09
43f8
d1ce
3211
1231
1004
225f
4e75
2f09
43f8
d1d0
3219
5341
1231
1000
225f
4e75
48e7
0040
43f8
d1ce
5251
3219
b259
651e
0838
0005
d008
6708
4269
fffc
7200
600e
5341
3341
fffc
7200
4cdf
0200
4e75
1231
1000
4cdf
0200
4e75
2f09
43f8
d1ce
5351
6a14
0838
0005
d008
670a
3229
0002
5341
3281
6002
4251
3211
1231
1004
225f
4e75
43f8
d1ce
4259
3619
3803
5343
3004
6100
d868
1431
3000
13b1
0000
3000
1382
0000
51cb
ffea
4e75
203c
54ac
0003
7401
6000
0182
23fc
54ac
0003
00c0
0004
23f8
e9e6
00c0
0000
23fc
552c
0003
00c0
0004
23f8
e9e6
00c0
0000
4e75
7000
7200
0838
0004
d004
662c
0838
0002
d004
6610
0838
0006
d004
671c
7200
1038
d034
6614
1038
d02c
0c00
00ff
67f6
3238
d022
0c41
ffff
67ec
4bf9
00c0
0000
4df8
d035
1c80
31c1
d036
49fa
0090
7401
3f02
121e
6100
00a2
201c
6100
0100
201c
341f
6100
00ac
7400
0c78
0800
d020
6724
3038
d008
3238
d01e
0800
000a
6736
b141
0801
000a
660e
3038
d032
0240
00c0
0c40
00c0
6720
08f8
0007
d005
201c
6100
0114
201c
6100
0134
201c
6100
0108
201c
6100
0128
601e
08b8
0007
d005
121e
201c
6100
009c
201c
614a
121e
201c
6100
0090
201c
613e
1238
d00c
6120
201c
6034
5496
0003
429e
0003
54bc
0003
42a8
0003
54c2
0003
42ae
0003
42b8
0003
3f06
0281
0000
00ff
82fc
000a
3c01
e946
4841
d206
3c1f
4e75
0838
0000
d004
6742
0838
0001
d004
663a
48e7
c000
23c0
00c0
0004
1001
0240
00f0
660a
4a42
6708
7400
700a
6002
e848
0640
85e1
33c0
00c0
0000
0241
000f
0641
85e1
33c1
00c0
0000
4cdf
0003
4e75
48e7
fe06
4df8
f87e
4bf9
00c0
0000
2b40
0004
1801
e841
6124
3c05
4845
3a85
3204
611a
4845
3a85
0680
0080
0000
2b40
0004
3a86
4845
3a85
4cdf
607f
4e75
0241
000f
6608
4a42
6704
7230
6004
d241
d241
7400
2a36
1000
4e75
4bf9
00c0
0000
2b40
0004
3ab8
f8aa
3ab8
f8aa
0680
0080
0000
2b40
0004
3ab8
f8ac
3ab8
f8ac
4e75
0838
0000
d004
6712
0838
0001
d004
660a
2b40
0004
2abc
85f2
85f2
4e75
7000
41f8
d054
7216
6100
0066
7214
6100
0060
7204
6100
005a
7205
6100
0054
7200
0838
0000
d005
6618
7000
7204
0838
0004
d005
661c
7205
0838
0005
d005
6612
4e75
7000
0638
0020
d006
6a5a
303c
4000
6054
0838
0007
d005
6610
0838
0006
d005
670e
0238
008f
d005
603c
08f8
0006
d005
4e75
4a18
670a
5328
ffff
6604
6000
0028
4e75
6100
d43e
670c
6100
d432
6706
7000
721c
6012
7000
720b
600c
7000
720c
6100
d422
6702
721d
43fa
004c
0c41
001f
6502
4e75
0c41
001b
641e
0c41
000d
6318
0c41
0017
630a
0c78
0002
d04e
66e4
6008
0c78
0001
d04e
66da
48e7
fc04
e741
d2c1
3600
4c91
0207
4840
303c
0003
4eba
cc2c
4cdf
203f
4e75
5686
0002
0001
f568
568e
0004
0001
f574
5698
0002
0001
f588
56a0
0002
0001
f594
56a8
0003
0001
f5a0
56b0
0003
0001
f5b0
56ba
0003
0001
f5c0
56c2
0003
0001
f5d0
56ba
0003
0001
f5c0
56c2
0003
0001
f5d0
580a
0007
0000
f71e
5820
0006
0000
f72e
5832
0004
0000
f73c
5840
0003
0000
f746
598e
0005
0000
f74e
59a2
0005
0000
f75a
59b4
0008
0000
f766
5a8a
0008
0000
f778
5aa4
0003
0000
f78a
5ab4
0008
0000
f792
5b8e
0004
0000
f7a4
5ba4
0004
0000
f7ae
5bba
0003
0000
f7b8
5ca4
0003
0000
f7c0
5992
0005
0000
f7c8
59a2
0005
0000
f7d4
59b4
0003
0000
f7c0
580a
0007
0000
ecfe
5820
0006
0000
ed14
5832
0004
0000
ed14
5840
0003
0000
ed14
7000
7200
6004
7000
720a
43fa
002c
0c41
000a
6302
4e75
48e7
fc04
d241
d2c1
d241
d2c1
3600
4c91
0203
4840
303c
0003
6100
01c0
4cdf
203f
4e75
5606
0002
f5e0
5610
0002
f5e6
5618
0002
f5ec
5620
0002
f5f2
5628
0007
f5f8
5628
0007
f5f8
563a
0007
f608
563a
0007
f608
563a
0007
f618
563a
0007
f618
5606
0002
f628
2f09
6100
eb46
660c
0c41
0001
6706
0c41
0002
6670
203c
551c
0003
48e7
c000
720a
43f8
e9e6
6100
013e
4cdf
0003
4a38
d003
6716
0c41
0004
652c
48e7
e000
6100
0414
4cdf
0007
7203
601c
0c41
0006
6516
0838
0001
d008
660c
0838
0002
d008
6726
7204
6002
7205
3f01
43fa
0020
d241
d2c1
d241
d2c1
4840
d059
4840
4c91
0202
4eb9
0000
4384
321f
225f
4e75
0000
0009
f830
0004
0003
f844
0004
0004
f84c
0000
0007
f856
0004
0005
f866
0004
0005
f872
7000
1038
d00a
c0fc
000c
43f8
f800
d2c0
203c
54b0
0003
7205
6000
009e
203c
5084
0003
43f8
e8c0
7223
7411
4eba
c990
7000
7200
7e06
6100
feae
5241
51cf
fff8
61c0
6164
43f8
f7f8
203c
5532
0003
7203
6168
23fc
54c0
0003
00c0
0004
33f8
f8a6
00c0
0000
23fc
5540
0003
00c0
0004
33f8
f8a8
00c0
0000
323c
0000
7e0d
7000
0c41
0003
660c
0838
0002
d008
6604
303c
4000
6100
fd04
5241
51cf
ffe4
6100
0430
6100
0792
4278
d04e
4e75
43f8
f7e0
6004
43f8
f7ec
203c
550a
0003
7205
23c0
00c0
0004
33d9
00c0
0000
51c9
fff8
4e75
23c0
00c0
0004
3819
8843
33c4
00c0
0000
51c9
fff4
4e75
08b8
0002
d058
6706
08f8
0000
d058
720a
303c
c000
6100
fc9e
31fc
0001
d04e
203c
5904
0003
43f8
edd0
4a38
d003
6704
43f8
f058
7223
7408
4eba
c8a4
45fa
0040
3438
d008
720e
161a
6b0a
0702
6706
303c
4000
600e
0c03
00fe
6606
4a78
d168
66ee
7000
6100
fc52
5241
0c41
0017
63d8
7206
6100
fe04
6100
06f4
6100
ff4e
4e75
0d02
0e01
0ffe
ff04
ffff
31fc
0002
d04e
203c
5904
0003
43f8
f2e0
7223
7408
4eba
c840
303c
4000
7218
6100
fc0e
7000
5241
6100
fc06
7000
5241
6100
fbfe
6100
06c6
6100
ff0e
4e75
720a
7000
6100
fbec
203c
5904
0003
43f8
ed88
7223
6100
ff00
203c
5984
0003
7223
7406
363c
8000
4eba
c8b6
4a38
d003
6704
363c
8001
2b40
0004
3a83
51c9
fffc
7206
6100
fd70
6100
0648
4278
d04e
6100
feb6
4e75
203c
5b10
0003
7400
3838
d03c
3c38
d100
43f8
d102
6000
00bc
203c
5c10
0003
7400
3838
d03e
3c38
d168
43f8
d16a
6000
00a4
3801
3c02
7400
6000
009a
0838
0002
d004
6766
0838
0004
d004
665e
203c
528c
0003
3238
d03a
7400
3638
d038
43f8
d1d2
b678
d1d0
6404
6100
00a8
3638
d1ce
31c3
d038
0838
0002
d008
6730
7200
3203
82fc
000a
5341
6a02
7200
b278
d03a
670e
31c1
d03a
48e7
5040
6114
4cdf
020a
203c
528c
0003
343c
2000
6000
0068
4e75
3438
d1d0
6700
00c2
203c
528c
0003
3238
d03a
43f8
d1d2
c2fc
000a
3801
3c02
7400
6106
0680
0080
0000
23c0
00c0
0004
7a09
6008
33f8
e9e6
00c0
0000
bc44
6f18
1231
4000
6100
0058
5244
51cd
ffe8
4e75
33f8
e9e6
00c0
0000
23f8
e9e6
00c0
0000
51cd
ffee
4e75
c2fc
000a
3803
9841
6b2c
0c04
0014
6426
4840
0c04
000a
6508
0640
0080
0444
000a
d844
d044
d844
d044
4840
23c0
00c0
0004
1231
3000
6102
4e75
6100
f8b8
3601
e84b
0243
000f
6602
760a
0643
85e1
d642
4843
3601
0243
000f
0643
85e1
d642
23c3
00c0
0000
4e75
4278
d03a
203c
528c
0003
721c
7401
3638
e9e6
4efa
c706
0440
0009
6a02
7000
4e75
6100
f750
7206
6100
fbc6
7206
7000
6000
fb4e
7203
6100
fbb8
7208
7000
6100
f9f0
1238
d00c
6100
f848
6000
f71c
33fc
9114
00c0
0004
31fc
9114
fdd6
33fc
921c
00c0
0004
31fc
921c
fdd8
2c3c
5000
0003
6100
0a2e
7000
7208
6100
fb06
08b8
0001
d382
4e75
33fc
9100
00c0
0004
31fc
9100
fdd6
33fc
9200
00c0
0004
31fc
9200
fdd8
2c3c
5000
0003
6100
0a2c
7000
7206
6100
fad0
08f8
0001
d382
4e75
33fc
9114
00c0
0004
31fc
9114
fdd6
33fc
921c
00c0
0004
31fc
921c
fdd8
08b8
0001
d382
4e75
33fc
9100
00c0
0004
31fc
9100
fdd6
33fc
9200
00c0
0004
31fc
9200
fdd8
08f8
0001
d382
4e75
4bf9
00c0
0000
2b7c
429a
0003
0004
2abc
85ec
85ee
2b7c
42a4
0003
0004
2abc
85ec
85ed
2b7c
42ac
0003
0004
3abc
85f1
2b7c
42b4
0003
0004
2abc
85ef
85f0
4e75
4bf9
00c0
0000
2b7c
429a
0003
0004
303c
8001
7213
3a80
51c9
fffc
4e75
42b8
d05a
42b8
d05e
4e75
4bf9
00c0
0000
2b7c
5388
0003
0004
3038
d02e
43f8
f62e
45f8
d040
6114
2b7c
5408
0003
0004
3038
d030
43f8
f66a
45f8
d044
156a
0002
0003
156a
0001
0002
1552
0001
14c0
d01a
d01a
d01a
e408
5240
721c
9240
3a99
51c8
fffc
43e9
0078
4a41
6b06
3a99
51c9
fffc
4e75
6100
001e
43f8
e000
203c
7000
0003
7227
741b
4eba
c478
6100
02d2
6100
fad0
4e75
41fa
0044
2258
4eba
c576
6126
2018
670c
2258
2218
3418
4eba
cd4e
60f0
3458
3018
6708
2258
4eba
ce82
60f4
31fc
855e
fe2c
4e75
23d8
00c0
0004
2018
6708
2240
4eba
c682
60f4
4e75
0000
494c
4400
0002
0001
1c44
0001
2084
0001
25ea
0001
1c00
0001
1d7c
0001
20a8
0001
2856
0001
222a
0001
2422
0001
21c6
0001
25f6
0000
0000
73c0
0002
0000
9c00
0001
1011
0001
73e0
0002
0000
9d08
0001
1011
001a
7720
0002
0000
9c70
0001
1011
0001
6ae0
0002
0001
29f4
444d
d4dd
000a
6c20
0002
0001
2a44
eeed
dedd
0017
6f00
0002
0001
2afc
eeed
dedd
0026
7c20
0002
0001
2c2c
555d
d5dd
0025
0000
0000
e000
a43a
0001
2d4c
8444
0001
2e10
847a
0001
2ec2
848f
0001
30ae
84b0
0001
3018
84d4
0001
3042
84f5
0001
2fa8
8507
0001
3084
8557
0001
30a2
8561
0001
307a
8578
0001
306e
85e1
0001
3054
0000
003f
0000
0eee
0eee
022e
00e0
008c
0eca
0ea8
0c86
0a64
0842
0622
0222
0000
04c6
0840
0000
0eee
04e2
064c
0ccc
0000
0aaa
0888
0666
0a64
0444
0222
0222
006c
0022
0000
0000
0eee
00ec
0688
0ccc
006c
0eca
0ea8
0c86
0a64
0842
0622
00ec
0000
04c6
0840
0000
0000
0000
0000
0000
0000
0000
0000
0000
0000
0000
0000
0000
0000
0000
0000
41f8
d058
0810
0000
664a
0810
0002
6620
4a38
d003
6700
0098
08d0
0002
11fc
00b4
d059
203c
5a0e
0003
43fa
00ba
6000
cb40
5328
0001
670e
4a38
d003
6708
0838
0000
d004
676a
08d0
0000
0890
0002
203c
5a0e
0003
604e
0810
0001
6654
0810
0003
6626
4a38
d003
6748
0838
0000
d004
6740
08d0
0003
11fc
00b4
d059
203c
430e
0003
43fa
0030
6000
caea
5328
0001
6708
0838
0000
d004
661a
08d0
0001
0890
0003
203c
430e
0003
7219
7402
363c
8000
4eba
c2d2
4e75
4040
5052
4553
5340
5448
4540
4240
4255
5454
4f4e
4054
4f00
0044
4953
504c
4159
4054
4845
4043
4f4e
5452
4f4c
4050
414e
454c
5bff
4040
5052
4553
5340
5448
4540
4240
4255
5454
4f4e
4054
4f00
0052
454d
4f56
4540
5448
4540
434f
4e54
524f
4c40
5041
4e45
4c5b
ff00
41f8
d380
30bc
0008
117c
00e0
0018
317c
0090
0008
4e75
2f08
41f8
d380
217c
0001
316c
0004
317c
0118
000c
205f
4e75
2f08
41f8
d380
217c
0001
3128
0004
317c
0118
000c
205f
4e75
2f08
41f8
d380
217c
0001
316c
0004
317c
0154
000c
205f
4e75
4e75
4279
0020
0400
4e75
0839
0000
00a1
2003
66f6
40e7
007c
0700
43f9
0020
0000
31e9
0400
d01c
31e9
0402
d01e
31e9
0404
d020
31e9
0424
d022
21e9
0408
d024
21e9
040c
d028
11e9
0410
d02c
21e9
0426
d02e
31e9
042a
d032
3029
0564
6100
f144
46df
4e75
0839
0000
00a1
2003
66f6
40e7
007c
0700
43f9
0020
0000
3378
d01c
0400
3378
d008
042c
2378
d00a
042e
3378
d00e
0432
2378
d010
0434
2378
d014
0438
2378
d018
043c
43e9
04fe
45f8
d168
7033
22da
51c8
fffc
46df
4e75
43f9
0020
0000
45f8
d700
303c
0095
24d9
51c8
fffc
4e75
0828
0001
0002
6702
4e75
2268
0004
7200
1219
1159
0019
3428
000c
3628
0008
1019
4880
d042
34c0
14d9
14c6
1019
8028
0018
14c0
14d9
3019
d043
34c0
5206
51c9
ffe0
4e75
21c9
fe30
31c2
fe38
48a7
c000
3010
6728
0240
7ffc
2278
fe34
2271
0000
4e91
6100
cc42
4a50
6712
2478
fe30
3c38
fe38
618e
31c6
fe38
21ca
fe30
4c9f
0003
d0c1
51c8
ffc8
3438
fe38
2278
fe30
b3fc
ffff
f900
6706
4229
fffb
4e75
4291
4e75
4238
d003
23fc
4020
0000
00c0
0004
7007
23fc
ffff
ffff
00c0
0000
51c8
fff4
6100
03ea
6100
0438
4e75
0839
0000
00a1
2003
67f6
4eba
c0a8
33fc
9001
00c0
0004
31fc
9001
fdd4
33fc
8730
00c0
0004
31fc
8730
fdc2
23fc
4000
0010
00c0
0004
33fc
0020
00c0
0000
49f9
00c0
0004
3838
fdb6
08c4
0004
3884
33fc
0100
00a1
1100
303c
9501
223c
9711
9600
343c
4060
363c
0080
43f9
0022
0000
7c26
6100
034c
43e9
0400
5441
0642
0360
6a06
0442
4000
5243
51ce
ffe8
33fc
0000
00a1
1100
6100
018c
6100
f8f8
4eba
c000
4e75
0839
0000
00a1
2003
67f6
41f9
0020
e0fc
1178
d00c
ff88
49f9
00c0
0004
47ec
fffc
4a38
d003
6720
23fc
7c02
0002
00c0
0004
36b9
0020
e080
23fc
4002
0010
00c0
0004
36b9
0020
e082
08f8
0004
fdb7
38b8
fdb6
33fc
0100
00a1
1100
7e00
3c28
0002
bc50
6720
5068
0002
0268
07f8
0002
4dfa
004e
4a38
d003
6604
4dfa
006a
6128
0c47
07d0
63d8
4a38
d003
6708
08b9
0001
00a1
200e
33fc
0000
00a1
1100
08b8
0004
fdb7
38b8
fdb6
4e75
7000
3030
6006
2230
6008
3c30
6004
0c46
0020
6228
4ef6
6000
6000
0022
6000
0046
6000
009e
6000
0186
6000
01b4
6000
0202
6000
00aa
6000
00ce
6000
0128
4e75
6000
0022
6000
0020
6000
0078
6000
0016
6000
0012
6000
000e
6000
000a
6000
00a8
6000
0102
4e75
08b9
0001
00a1
200e
0800
0003
6714
08b8
0007
d004
6744
0647
07d1
6100
0272
4efa
bed4
08f8
0007
d004
6630
4a38
d003
672a
0647
07d1
4eba
bed8
38bc
8f01
28bc
9483
93a0
38bc
9780
28bc
4060
0080
1681
3814
0804
0001
66f8
38bc
8f02
4e75
0241
000f
d241
31c1
d048
43f8
fb80
3371
1060
001e
08f8
0000
fe29
4e75
45f8
fbe0
43f9
0020
e002
7007
24d9
51c8
fffc
3238
d048
43f8
fb80
3371
1060
001e
08f8
0000
fe29
4e75
6142
33fc
8f80
00c0
0004
31fc
8f80
fdd2
7c1a
2884
3680
5240
51cb
0006
0440
001b
51ca
000a
0284
707e
0003
2884
51ce
ffe6
33fc
8f02
00c0
0004
31fc
8f02
fdd2
0647
00b4
4e75
3401
3601
e04a
0242
00ff
0243
00ff
283c
6000
0003
4241
d881
4e75
0647
01a7
61e0
48e7
f800
611a
4cdf
001f
0684
0080
0000
0c84
7000
0003
6506
0484
1000
0000
5240
7c26
2884
3680
0640
001b
51cb
0006
0440
041d
51ca
000a
0284
7f80
0003
2884
51ce
ffe4
4e75
3400
0240
fffe
43f9
0022
0000
d3c0
6100
009e
e24a
641a
43e9
03d0
0681
0360
0000
6a00
008c
0481
4000
0000
5241
6100
0080
4e75
3c00
3601
0043
0080
4841
3401
5440
43f9
0022
0000
0240
fffe
d3c0
e248
223c
9711
0000
3200
e049
0041
9600
0240
00ff
0040
9500
6100
0068
e24e
6416
5441
43e9
0400
0642
0360
6a06
0442
4000
5243
6100
004e
4e75
0240
fffe
43f9
0022
0000
d3c0
7626
611a
43e9
03d0
0681
0360
0000
6a08
0481
4000
0000
5241
51cb
ffe8
4e75
2881
2699
2699
2699
2699
2699
2699
2699
2699
2699
2699
2699
2699
0647
0028
4e75
28bc
9401
93b0
3880
2881
3882
3f03
389f
3882
0243
ff7f
3883
0043
0080
2951
fffc
0647
00fa
4e75
363c
8000
203c
4304
0003
7223
7417
6100
bc84
2c3c
4200
0003
363c
8001
2006
6124
2006
0680
0d00
0000
611a
2006
0680
0100
0000
6108
2006
0680
014c
0000
7201
7417
6000
bc52
7227
7401
6000
bc4a
363c
8000
60ca
48e7
0e04
203c
6000
0003
7226
741a
363c
e003
4eba
c4a2
4cdf
2070
4e75
7001
720c
4eba
c2fa
4eba
b89a
43f9
0000
5182
4eba
b2e0
027c
f8ff
41f9
ffff
0000
303c
3ebf
7200
20c1
51c8
fffc
6100
c08c
4eba
c1a6
4eba
c1ba
65fa
303c
1fff
43f9
ffff
0000
41f9
0020
0000
22d8
51c8
fffc
72ff
6100
c2f6
7014
4efa
b4c4
6102
4e73
2f0d
4bf9
00a1
2001
08ed
0000
ffff
2a5f
4e75
2f38
fd08
3f38
fd06
2f09
50f8
fe28
21fc
0000
52f2
fdaa
31fc
4ef9
fda8
21fc
0000
53c4
fd08
31fc
4ef9
fd06
027c
f8ff
4eba
b862
4eba
b8aa
42b8
f900
42b8
f904
4eba
c38c
43fa
0130
4eb8
0da0
23fc
4020
0000
00c0
0004
4eb8
0ede
225f
4eba
bba6
23fc
6000
0000
00c0
0004
4eb8
0ede
d2fc
01d0
4eb8
0ede
d2fc
0206
303c
6100
45f8
e000
4eb8
16c4
303c
613f
4eb8
16c4
5349
203c
4b0c
0003
4eba
c30e
41f9
00a0
1100
303c
00df
4eba
be96
4eba
be4c
43f8
e000
203c
451a
0003
7211
7405
4eba
ba36
6100
009e
4238
fe28
4eba
bb12
21fc
0000
53e0
fe34
41f8
c000
3e3c
04ff
6100
c5ac
6100
0172
3e3c
003b
4eb8
09ca
51cf
fffa
3e3c
0038
7c00
4eb8
09ca
0606
001a
6a04
615e
6002
6160
51cf
ffee
3e3c
0081
4eb8
10f6
3e3c
0003
3f07
4eb8
09ca
41f8
d000
43f8
f900
700f
323c
0040
4eba
c606
3e1f
51cf
ffe4
3e3c
00f0
3f07
4eb8
09ca
41f8
c000
43f8
f900
704f
323c
0040
4eba
c5e4
3e1f
51cf
ffe4
31df
fd06
21df
fd08
4e75
43f8
e0d8
6004
43f8
e0f6
203c
4590
0003
7202
7404
4efa
b97e
002f
0000
0ee8
0000
0ee4
0ee0
0ec0
0000
0000
0000
0000
0000
0000
0000
0000
0000
0000
0000
0ec0
0000
0ee0
0ec0
0ea0
0000
0000
0000
0000
0000
0000
0000
0000
0000
0000
0000
0e80
0000
0ec0
0ea0
0e80
0000
0000
0000
0000
0000
0000
0000
0000
0000
0000
0004
8054
0e71
0083
0202
8403
06ff
1fa0
fc08
1dbf
01ba
edf8
0c0f
f05d
6ba0
3f81
f850
fe00
0408
0000
53a4
0000
53ac
0000
53b4
0000
53bc
0000
f800
0001
00fc
0000
f800
0002
00fc
0000
f800
0003
00fc
0000
f800
0004
00fc
48e7
fffe
4eba
fdbc
4a38
fe28
6608
6100
b9e4
4eb8
148c
4238
fe26
4cdf
7fff
4e73
0000
563c
41f8
c000
7c40
7e4f
43fa
006a
30bc
0004
317c
00d3
0008
317c
00eb
000c
1147
0023
0c07
000f
6306
317c
00e4
000c
7000
3019
d080
d080
4480
2140
0014
3159
0028
7000
3019
d080
0480
0000
0e00
2140
0010
3007
0240
003c
e440
1140
0021
3007
0240
0003
1140
0020
4228
0018
1147
0026
d0c6
51cf
ff9c
4e75
8000
0090
0b8e
7800
008a
137a
9000
00a0
1733
8400
0094
2000
7400
0087
2aaa
8000
0090
2f1c
7000
0085
3ab4
8c00
009c
389d
6c00
0081
4c67
8400
0094
4983
7400
0088
5787
7c00
008d
5bb0
8c00
009c
596f
7000
0084
7174
7c00
008d
7179
8000
0091
7568
8800
0098
76bc
7800
008a
8a33
8400
0093
88b5
9000
00a0
8400
8000
0090
99c7
8400
0084
7a2e
7000
0069
1999
8000
0075
1fb9
8400
007b
2681
7800
006c
3555
7800
006e
3dac
7c00
0072
447d
7400
006a
5352
8c00
0082
4bd0
7000
0066
6aaa
9000
0085
5980
8000
0076
6d8f
8800
007e
6eba
9400
008a
6c85
8400
007a
853e
7000
0066
a6e6
8c00
0082
8ad4
8000
0076
a1a0
7000
0066
c505
9000
0086
9d9c
8400
0084
9e0f
7800
0088
0c3c
7400
0083
109c
9000
0099
0d62
7c00
0083
1290
7000
0076
0f2f
8800
0088
12d2
8c00
0089
0e03
8400
0086
131a
9400
008e
1039
8400
007e
9b6d
8c00
008b
9442
9000
0092
8d26
9400
0097
8a2c
7c00
0083
a521
7400
0080
a600
7800
0086
a540
6c00
007f
ac58
7000
0080
b100
9400
0088
35a5
9000
0084
564d
7800
0072
90d7
8800
007e
abae
8800
00be
17e4
9400
00be
1c71
7800
00be
2969
7000
00be
9999
8400
00be
349a
6c00
00be
4489
8000
00be
4481
7400
00be
50d7
9000
00be
84dc
7c00
00be
5c16
8c00
00be
59c4
7400
00be
6fa3
7c00
00be
722f
8c00
00be
959c
8400
00be
7abd
8000
00be
8568
4a68
0028
6716
06a8
0000
0800
0014
5368
0028
6608
42a8
0010
42a8
0014
1028
0023
5028
0026
1028
0026
0200
0060
0c00
0060
6602
7000
1140
0018
43fa
fd1c
5328
0021
6a0a
1169
0001
0021
5228
0020
7000
1028
0020
b011
6506
7000
1140
0020
e540
2171
0002
0004
4e75
41f9
0040
0200
0ca8
5345
4741
ff00
660e
43fa
000e
303c
02c1
b348
56c8
fffc
4e75
43fa
000a
4eb8
0364
6000
057a
600f
0000
0000
0c22
0e44
0e66
0e88
0eee
0aaa
0888
0444
08ae
046a
000e
0008
0004
0e20
803f
8005
1815
1b26
3936
3845
1754
0864
0972
0083
0516
8603
0316
3a89
0302
1519
263b
48f8
58fa
677b
751a
8a04
0a8f
0778
1779
377a
ff00
23ae
3acf
2f37
7e80
3fed
a3ff
e00e
fd71
d679
79db
dbf4
00c2
5800
5fab
bb2b
bfc2
f800
c7f5
b0fe
9a85
fff0
3f8d
bfd3
63a0
bbe1
81c3
e5ed
dfab
bdbb
bc78
5faf
c345
da00
be61
01bd
7d61
4200
9d68
1785
0d10
802e
b1fd
f600
03e5
fe17
cf2e
d515
7769
abbb
4d5d
da15
0018
cdd6
d5f3
cf9c
797e
11b7
c300
3864
b003
97fd
f600
0284
1198
c800
691d
8846
435f
001d
8466
500b
f9ef
c12c
21da
6aee
dbf4
a8c5
a680
8a9b
6296
d52c
596d
58c5
4559
70ac
0a17
ffc6
1367
1459
dfc7
e158
0017
7fef
01a2
5a96
b87e
55d4
6b7f
4001
f5bd
4210
4a25
0209
44eb
4017
ecf8
e7e0
0058
44a9
4010
8c66
1004
a7fa
f443
b4d1
7769
a395
e572
a2a6
c8bd
4d91
7a9a
4005
ff35
1f93
baeb
f5e6
ece2
82ce
28e3
d63a
f1fb
6e56
3d80
0a75
a000
cc64
02ea
1615
f200
2254
2002
50b8
d73a
0021
0a32
0214
663b
bf60
0420
0021
3553
5776
9a22
d344
2e51
1536
45ea
6c88
b66b
8b6e
dc7e
e400
8a5e
78a2
ce28
2ce2
8c7b
dfb0
031e
cd00
1a8d
001b
d689
4427
74f8
cbdf
7d71
9fe7
80d4
b52f
31d7
6fd7
6611
2d4b
52f3
1d67
0fd7
ee40
08d6
8003
4ad8
f8c5
9708
abd6
2cb8
b10b
9fdc
f3ee
d340
06b1
fe60
b38a
2ce2
a330
8014
8003
0114
0425
0e35
1845
1356
3967
7975
1481
0300
162f
2778
8204
0516
3683
050c
1637
28f9
8405
1517
7b85
0516
8605
0d16
3a87
050f
1776
8805
1018
fa89
062e
8a06
3218
f88b
0511
177a
8c06
388d
051a
8e06
3317
778f
0512
ffa5
289b
26f8
5af6
706a
073c
dee0
6f21
195b
56d5
77fc
ffee
efcf
a049
7f04
c860
10ef
07bd
ffd4
f54f
99f8
df9b
d93d
98ed
a637
9ee6
d5b5
6c58
59fb
146a
3c8c
5518
4310
79dd
cce5
7b9b
b46b
6cf5
6e21
61f2
1e8c
731b
8ed4
a384
db8e
cc20
fed5
acd8
f83b
cef4
130a
9b65
5d93
6cf9
a9cd
d6af
7822
bf5f
991f
091c
bd4d
a39d
35f7
e3f3
bd3b
d69a
f489
e838
1d3b
ae06
47eb
f595
9fbb
0b8b
07e5
7f33
f3d4
122c
b768
7883
5041
edf3
988e
b85d
288e
5e26
0e72
054e
6467
674b
bdb0
2597
ec8e
acb3
bf98
afc7
af84
cb86
108f
3985
2088
770a
d2dc
dd74
91a2
502a
e7c0
c2ec
69f9
c7f5
51ba
d1bb
0f32
89be
00b0
be17
03b9
9046
04e9
773b
0463
952e
3173
db15
b9ca
8b3f
d152
94a5
3cfe
75ed
5c0c
865c
c9ae
d0b3
66c6
b209
f9dd
8649
7f3f
dc5f
7763
2bcc
1a92
d703
bbd3
f3f9
895d
a197
af86
111f
e8c4
6581
c3db
fbcd
5294
a6a9
4f3a
f35f
d2fb
dc7c
87a3
1cc6
e3b5
1c29
36e3
b308
3fb5
6b36
3e0e
f3bd
04c2
d6df
d24d
a724
5a63
3afd
455b
faca
a649
eec2
e95f
f95f
ccb2
43a8
246e
1da1
79c9
a820
f05f
369e
1788
5cd9
4724
acc4
b0a7
b89e
61eb
8ce4
9fa2
223c
d7cf
d651
aae9
70f3
2537
c016
17c2
e077
3208
c09d
2ee7
608c
72a5
c62e
0000
0603
0000
0001
0510
12c2
0488
5011
0480
1405
109a
2154
4260
0505
0134
3811
4051
1181
1404
0110
20c5
0501
5c58
0220
401f
0200
8810
07c3
80c8
0401
a138
b494
0100
ac58
0e20
401a
1393
b1a9
a81c
5d8d
42e2
686c
0ff0
0500
0000
0000
390a
4106
0181
8090
29af
f850
524f
4455
4345
4420
4259
204f
5220
554e
4445
5220
4c49
4345
4e53
4500
0020
4652
4f4d
2053
4547
4120
454e
5445
5250
5249
5345
532c
204c
5444
2eff
1411
080d
1711
000d
1411
1411
9000
0000
001c
1411
8080
801d
1100
0000
00ae
1107
0001
00ad
1100
003f
1100
0b48
1100
0b66
1100
0b84
1100
0b93
1100
0ba2
1100
0bef
01e0
8080
0ac9
0cf2
8005
8039
8005
800c
ef00
f00a
0102
08a9
1f80
01a5
40e7
a502
f700
085d
11f2
8005
8039
8005
800c
ef00
f00a
0102
08b8
1f80
01b5
40e7
b502
f700
087b
11f2
ef01
e080
8005
c40c
e040
8005
c439
f2ef
01e0
8080
0a80
07e0
4080
0ac9
34f2
ef01
e080
c112
e040
c13f
f2f2
3201
0101
013f
1f1f
1f19
0604
0708
0505
0419
1919
1911
8918
8704
3772
7749
1f1f
1f1f
070a
070d
000b
000b
1f0f
1f0f
2380
2380
6100
1276
6110
7001
7208
4eba
b7d4
7008
4eba
a9ec
4e75
703c
c078
ff00
4ebb
000a
4a78
ff00
6af0
4e75
6000
0058
6000
0098
6000
00de
6000
013c
6000
12e8
4eb8
0308
4e71
4e71
4e71
4e71
60f2
0839
0000
00a1
2003
67f6
4e75
41f8
fde0
43e8
0010
4aa9
0008
6706
4eb8
0308
60f4
3140
0008
08f9
0001
00a1
2003
67f6
4eb8
0308
42a8
0008
60c8
303c
0001
61ce
45f9
0021
0000
41ea
4010
43ea
4000
303c
0000
4eb8
fdae
6502
7203
d241
357b
1018
0000
7e93
4eba
b402
31fc
0004
ff00
137c
0000
000c
4e75
0000
8000
8001
8081
610a
6112
31fc
0008
ff00
4e75
303c
0002
6100
ff7e
4e75
45f9
0021
0000
0c6a
8081
0000
6618
43ea
4000
303c
0001
4eb8
fdae
0c40
ffff
660a
0c41
ffff
6604
7000
7200
3540
0002
3541
0004
4e75
41f9
0020
0000
43f9
0021
0000
45f8
ff06
14bc
0000
08d2
0000
4a69
0000
6a04
08d2
0001
4a68
0004
6704
08d2
0002
4a69
0004
6704
08d2
0003
4a68
0004
670a
4a69
0002
6704
08d2
0004
4a69
0004
670a
4a68
0002
6704
08d2
0005
08d2
0006
31fc
000c
ff00
4e75
707c
c078
ff02
4ebb
0008
4eb8
0308
4e75
6000
0034
6000
01a4
6000
0416
6000
062c
6000
0736
6000
0af8
6000
0c10
6000
0fae
6000
0002
08f9
0001
00a1
2003
67f6
31fc
0010
ff00
4e75
08f8
0007
ff02
660c
6100
001c
6100
005e
6100
00d2
1038
fe21
0240
00f0
6706
31fc
0004
ff02
4e75
6100
032e
4cba
0007
0026
6100
02a8
4cba
0007
0022
6100
029e
4cba
0007
001e
6100
0294
4cba
0007
001a
6100
028a
4e75
8100
0286
0000
8100
0786
0004
8100
0c9c
0011
8100
0090
001f
49f9
0020
0000
082c
0000
0001
6746
4cba
0007
004e
6100
0258
4cba
0007
004a
6100
024e
4cba
0007
0046
6100
0244
41ec
4000
303c
041c
7200
6100
027a
323c
0590
302c
0004
6100
0308
323c
05b2
302c
0002
6100
02fc
4e75
4cba
0007
001a
6100
0212
4e75
8100
0386
0001
8100
048c
0002
8100
04ae
0003
8100
0496
001d
49f9
0021
0000
4a6c
0000
6b0c
4cba
0007
007a
6100
01e2
4e75
082c
0000
0001
6746
4cba
0007
004e
6100
01ce
4cba
0007
004a
6100
01c4
4cba
0007
0046
6100
01ba
41ec
4000
303c
091c
7200
6100
01f0
302c
0004
323c
0a90
6100
027e
302c
0002
323c
0ab2
6100
0272
4e75
4cba
0007
001a
6100
0188
4e75
8100
0886
0001
8100
098c
0002
8100
09ae
0003
8100
0896
001d
8100
0896
001e
08f8
0007
ff02
6604
6100
0024
6100
00e6
1038
fe21
0240
00f0
6712
3038
ff0a
e548
5040
31c0
ff02
7e91
4eba
b15a
4e75
6100
01b2
49f8
ff06
4cba
0007
008a
6100
0128
4cba
0007
0086
0814
0001
6604
0640
2000
6100
0114
4cba
0007
0078
0814
0002
6604
0640
2000
6100
0100
4cba
0007
006a
0814
0003
6604
0640
2000
6100
00ec
4cba
0007
005c
0814
0004
6604
0640
2000
6100
00d8
4cba
0007
004e
0814
0005
6604
0640
2000
6100
00c4
4cba
0007
0046
6100
00ba
4cba
0007
0036
6100
00b0
31fc
0006
ff0a
4278
ff08
4e75
8100
0396
0005
8100
0496
0006
8100
0596
0007
8100
0696
0008
8100
0796
0009
8100
0896
000a
8100
0996
000b
8100
00a4
0024
7200
3238
ff0a
7003
c038
ff08
6724
7e90
4eba
b07e
e208
6602
4600
4880
d240
5e41
82fc
0007
4241
4841
0338
ff06
67ee
31c1
ff0a
c2fc
0010
0641
00b8
4841
323c
0d01
243c
0010
00d8
7003
7620
41f9
0022
0e00
48d0
0006
5048
5241
d443
51c8
fff4
4290
4e75
43f9
0022
0000
47f9
0001
0266
d2c1
601a
43f9
0022
0000
45f9
0000
fdc0
47f9
0001
0266
d2c1
d442
d4f2
2000
341a
6b0a
e54a
41f3
2000
6104
60f2
4e75
4c90
0006
5341
d440
3282
5242
3342
0080
5242
5449
51c9
fff2
4e75
43f9
0022
0000
d2c0
7000
1018
6706
d041
32c0
60f4
4e75
23fc
4200
0000
00c0
0004
41f9
00c0
0000
70ff
7207
7607
2080
51cb
fffc
51c9
fff6
4e75
41f9
0022
0e00
383c
00df
7000
7200
7400
7600
48e0
f000
51cc
fffa
4e75
4850
0280
0000
ffff
80fc
2710
612c
80fc
03e8
6126
80fc
0064
6120
80fc
000a
611a
3080
205f
7004
4a58
56c8
fffc
6602
5240
5548
d358
51c8
fffc
4e75
30c0
4840
0280
0000
ffff
4e75
2f01
41f8
ff0e
7212
61b0
30bc
ffff
41f8
ff0e
7003
4a50
6604
30bc
0002
5448
51c8
fff4
221f
45f8
ff0e
303c
c100
6100
fee4
4e75
08f8
0007
ff02
6604
4278
ff04
49f9
0020
0000
707c
c078
ff04
4ebb
0004
4e75
6000
0022
6000
013a
6000
000a
6000
00c0
6000
01b0
303c
0003
6100
fa7c
31fc
000c
ff04
4e75
42b9
0022
0e00
6100
ff22
4cba
0007
0078
6100
fe9c
4a2c
0001
674a
6e2c
4cba
0007
0072
6100
fe8a
4cba
0007
006e
6100
fe80
302c
0004
323c
0690
6100
ff52
302c
0002
323c
06b2
6100
ff46
4cba
0007
0040
6100
fe5e
41ec
4000
303c
0410
7200
6100
fe94
6100
0154
4cba
0007
0036
6100
fe42
4cba
0007
0032
6100
fe38
31fc
0004
ff04
31fc
0001
ff0a
4e75
8100
009a
0005
8100
0290
0012
8100
058c
0002
8100
05ae
0003
8100
09ac
000e
8100
0aa0
000f
08f8
0007
ff04
6642
42b9
0022
0e00
41f9
0022
0e00
383c
00bf
6100
fe70
082c
0000
0001
670c
4cba
0007
0038
6100
fdd8
6010
4cba
0007
0038
6100
fdcc
7e92
4eba
ade4
4cba
0007
0022
6100
fdbc
70f0
c038
fe21
670c
7e91
4eba
adcc
31fc
0010
ff04
4e75
8100
059a
0010
8100
0898
0011
8100
059a
0021
6100
0052
7400
3438
ff0a
c4fc
0028
0642
00fc
4842
343c
0010
4842
223c
0128
0d01
7000
7620
6100
fd44
1038
fe21
0240
00f0
6712
4a78
ff0a
660e
7e91
4eba
ad74
31fc
0008
ff04
4e75
7e90
4eba
ad66
31fc
0010
ff04
4e75
700c
c038
fe21
6724
3238
ff0a
670c
0800
0002
6718
4278
ff0a
600c
0800
0003
670c
31fc
0001
ff0a
7e90
4eba
ad32
4e75
31fc
0004
ff00
31fc
0004
ff02
31fc
0000
ff04
4278
ff0a
4e75
4cba
0007
0012
6100
fcf0
4cba
0007
000e
6100
fce6
4e75
8100
0890
000c
8100
0990
000d
08f8
0007
ff02
6604
4278
ff04
49f9
0021
0000
707c
c078
ff04
4ebb
0004
4e75
6000
0012
6000
ff20
6000
00ba
6000
fea6
6000
ff96
42b9
0022
0e00
6100
fd18
4cba
0007
0078
6100
fc92
4a2c
0001
674a
6e2c
4cba
0007
0072
6100
fc80
4cba
0007
006e
6100
fc76
302c
0004
323c
0690
6100
fd48
302c
0002
323c
06b2
6100
fd3c
4cba
0007
0040
6100
fc54
41ec
4000
303c
0410
7200
6100
fc8a
6100
ff4a
4cba
0007
0036
6100
fc38
4cba
0007
0032
6100
fc2e
31fc
0004
ff04
31fc
0001
ff0a
4e75
8100
009a
0006
8100
0290
0017
8100
058c
0002
8100
05ae
0003
8100
09ac
000e
8100
0aa0
000f
8100
0b1c
000f
43ec
4000
303c
0006
4eb8
fdae
6508
397c
8081
0000
600e
397c
0000
0000
426c
0002
426c
0004
31fc
000c
ff04
4e75
49f9
0020
0000
707c
c078
ff04
4ebb
0004
4e75
6000
0016
6000
00aa
6000
028c
6000
0036
6000
0326
6000
fe90
6100
003a
4cba
0007
0018
6100
fb92
4cba
0007
0014
6100
fb88
31fc
0004
ff04
4e75
8100
0096
0007
8100
0290
0012
303c
0008
6100
f730
31fc
0010
ff04
4e75
42b9
0022
0e00
42b8
ff0a
6100
fbd2
4cba
0007
0032
6100
fb4c
4cba
0007
002e
6100
fb42
4cba
0007
002a
6100
fb38
4cba
0007
0026
6100
fb2e
41ec
4000
303c
0410
7200
6000
fb64
8100
058a
0018
8100
05a4
0018
8100
05b8
0023
8100
068a
0013
08f8
0007
ff04
6610
426c
000a
426c
000c
6100
005c
4278
ff08
6118
1038
fe21
0240
00f0
670c
7e91
4eba
aafc
31fc
0008
ff04
4e75
6100
00f8
3038
ff0c
6b14
6720
720a
d26c
000a
b26c
0004
6714
d16c
000a
600a
d06c
000a
6b08
3940
000a
6100
0012
302c
000a
3238
ff0a
d041
3940
000c
4e75
41ec
0080
7009
4298
4298
4298
4298
51c8
fff6
303c
0004
6100
f644
41ec
0080
6100
0078
45ec
0080
7e0a
be6c
0004
6f04
3e2c
0004
5347
3c2c
000a
7a00
7001
d046
41f9
0022
0000
3405
ef4a
0642
0806
d0c2
323c
a030
6100
fadc
323c
8000
43d2
d0fc
000e
323c
a000
6100
0022
7000
302a
000e
d0fc
0002
323c
a030
6100
fab8
45ea
0010
5245
5246
51cf
ffb6
4e75
740a
7000
1019
d041
30c0
51ca
fff6
4e75
7009
43d0
3f00
700a
727f
c211
0c01
0020
6402
7220
12c1
51c8
fff0
41e8
0010
301f
51c8
ffe0
4e75
7200
3238
ff0a
7003
c038
ff08
6760
7e90
4eba
a9e6
e208
6602
4600
4880
d240
0c6c
000a
0004
6d24
4a41
6b16
0c41
0009
6e06
4278
ff0c
603c
7209
31fc
0001
ff0c
6032
7200
31fc
ffff
ff0c
6028
4a41
6b0c
b26c
0004
6c0e
4278
ff0c
6018
7200
4278
ff0c
6010
322c
0004
5341
4278
ff0c
6004
4278
ff0c
31c1
ff0a
e949
41ec
0080
d0c1
4850
43ec
0120
700a
12d8
51c8
fffc
205f
3968
000e
012c
1968
000b
012b
7200
3238
ff0a
e749
0641
0100
4841
323c
0c01
243c
0010
00a8
7006
7620
6000
f8fa
08f8
0007
ff04
6652
42b9
0022
0e00
41f9
0022
0e00
383c
008f
6100
f98c
4cba
0007
006a
6100
f8fc
4cba
0007
0066
6100
f8f2
4cba
0007
0062
6100
f8e8
4cba
0007
005e
6100
f8de
41ec
0120
303c
071e
323c
8000
6100
f912
31fc
0001
ff0a
6100
0098
1038
fe21
0240
00f0
6712
4a78
ff0a
660e
7e91
4eba
a8cc
31fc
000c
ff04
4e75
7e90
4eba
a8be
31fc
0014
ff04
4e75
8100
0692
0018
8100
0594
0014
8100
06b8
0015
8100
079a
000f
08f8
0007
ff04
6628
42b9
0022
0e00
41f9
0022
0e00
383c
00bf
6100
f8ea
4cba
0007
0026
6100
f85a
4cba
0007
0022
6100
f850
70f0
c038
fe21
670c
7e91
4eba
a860
31fc
0014
ff04
4e75
8100
0398
0016
8100
0698
0011
6100
faec
7400
3438
ff0a
c4fc
0028
0642
00e4
4842
343c
0010
4842
223c
00f8
0d01
7000
7620
6100
f7de
4e75
49f9
0021
0000
707c
c078
ff04
4ebb
0004
4e75
6000
0016
6000
0056
6000
fec6
6000
0036
6000
ff60
6000
faca
6100
fc74
4cba
0007
0018
6100
f7cc
4cba
0007
0014
6100
f7c2
31fc
0004
ff04
4e75
8100
0096
0008
8100
0290
0017
422c
012b
41ec
0120
303c
0005
4eb8
fdae
31fc
0010
ff04
4e75
08f8
0007
ff04
6610
426c
000a
426c
000c
6100
005c
4278
ff08
6118
1038
fe21
0240
00f0
670c
7e91
4eba
a78a
31fc
0008
ff04
4e75
6100
fd86
3038
ff0c
6b14
6720
720a
d26c
000a
b26c
0004
6714
d16c
000a
600a
d06c
000a
6b08
3940
000a
6100
0012
302c
000a
3238
ff0a
d041
3940
000c
4e75
41ec
0080
7009
4298
4298
4298
4298
51c8
fff6
322c
000a
4841
323c
000a
43ec
0080
41fa
0012
303c
0007
4eb8
fdae
6100
fcf8
6000
fc7e
2a2a
2a2a
2a2a
2a2a
2a2a
2a00
47f9
0021
0000
49f9
0020
0000
707c
c078
ff04
4ebb
0004
4e75
6000
0022
6000
0098
6000
00f4
6000
0042
6000
019e
6000
f9a8
6000
01e8
6000
0278
6000
02fe
6100
fb46
4cba
0007
0018
6100
f69e
4cba
0007
0014
6100
f694
31fc
0004
ff04
4e75
8100
0092
0009
8100
0290
0012
303c
0005
6100
f23c
7e02
41ec
0120
43ec
0130
303c
0004
4eb8
fdae
651e
41ec
0120
43ec
0130
303c
0008
4eb8
fdae
54cf
ffdc
6510
31fc
0010
ff04
4e75
31fc
0018
ff04
4e75
6100
fe8e
31fc
0020
ff04
4e75
08f8
0007
ff04
660c
426c
000a
426c
000c
6100
fb86
6100
fb46
1038
fe21
0240
00f0
6602
4e75
41ec
0120
303c
0002
422c
012b
4eb8
fdae
6508
31fc
001c
ff04
4e75
302c
012c
322b
0002
b240
6c08
31fc
0018
ff04
4e75
7e91
4eba
a5f8
31fc
0008
ff04
4e75
08f8
0007
ff04
665c
42b9
0022
0e00
41f9
0022
0d00
383c
0087
6100
f63c
4cba
0007
0074
6100
f5ac
4cba
0007
0070
6100
f5a2
4cba
0007
006c
6100
f598
4cba
0007
0068
6100
f58e
4cba
0007
0064
6100
f584
41ec
0120
303c
071e
323c
8000
6100
f5b8
31fc
0001
ff0a
6100
fd3e
1038
fe21
0240
00f0
6712
4a78
ff0a
660e
7e91
4eba
a572
31fc
000c
ff04
4e75
7e90
4eba
a564
31fc
0014
ff04
4e75
8100
0692
0018
8100
0594
0020
8100
06b8
0015
8100
079a
000f
8100
0998
0011
08f8
0007
ff04
6628
42b9
0022
0e00
41f9
0022
0e00
383c
00bf
6100
f58a
4cba
0007
0026
6100
f4fa
4cba
0007
0022
6100
f4f0
70f0
c038
fe21
670c
7e91
4eba
a500
31fc
0014
ff04
4e75
8100
0398
001c
8100
0698
0011
08f8
0007
ff04
665a
42b9
0022
0e00
41f9
0022
0e00
383c
00b7
6100
f538
4cba
0007
005a
6100
f4a8
4cba
0007
0056
6100
f49e
4cba
0007
0052
6100
f494
4cba
0007
004e
6100
f48a
41ec
0120
303c
0512
323c
8000
6100
f4be
41fa
003c
6100
f4be
7e92
4eba
a48a
1038
fe21
0240
00f0
670c
31fc
0014
ff04
7e91
4eba
a474
4e75
8100
0290
0019
8100
0390
0022
8100
0690
001a
8100
0898
0011
2e00
08f8
0007
ff04
6652
42b9
0022
0e00
41f9
0022
0e00
383c
00b7
6100
f4a4
4cba
0007
0052
6100
f414
4cba
0007
004e
6100
f40a
4cba
0007
004a
6100
f400
4cba
0007
0046
6100
f3f6
41ec
0120
303c
0412
323c
8000
6100
f42a
7e92
4eba
a3fe
1038
fe21
0240
00f0
670c
31fc
0014
ff04
7e91
4eba
a3e8
4e75
8100
0290
001b
8100
0490
0025
8100
0790
001a
8100
0998
0011
08f8
0007
ff04
663e
42b9
0022
0e00
41f9
0022
0e00
383c
00b7
6100
f41a
4cba
0007
003e
6100
f38a
4cba
0007
003a
6100
f380
41ec
0120
303c
0410
323c
8000
6100
f3b4
7e92
4eba
a388
1038
fe21
0240
00f0
670c
31fc
0014
ff04
7e91
4eba
a372
4e75
8100
0590
001a
8100
0798
0011
47f9
0020
0000
49f9
0021
0000
707c
c078
ff04
4ebb
0004
4e75
6000
0022
6000
0084
6000
fd52
6000
0042
6000
fdfc
6000
f606
6000
fe46
6000
fed6
6000
ff5c
6100
f7a4
4cba
0007
0018
6100
f2fc
4cba
0007
0014
6100
f2f2
31fc
0004
ff04
4e75
8100
0092
000a
8100
0290
0017
41ec
0120
43ec
0130
422c
012b
303c
0003
4eb8
fdae
3940
012c
1941
012b
303c
0006
6100
ee7e
4a6b
012e
6b08
31fc
0010
ff04
4e75
31fc
0020
ff04
4e75
08f8
0007
ff04
660c
426c
000a
426c
000c
6100
fb6a
6100
fb2a
1038
fe21
0240
00f0
6602
4e75
422c
012b
303c
0007
6100
ee38
4a6b
012e
6600
fc7a
31fc
001c
ff04
4e75
0839
0000
00a1
2003
6732
23fc
7400
0003
00c0
0004
41f9
0022
0e00
43f9
00c0
0000
7027
2298
57c8
fffc
203c
4000
0003
223c
0022
0000
343c
0700
4eb8
02d4
7000
43f8
ff08
4eba
a638
4e75
50f8
fe28
4eb8
02dc
0839
0002
00a1
2003
66f6
08f9
0001
00a1
2003
67f6
6100
edb4
43fa
ff96
4eba
953c
21fc
0000
0000
fde8
43fa
008a
4eb8
02b0
4eb8
02a0
6100
f258
42b9
0022
0e00
23fc
6000
0000
00c0
0004
43f9
0000
f7fc
4eba
9fc8
23fc
61c0
0000
00c0
0004
43f9
0000
f90e
4eba
9fb4
203c
4400
0000
31fc
0000
fe2c
223c
000e
e0ee
4eb8
0324
6100
f1ee
43fa
0052
4eb8
02e4
4eba
a1a2
41f8
ff00
7000
7203
20c0
51c9
fffc
4238
fe28
4ef8
02d8
7e3b
4eb8
0308
51cf
fffa
31fc
ffff
ff00
4e75
8004
8124
8230
8334
8407
857a
8700
8a00
8b02
8c81
8d3c
8f02
9001
9100
9200
0000
002f
0000
0eee
0aaa
0ccc
0888
0444
0000
0008
00ac
0000
0000
0888
0aaa
0eee
0eee
0e44
0000
0666
0444
0888
0444
0000
0000
0004
0068
0000
0000
0222
0444
0666
04ee
0000
0000
0666
0444
0888
0444
0000
0000
0004
0068
0000
0000
0288
04aa
06cc
04ee
0000
0000
0001
0101
0001
57a6
714b
c619
a772
4cc7
1a01
0000
0000
0101
143a
3812
1a06
3b39
131b
0701
5f5f
5f5f
5f5f
5f5f
5f5f
5f00
0000
0040
5345
4741
5f43
445f
524f
4d00
0100
0000
5241
4d5f
4341
5254
5249
4447
455f
5f5f
0060
0000
007f
ffff
217a
000c
0002
30ba
0004
4e75
4ef9
0000
706c
48e7
0024
2a7c
ffff
fe80
d040
d040
4ebb
0010
247a
ffd6
0892
0000
4cdf
2400
4e75
6000
006a
6000
01e6
6000
0222
6000
0318
6000
0378
6000
04b2
6000
05d2
6000
0664
6000
0284
6000
0006
6000
0012
227a
ff98
323c
0040
c149
6100
0bb4
4e75
48e7
0030
247a
ff88
08d2
0000
2648
227a
ff7a
2449
323c
0040
c149
6100
0cf2
014a
0000
b093
6704
44fc
0001
4cdf
0c00
4e75
48e7
2038
48e7
0040
2b48
0000
41e8
0200
2b48
0004
41e8
0040
2b48
0008
41e8
0100
2b48
000c
41e8
0100
2b48
0010
41e8
0040
2b48
0014
41e8
0040
2b48
0018
41e8
0100
2b48
005a
41e8
0040
2b48
006a
206d
0000
6100
083e
243c
0008
0100
206d
0018
43fa
fea4
266d
0008
286d
000c
6100
084c
243c
0006
0040
206d
0018
43fa
fe9e
266d
0010
286d
0014
6100
0832
42ad
0030
42ad
0034
42ad
0066
4cdf
0200
6100
0e9c
6500
0090
2449
226d
005a
206d
0038
41e8
0060
323c
0010
6100
0acc
224a
246d
005a
41fa
fe8c
b588
670a
b588
6706
b588
6600
005c
2449
206d
0038
41e8
0040
323c
000c
3401
6100
0aa0
224a
45fa
fe54
3202
6100
0c18
6600
0058
202d
0030
e080
ea80
44fc
0000
4cdf
1c04
4e75
2449
3401
d442
d442
43fa
0052
2271
2000
3401
323c
000d
6100
0c1e
224a
3202
44fc
0001
60d6
6100
0e7c
640a
7000
323c
0000
6000
ffce
323c
0001
202d
0030
e080
ea80
6000
ffbe
323c
000b
6100
0e9e
65e6
202d
0030
e080
ea80
323c
0002
60c2
0000
7260
0000
726c
4e4f
545f
4558
4953
545f
5f00
554e
464f
524d
4154
5f5f
5f00
48e7
3020
7000
6100
0d56
6526
3600
6100
0d7a
651e
4a40
6c02
7000
2449
43fa
fd9c
323c
000c
6100
0b94
224a
3203
4cdf
040c
4e75
303c
ffff
323c
ffff
44fc
0001
60ec
48e7
303a
2648
6100
0d16
3200
6f66
206d
0038
5341
91fc
0000
0040
51c9
fff8
3400
5342
246d
005a
4ded
001c
2616
4296
224a
323c
0020
6100
0842
650c
323c
000b
224b
6100
0b02
6708
2c83
51ca
ffe4
6026
207a
fd4a
342a
000c
6f00
001c
5342
d1fc
0000
0080
51ca
fff8
122a
000b
302a
000e
4cdf
5c0c
4e75
44fc
0001
60f4
48e7
2012
2449
6100
ff7e
6500
0064
4a01
6700
0030
4ded
001c
4296
5340
3400
266d
005a
224b
323c
0040
6100
07d4
224b
323c
0020
6100
0a96
6600
003e
d4c1
51c8
ffe4
6024
266d
005a
5340
323c
0040
224b
6100
08f6
323c
0040
224b
6100
0a70
6618
d4fc
0040
51c8
ffe4
44fc
0000
4cdf
4804
4e75
303c
0000
6004
303c
ffff
44fc
0001
60ea
48e7
2002
48e7
0040
6100
fefc
4cdf
0200
48a7
c000
6500
0048
4a01
6700
0026
4ded
001c
4296
5340
3400
323c
0040
6100
0750
51c8
fff6
41ed
001c
0828
0007
0000
6710
601c
5340
323c
0040
6100
087c
51c8
fff6
44fc
0000
4c9f
0003
4cdf
4004
4e75
44fc
0001
60f0
48e7
3f3a
247a
fc3a
08d2
0000
2b48
0042
2b49
0046
6100
0bd6
6500
011e
3a00
6100
fe82
6514
da40
206d
0042
ba68
000c
6d00
0108
6100
010a
600c
206d
0042
ba68
000c
6d00
00f6
6100
0b7a
6500
00ee
206d
0038
3200
6e04
7c01
602c
5341
91fc
0000
0040
51c9
fff8
226d
005a
4ded
001c
4296
2449
323c
0020
6100
06a4
6500
00be
3c2a
000c
dc6a
000e
207a
fbb6
3406
6f0c
5342
d1fc
0000
0080
51ca
fff8
246d
0042
226d
0046
302a
000c
6f00
0092
4a2a
000b
6700
0016
5340
323c
0040
6100
07d0
6500
007c
51c8
fff6
600e
5340
323c
0040
6100
08f4
51c8
fff6
6100
0aec
6500
0060
5240
206d
0038
3200
5341
91fc
0000
0040
51c9
fff8
226d
0042
45ed
004a
43e9
0000
45ea
0000
323c
000b
6100
0918
246d
0042
43ed
004a
136a
000b
000b
3346
000c
336a
000c
000e
323c
0020
6100
0764
6510
43ed
004a
7000
6100
0928
4cdf
5cfc
4e75
44fc
0001
60f4
48e7
383e
247a
fafc
08d2
0000
2648
6100
0a72
4a40
6f00
0108
206d
0038
3200
5341
91fc
0000
0040
51c9
fff8
3400
5342
246d
005a
4ded
001c
4296
224a
323c
0020
6100
059c
650c
323c
000b
224b
6100
085c
6708
51ca
ffe6
6000
00c8
224a
48e7
8020
45ed
004a
323c
0010
6100
0876
4cdf
0401
3600
9642
5543
6500
0096
267a
fa84
342a
000c
5342
d7fc
0000
0080
51ca
fff8
4ded
001c
4296
91fc
0000
0080
224a
323c
0020
6100
053c
6500
007a
287a
fa56
342a
000c
5342
d9fc
0000
0080
51ca
fff8
7400
342a
000e
c4fc
0040
d442
220b
92ba
fa34
82fc
0080
4841
4a41
6706
0681
0001
0000
4841
3541
000c
48e7
0080
224a
323c
0020
6100
065c
652c
3544
000c
c74a
224c
3202
6100
07fc
c74a
d6c2
4cdf
0100
51cb
ff88
103c
0001
43ed
004a
6100
0804
4cdf
7c1c
4e75
44fc
0001
60f4
48e7
0010
6100
09b0
6500
0086
6100
0a18
6500
007e
267a
f9c8
08d3
0000
43fa
f98c
206d
0038
323c
0010
6100
0734
7000
206d
0038
41e8
0030
3000
3f00
4840
301f
2048
01c8
0001
d1fc
0000
0008
01c8
0001
302d
002e
206d
0038
41e8
0020
3000
3f00
4840
301f
2048
01c8
0001
d1fc
0000
0008
01c8
0001
43fa
f946
206d
0038
41e8
0040
323c
0020
6100
06da
44fc
0000
4cdf
0800
4e75
44fc
0001
60f4
48e7
3c3a
2849
3801
4841
3a01
7400
760a
2448
0c1a
002a
6706
5242
51cb
fff6
2448
6100
08a6
3600
6f00
0058
5343
206d
0038
91fc
0000
0040
226d
005a
4ded
001c
4296
2649
4a44
6f44
323c
0020
6100
03d6
224b
3202
6706
6100
0698
661e
4a45
6f04
5345
6010
323c
0010
c54c
6100
06ba
c54c
d8c1
5344
0c42
000b
6708
90fc
0080
51cb
ffc4
44fc
0000
4cdf
5c3c
4e75
44fc
0001
60f4
48e7
2100
3f02
3001
343c
0010
3e3c
001f
6128
3e3c
0001
204f
6120
544f
6110
62fc
4299
4299
4299
4299
4cdf
0084
4e75
3200
e049
12c1
ed48
5d42
4e75
61f2
0c42
0008
64f8
7208
9242
e268
1018
e368
5042
5347
64e8
4e75
48e7
2100
1019
ed48
1019
e548
3b40
002a
e948
1019
e858
1b40
002b
3e3c
002a
7402
6128
611a
e848
1019
e948
3b40
002c
e548
1019
e448
1b40
002d
4cdf
0084
4e75
3200
e049
10c1
e148
5142
4e75
6002
61f0
0c42
0008
62f8
323c
0008
9242
e268
1019
e368
5c42
5347
64e8
4e75
48e7
0300
206d
0004
d0c0
43ed
0020
7e07
48e7
0040
1010
7c07
1211
e308
e311
12c1
51ce
fff6
4cdf
0200
5048
51cf
ffe4
4cdf
00c0
4e75
48e7
0300
206d
0004
d0c0
43ed
0020
7e07
48e7
0080
1019
7c07
1210
e308
e311
1081
5048
51ce
fff4
4cdf
0100
51cf
ffe4
4cdf
00c0
4e75
206d
0004
43ed
0020
48e7
8080
d0c0
7204
1018
e408
12c0
5048
51c9
fff6
4cdf
0101
7200
123b
001c
1230
1000
e409
12c1
1230
0030
e409
12c1
1230
0038
e409
1281
4e75
2d2e
2f08
111a
232c
206d
0004
43ed
0020
48e7
8080
d0c0
7204
1019
e508
10c0
5048
51c9
fff6
4cdf
0101
3f00
7200
123b
00d2
1019
e508
1180
1000
301f
206d
0004
122d
0026
e509
1181
0030
122d
0027
e509
1181
0038
4e75
48e7
0120
246d
0000
7200
7e1f
1018
610e
51cf
fffa
3401
4642
4cdf
0480
4e75
e159
4242
1400
b302
d442
4201
3432
2000
b541
4e75
48e7
0100
7e00
3007
e148
7207
e348
6404
0a40
1021
51c9
fff6
30c0
5247
0c47
0100
65e4
4cdf
0080
4e75
48e7
0300
4842
7e00
1687
1087
1887
7001
7e01
1780
7000
1180
7000
e308
1987
7000
5247
b447
64ec
4842
4233
7000
4842
7c00
7000
4a31
6000
670e
3207
9246
5341
1033
1000
b133
7000
5246
bc42
65e4
4842
11b3
7000
7000
1987
7000
5247
be42
65ca
3202
5341
7e00
3c07
5246
1030
7000
b030
6000
6518
11b0
6000
7000
1180
6000
1034
7000
19b4
6000
7000
1980
6000
5246
bc42
65d8
5247
be41
65ce
4cdf
00c0
4e75
48e7
2100
41ed
0020
426d
0026
5342
7e00
7000
7200
1030
7000
4a40
6716
1234
0000
5341
611c
b12d
0026
c549
6114
b12d
0027
c549
5247
0c47
0006
65d6
4cdf
0084
4e75
1031
7000
d041
6002
9042
b042
64fa
5240
1033
0000
4e75
48e7
2100
41ed
0020
5342
426d
0028
7e00
7000
1030
7000
b12d
0028
4a00
671a
1034
0000
5c40
9047
6002
9042
b042
64fa
5240
1033
0000
b12d
0029
5247
0c47
0008
65d0
4a6d
0028
6742
7200
3002
122d
0029
1234
1000
d041
122d
0028
1234
1000
9041
6002
9042
b042
64fa
0c40
0008
6418
7207
9240
102d
0028
b130
1000
08ee
0003
0000
522d
006f
6004
08d6
0004
4cdf
0084
4e75
48e7
f138
48e7
40c0
7000
3008
2408
343c
0000
80fc
0080
c0fc
0080
d440
2042
b1ed
0066
6700
00ec
2b48
0066
2248
206d
006a
422d
006e
2f08
206d
0004
323c
0040
c149
6100
0106
c149
205f
2f09
2f08
343c
0100
266d
0008
286d
000c
422d
006f
7e07
7600
3003
6100
fcc6
6100
ff0a
3003
6100
fcf0
5243
51cf
ffec
4a2d
006f
6706
1d6d
006f
0001
343c
0040
266d
0010
286d
0014
422d
006f
7e07
7600
3003
6100
fcf8
6100
fed4
3003
6100
fd36
5243
51cf
ffec
4a2d
006f
6706
1d6d
006f
0001
205f
2f08
226d
0004
6100
fc00
205f
6100
fd5e
b26d
002a
670c
08ee
0005
0000
08ed
0005
006e
b46d
002c
670c
08ee
0006
0000
08ed
0006
006e
225f
082d
0005
006e
6718
082d
0006
006e
6710
08ee
0007
0000
08ed
0007
006e
526e
0002
4cdf
0302
2449
362d
0068
3408
9443
e442
226d
006a
d2c2
e241
6100
01d8
224a
d2c1
d241
d0c1
d0c1
082d
0007
006e
6704
44fc
0001
4cdf
1c8f
4e75
48e7
2000
5941
6d0a
0548
0001
22c2
5088
60f2
5841
5341
6d08
12e8
0001
5488
60f4
4cdf
0004
4e75
48e7
f138
48e7
40c0
0c41
0040
6c00
0088
48e7
4040
2408
2608
7000
3008
363c
0000
80fc
0080
c0fc
0080
d640
2043
9488
e482
323c
0040
226d
006a
2449
2648
4ded
001c
2616
4296
7000
6100
02f0
4a40
6f20
80fc
0002
3200
4840
4a40
6702
5241
c2fc
0080
202d
0038
9081
b088
6e04
6100
fe26
102e
0000
2c83
42ad
0066
4cdf
0202
0800
0007
6600
00b0
d4c2
d442
e281
6100
0108
d241
226d
006a
204b
c149
2f09
2f08
6100
fc1a
205f
226d
0004
6100
fa58
343c
0040
45fa
f2ce
266d
0010
286d
0014
7e07
7600
3003
6100
fb62
43fa
f2b2
6100
fce4
3003
6100
fbce
5243
51cf
ffe8
343c
0100
45fa
f28e
266d
0008
286d
000c
7e07
7600
3003
6100
facc
43fa
f272
6100
fcb6
3003
6100
faf2
5243
51cf
ffe8
225f
206d
0004
323c
0040
c149
6100
0024
c149
44fc
0000
4cdf
0302
40e7
d0c1
d0c1
e241
d2c1
46df
4cdf
1c8f
4e75
44fc
0001
60e4
48e7
2000
5941
6d0a
2419
05c8
0001
5088
60f2
5841
5341
6d08
1159
0001
5488
60f4
4cdf
0004
4e75
48e7
4060
5941
6d06
b589
6612
60f6
5841
5341
6d06
b509
6606
60f6
44fc
0004
4cdf
0602
4e75
48e7
4060
5341
14d9
51c9
fffc
4cdf
0602
4e75
48e7
4060
5941
6d04
24d9
60f8
5841
5341
6d04
14d9
60f8
4cdf
0602
4e75
48e7
4060
d3fc
0000
0001
d5fc
0000
0001
1491
5449
544a
5541
6ef6
4cdf
0602
4e75
48e7
f8e0
4a00
6700
0076
7600
6100
015a
6500
00e8
3600
5340
206d
0038
45e8
0030
3800
6100
0170
6500
00d2
86fc
0002
4843
4a43
6602
5240
d069
000e
206d
0038
41e8
0020
40e7
46fc
2700
3000
3f00
4840
301f
2048
01c8
0001
d1fc
0000
0008
01c8
0001
3004
3f04
4840
301f
204a
01c8
0001
d1fc
0000
0008
01c8
0001
46df
6000
0074
7600
6100
00e6
6500
0074
3600
5240
5243
206d
0038
45e8
0030
3800
6100
00fa
6500
005c
86fc
0002
4843
4a43
6602
5340
9069
000e
206d
0038
41e8
0020
40e7
46fc
2700
3000
3f00
4840
301f
2048
01c8
0001
d1fc
0000
0008
01c8
0001
3004
3f04
4840
301f
204a
01c8
0001
d1fc
0000
0008
01c8
0001
46df
44fc
0000
4cdf
071f
4e75
44fc
0001
60f4
48e7
7c78
7400
7601
7802
2449
264a
d7fc
0000
0002
284b
d9fc
0000
0002
3013
b052
660a
3014
b052
6604
3012
6028
5244
b244
6e00
ffe4
5243
3a03
5245
b245
6e00
ffd0
d5fc
0000
0002
5242
3a02
5445
b245
6e00
ffbc
600a
44fc
0000
4cdf
1e3e
4e75
303c
ffff
44fc
0001
60f0
48e7
60e0
323c
0008
3401
206d
0038
41e8
0030
43ed
005e
2449
6100
fc88
3202
e241
224a
6100
ff74
4cdf
0706
4e75
48e7
20e0
323c
0008
3401
206d
0038
41e8
0020
43ed
005e
2449
6100
fc5c
3202
e241
224a
6100
ff48
4cdf
0704
4e75
48e7
c000
7000
1039
0040
0001
0800
0007
6600
0058
223c
0000
2000
0200
0007
e381
51c8
fffc
b2ad
0030
6606
b2ad
0034
6734
2b41
0030
2b41
0034
2b7a
efea
003c
d3ad
003c
2b6d
003c
0038
04ad
0000
0080
0038
3b7c
fffd
002e
e281
526d
002e
0481
0000
0040
6ef4
4cdf
0003
4e75
44fc
0001
60f4
48e7
8060
247a
efb2
08d2
0000
227a
efa6
d3fc
0000
0001
1011
12bc
005a
0c11
005a
661e
12bc
00a5
0c11
00a5
6614
1280
44fc
0000
40e7
0892
0000
46df
4cdf
0601
4e75
44fc
0001
60ec
48e7
e0c0
5341
1419
41fa
0026
3018
b418
6518
b418
6306
51c8
fff6
600e
51c9
ffe8
44fc
0000
4cdf
0307
4e75
44fc
0001
60f4
0002
3039
415a
5f5f
ffff
ffff
ffff
ffff
ffff
ffff
ffff
ffff
ffff
ffff
ffff
ffff
ffff
ffff
ffff
ffff
ffff
ffff
ffff
ffff
ffff
ffff
ffff
ffff
ffff
ffff
ffff
ffff
ffff
ffff
ffff
ffff
ffff
ffff
ffff
ffff
ffff
ffff
ffff
ffff
ffff
ffff
ffff
ffff
ffff
ffff
ffff
ffff
ffff
ffff
ffff
ffff
ffff
ffff
ffff
ffff
ffff
ffff
ffff
ffff
ffff
ffff
ffff
ffff
ffff
ffff
ffff
ffff
ffff
ffff
ffff
ffff
ffff
ffff
ffff
ffff
ffff
ffff
ffff
ffff
ffff
ffff
ffff
ffff
ffff
ffff
ffff
ffff
ffff
ffff
ffff
ffff
ffff
ffff
ffff
ffff
ffff
ffff
ffff
ffff
ffff
ffff
ffff
ffff
ffff
ffff
ffff
ffff
ffff
ffff
ffff
ffff
ffff
ffff
ffff
ffff
ffff
ffff
ffff
ffff
ffff
ffff
ffff
ffff
ffff
ffff
ffff
ffff
ffff
ffff
ffff
ffff
ffff
ffff
ffff
ffff
ffff
ffff
ffff
ffff
ffff
ffff
ffff
ffff
ffff
ffff
ffff
ffff
ffff
ffff
ffff
ffff
ffff
ffff
ffff
ffff
ffff
ffff
ffff
ffff
ffff
ffff
ffff
ffff
ffff
ffff
ffff
ffff
ffff
ffff
ffff
ffff
ffff
ffff
ffff
ffff
ffff
ffff
ffff
ffff
ffff
ffff
ffff
ffff
ffff
ffff
ffff
ffff
ffff
ffff
ffff
ffff
ffff
ffff
ffff
ffff
ffff
ffff
ffff
ffff
ffff
ffff
ffff
ffff
ffff
ffff
ffff
ffff
ffff
ffff
ffff
ffff
ffff
ffff
ffff
ffff
ffff
ffff
ffff
ffff
ffff
ffff
ffff
ffff
ffff
ffff
ffff
ffff
ffff
ffff
ffff
ffff
ffff
ffff
ffff
ffff
ffff
ffff
ffff
ffff
ffff
ffff
ffff
ffff
ffff
ffff
ffff
ffff
ffff
ffff
ffff
ffff
ffff
ffff
ffff
ffff
ffff
ffff
ffff
ffff
ffff
ffff
ffff
ffff
ffff
ffff
ffff
ffff
ffff
ffff
ffff
ffff
ffff
ffff
ffff
ffff
ffff
ffff
ffff
ffff
ffff
ffff
ffff
ffff
ffff
ffff
ffff
ffff
ffff
ffff
ffff
ffff
ffff
ffff
ffff
ffff
ffff
ffff
ffff
ffff
ffff
ffff
ffff
ffff
ffff
ffff
ffff
ffff
ffff
ffff
ffff
ffff
ffff
ffff
ffff
ffff
ffff
ffff
ffff
ffff
ffff
ffff
ffff
ffff
ffff
ffff
ffff
ffff
ffff
ffff
ffff
ffff
ffff
ffff
ffff
ffff
ffff
ffff
ffff
ffff
ffff
ffff
ffff
ffff
ffff
ffff
ffff
ffff
ffff
ffff
ffff
ffff
ffff
ffff
ffff
ffff
ffff
ffff
ffff
ffff
ffff
ffff
ffff
ffff
ffff
ffff
ffff
ffff
ffff
ffff
ffff
ffff
ffff
ffff
ffff
ffff
ffff
ffff
ffff
ffff
ffff
ffff
ffff
ffff
ffff
ffff
ffff
ffff
ffff
ffff
ffff
ffff
ffff
ffff
ffff
ffff
ffff
ffff
ffff
ffff
ffff
ffff
ffff
ffff
ffff
ffff
ffff
ffff
ffff
ffff
ffff
ffff
ffff
ffff
ffff
ffff
ffff
ffff
ffff
ffff
ffff
ffff
ffff
ffff
ffff
ffff
ffff
ffff
ffff
ffff
ffff
ffff
ffff
ffff
ffff
ffff
ffff
ffff
ffff
ffff
ffff
ffff
ffff
ffff
ffff
ffff
ffff
ffff
ffff
ffff
ffff
ffff
ffff
ffff
ffff
ffff
ffff
ffff
ffff
ffff
ffff
ffff
ffff
ffff
ffff
ffff
ffff
ffff
ffff
ffff
ffff
ffff
ffff
ffff
ffff
ffff
ffff
ffff
ffff
ffff
ffff
ffff
ffff
ffff
ffff
ffff
ffff
ffff
ffff
ffff
ffff
ffff
ffff
ffff
ffff
ffff
ffff
ffff
ffff
ffff
ffff
ffff
ffff
ffff
ffff
ffff
ffff
ffff
ffff
ffff
ffff
ffff
ffff
ffff
ffff
ffff
ffff
ffff
ffff
ffff
ffff
ffff
ffff
ffff
ffff
ffff
ffff
ffff
ffff
ffff
ffff
ffff
ffff
ffff
ffff
ffff
ffff
ffff
ffff
ffff
ffff
ffff
ffff
ffff
ffff
ffff
ffff
ffff
ffff
ffff
ffff
ffff
ffff
ffff
ffff
ffff
ffff
ffff
ffff
ffff
ffff
ffff
ffff
ffff
ffff
ffff
ffff
ffff
ffff
ffff
ffff
ffff
ffff
ffff
ffff
ffff
ffff
ffff
ffff
ffff
ffff
ffff
ffff
ffff
ffff
ffff
ffff
ffff
ffff
ffff
ffff
ffff
ffff
ffff
ffff
ffff
ffff
ffff
ffff
ffff
ffff
ffff
ffff
ffff
ffff
ffff
ffff
ffff
ffff
ffff
ffff
ffff
ffff
ffff
ffff
ffff
ffff
ffff
ffff
ffff
ffff
ffff
ffff
ffff
ffff
ffff
ffff
ffff
ffff
ffff
ffff
ffff
ffff
ffff
ffff
ffff
ffff
ffff
ffff
ffff
ffff
ffff
ffff
ffff
ffff
ffff
ffff
ffff
ffff
ffff
ffff
ffff
ffff
ffff
ffff
ffff
ffff
ffff
ffff
ffff
ffff
ffff
ffff
ffff
ffff
ffff
ffff
ffff
ffff
ffff
ffff
ffff
ffff
ffff
ffff
ffff
ffff
ffff
ffff
ffff
ffff
ffff
ffff
ffff
ffff
ffff
ffff
ffff
ffff
ffff
ffff
ffff
ffff
ffff
ffff
ffff
ffff
ffff
ffff
ffff
ffff
ffff
ffff
ffff
ffff
ffff
ffff
ffff
ffff
ffff
ffff
ffff
ffff
ffff
ffff
ffff
ffff
ffff
ffff
ffff
ffff
ffff
ffff
ffff
ffff
ffff
ffff
ffff
ffff
ffff
ffff
ffff
ffff
ffff
ffff
ffff
ffff
ffff
ffff
ffff
ffff
ffff
ffff
ffff
ffff
ffff
ffff
ffff
ffff
ffff
ffff
ffff
ffff
ffff
ffff
ffff
ffff
ffff
ffff
ffff
ffff
ffff
ffff
ffff
ffff
ffff
ffff
ffff
ffff
ffff
ffff
ffff
ffff
ffff
ffff
ffff
ffff
ffff
ffff
ffff
ffff
ffff
ffff
ffff
ffff
ffff
ffff
ffff
ffff
ffff
ffff
ffff
ffff
ffff
ffff
ffff
ffff
ffff
ffff
ffff
ffff
ffff
ffff
ffff
ffff
ffff
ffff
ffff
ffff
ffff
ffff
ffff
ffff
ffff
ffff
ffff
ffff
ffff
ffff
ffff
ffff
ffff
ffff
ffff
ffff
ffff
ffff
ffff
ffff
ffff
ffff
ffff
ffff
ffff
ffff
ffff
ffff
ffff
ffff
ffff
ffff
ffff
ffff
ffff
ffff
ffff
ffff
ffff
ffff
ffff
ffff
ffff
ffff
ffff
ffff
ffff
ffff
ffff
ffff
ffff
ffff
ffff
ffff
ffff
ffff
ffff
ffff
ffff
ffff
ffff
ffff
ffff
ffff
ffff
ffff
ffff
ffff
ffff
ffff
ffff
ffff
ffff
ffff
ffff
ffff
ffff
ffff
ffff
ffff
ffff
ffff
ffff
ffff
ffff
ffff
ffff
ffff
ffff
ffff
ffff
ffff
ffff
ffff
ffff
ffff
ffff
ffff
ffff
ffff
ffff
ffff
ffff
ffff
ffff
ffff
ffff
ffff
ffff
ffff
ffff
ffff
ffff
ffff
ffff
ffff
ffff
ffff
ffff
ffff
ffff
ffff
ffff
ffff
ffff
ffff
ffff
ffff
ffff
ffff
ffff
ffff
ffff
ffff
ffff
ffff
ffff
ffff
ffff
ffff
ffff
ffff
ffff
ffff
ffff
ffff
ffff
ffff
ffff
ffff
ffff
ffff
ffff
ffff
ffff
ffff
ffff
ffff
ffff
ffff
ffff
ffff
ffff
ffff
ffff
ffff
ffff
ffff
ffff
ffff
ffff
ffff
ffff
ffff
ffff
ffff
ffff
ffff
ffff
ffff
ffff
ffff
ffff
ffff
ffff
ffff
ffff
ffff
ffff
ffff
ffff
ffff
ffff
ffff
ffff
ffff
ffff
ffff
ffff
ffff
ffff
ffff
ffff
ffff
ffff
ffff
ffff
ffff
ffff
ffff
ffff
ffff
ffff
ffff
ffff
ffff
ffff
ffff
ffff
ffff
ffff
ffff
ffff
ffff
ffff
ffff
ffff
ffff
ffff
ffff
ffff
ffff
ffff
ffff
ffff
ffff
ffff
ffff
ffff
ffff
ffff
ffff
ffff
ffff
ffff
ffff
ffff
ffff
ffff
ffff
ffff
ffff
ffff
ffff
ffff
ffff
ffff
ffff
ffff
ffff
ffff
ffff
ffff
ffff
ffff
ffff
ffff
ffff
ffff
ffff
ffff
ffff
ffff
ffff
ffff
ffff
ffff
ffff
ffff
ffff
ffff
ffff
ffff
ffff
ffff
ffff
ffff
ffff
ffff
ffff
ffff
ffff
ffff
ffff
ffff
ffff
ffff
ffff
ffff
ffff
ffff
ffff
ffff
ffff
ffff
ffff
ffff
ffff
ffff
ffff
ffff
ffff
ffff
ffff
ffff
ffff
ffff
ffff
ffff
ffff
ffff
ffff
ffff
ffff
ffff
ffff
ffff
ffff
ffff
ffff
ffff
ffff
ffff
ffff
ffff
ffff
ffff
ffff
ffff
ffff
ffff
ffff
ffff
ffff
ffff
ffff
ffff
ffff
ffff
ffff
ffff
ffff
ffff
ffff
ffff
ffff
ffff
ffff
ffff
ffff
ffff
ffff
ffff
ffff
ffff
ffff
ffff
ffff
ffff
ffff
ffff
ffff
ffff
ffff
ffff
ffff
ffff
ffff
ffff
ffff
ffff
ffff
ffff
ffff
ffff
ffff
ffff
ffff
ffff
ffff
ffff
ffff
ffff
ffff
ffff
ffff
ffff
ffff
ffff
ffff
ffff
ffff
ffff
ffff
ffff
ffff
ffff
ffff
ffff
ffff
ffff
ffff
ffff
ffff
ffff
ffff
ffff
ffff
ffff
ffff
ffff
ffff
ffff
ffff
ffff
ffff
ffff
ffff
ffff
ffff
ffff
ffff
ffff
ffff
ffff
ffff
ffff
ffff
ffff
ffff
ffff
ffff
ffff
ffff
ffff
ffff
ffff
ffff
ffff
ffff
ffff
ffff
ffff
ffff
ffff
ffff
ffff
ffff
ffff
ffff
ffff
ffff
ffff
ffff
ffff
ffff
ffff
ffff
ffff
ffff
ffff
ffff
ffff
ffff
ffff
ffff
ffff
ffff
ffff
ffff
ffff
ffff
ffff
ffff
ffff
ffff
ffff
ffff
ffff
ffff
ffff
ffff
ffff
ffff
ffff
ffff
ffff
ffff
ffff
ffff
ffff
ffff
ffff
ffff
ffff
ffff
ffff
ffff
ffff
ffff
ffff
ffff
ffff
ffff
ffff
ffff
ffff
ffff
ffff
ffff
ffff
ffff
ffff
ffff
ffff
ffff
ffff
ffff
ffff
ffff
ffff
ffff
ffff
ffff
ffff
ffff
ffff
ffff
ffff
ffff
ffff
ffff
ffff
ffff
ffff
ffff
ffff
ffff
ffff
ffff
ffff
ffff
ffff
ffff
ffff
ffff
ffff
ffff
ffff
ffff
ffff
ffff
ffff
ffff
ffff
ffff
ffff
ffff
ffff
ffff
ffff
ffff
ffff
ffff
ffff
ffff
ffff
ffff
ffff
ffff
ffff
ffff
ffff
ffff
ffff
ffff
ffff
ffff
ffff
ffff
ffff
ffff
ffff
ffff
ffff
ffff
ffff
ffff
ffff
ffff
ffff
ffff
ffff
ffff
ffff
ffff
ffff
ffff
ffff
ffff
ffff
ffff
ffff
ffff
ffff
ffff
ffff
ffff
ffff
ffff
ffff
ffff
ffff
ffff
ffff
ffff
ffff
ffff
ffff
ffff
ffff
ffff
ffff
ffff
ffff
ffff
ffff
ffff
ffff
ffff
ffff
ffff
ffff
ffff
ffff
ffff
ffff
ffff
ffff
ffff
ffff
ffff
ffff
ffff
ffff
ffff
ffff
ffff
ffff
ffff
ffff
ffff
ffff
ffff
ffff
ffff
ffff
ffff
ffff
ffff
ffff
ffff
ffff
ffff
ffff
ffff
ffff
ffff
ffff
ffff
ffff
ffff
ffff
ffff
ffff
ffff
ffff
ffff
ffff
ffff
ffff
ffff
ffff
ffff
ffff
ffff
ffff
ffff
ffff
ffff
ffff
ffff
ffff
ffff
ffff
ffff
ffff
ffff
ffff
ffff
ffff
ffff
ffff
ffff
ffff
ffff
ffff
ffff
ffff
ffff
ffff
ffff
ffff
ffff
ffff
ffff
ffff
ffff
ffff
ffff
ffff
ffff
ffff
ffff
ffff
ffff
ffff
ffff
ffff
ffff
ffff
ffff
ffff
ffff
ffff
ffff
ffff
ffff
ffff
ffff
ffff
ffff
ffff
ffff
ffff
ffff
ffff
ffff
ffff
ffff
ffff
ffff
ffff
ffff
ffff
ffff
ffff
ffff
ffff
ffff
ffff
ffff
ffff
ffff
ffff
ffff
ffff
ffff
ffff
ffff
ffff
ffff
ffff
ffff
ffff
ffff
ffff
ffff
ffff
ffff
ffff
ffff
ffff
ffff
ffff
ffff
ffff
ffff
ffff
ffff
ffff
ffff
ffff
ffff
ffff
ffff
ffff
ffff
ffff
ffff
ffff
ffff
ffff
ffff
ffff
ffff
ffff
ffff
ffff
ffff
ffff
ffff
ffff
ffff
ffff
ffff
ffff
ffff
ffff
ffff
ffff
ffff
ffff
ffff
ffff
ffff
ffff
ffff
ffff
ffff
ffff
ffff
ffff
ffff
ffff
ffff
ffff
ffff
ffff
ffff
ffff
ffff
ffff
ffff
ffff
ffff
ffff
ffff
ffff
ffff
ffff
ffff
ffff
ffff
ffff
ffff
ffff
ffff
ffff
ffff
ffff
ffff
ffff
ffff
ffff
ffff
ffff
ffff
ffff
ffff
ffff
ffff
ffff
ffff
ffff
ffff
ffff
ffff
ffff
ffff
ffff
ffff
ffff
ffff
ffff
ffff
ffff
ffff
ffff
ffff
ffff
ffff
ffff
ffff
ffff
ffff
ffff
ffff
ffff
ffff
ffff
ffff
ffff
ffff
ffff
ffff
ffff
ffff
ffff
ffff
ffff
ffff
ffff
ffff
ffff
ffff
ffff
ffff
ffff
ffff
ffff
ffff
ffff
ffff
ffff
ffff
ffff
ffff
ffff
ffff
ffff
ffff
ffff
ffff
ffff
ffff
ffff
ffff
ffff
ffff
ffff
ffff
ffff
ffff
ffff
ffff
ffff
ffff
ffff
ffff
ffff
ffff
ffff
ffff
ffff
ffff
ffff
ffff
ffff
ffff
ffff
ffff
ffff
ffff
ffff
ffff
ffff
ffff
ffff
ffff
ffff
ffff
ffff
ffff
ffff
ffff
ffff
ffff
ffff
ffff
ffff
ffff
ffff
ffff
ffff
ffff
ffff
ffff
ffff
ffff
ffff
ffff
ffff
ffff
ffff
ffff
ffff
ffff
ffff
ffff
ffff
ffff
ffff
ffff
ffff
ffff
ffff
ffff
ffff
ffff
ffff
ffff
ffff
ffff
ffff
ffff
ffff
ffff
ffff
ffff
ffff
ffff
ffff
ffff
ffff
ffff
ffff
ffff
ffff
ffff
ffff
ffff
ffff
ffff
ffff
ffff
ffff
ffff
ffff
ffff
ffff
ffff
ffff
ffff
ffff
ffff
ffff
ffff
ffff
ffff
ffff
ffff
ffff
ffff
ffff
ffff
ffff
ffff
ffff
ffff
ffff
ffff
ffff
ffff
ffff
ffff
ffff
ffff
ffff
ffff
ffff
ffff
ffff
ffff
ffff
ffff
ffff
ffff
ffff
ffff
ffff
ffff
ffff
ffff
ffff
ffff
ffff
ffff
ffff
ffff
ffff
ffff
ffff
ffff
ffff
ffff
ffff
ffff
ffff
ffff
ffff
ffff
ffff
ffff
ffff
ffff
ffff
ffff
ffff
ffff
ffff
ffff
ffff
ffff
ffff
ffff
ffff
ffff
ffff
ffff
ffff
ffff
ffff
ffff
ffff
ffff
ffff
ffff
ffff
ffff
ffff
ffff
ffff
ffff
ffff
ffff
ffff
ffff
ffff
ffff
ffff
ffff
ffff
ffff
ffff
ffff
ffff
ffff
ffff
ffff
ffff
ffff
ffff
ffff
ffff
ffff
ffff
ffff
ffff
ffff
ffff
ffff
ffff
ffff
ffff
ffff
ffff
ffff
ffff
ffff
ffff
ffff
ffff
ffff
ffff
ffff
ffff
ffff
ffff
ffff
ffff
ffff
ffff
ffff
ffff
ffff
ffff
ffff
ffff
ffff
ffff
ffff
ffff
ffff
ffff
ffff
ffff
ffff
ffff
ffff
ffff
ffff
ffff
ffff
ffff
ffff
ffff
ffff
ffff
ffff
ffff
ffff
ffff
ffff
ffff
ffff
ffff
ffff
ffff
ffff
ffff
ffff
ffff
ffff
ffff
ffff
ffff
ffff
ffff
ffff
ffff
ffff
ffff
ffff
ffff
ffff
ffff
ffff
ffff
ffff
ffff
ffff
ffff
ffff
ffff
ffff
ffff
ffff
ffff
ffff
ffff
ffff
ffff
ffff
ffff
ffff
ffff
ffff
ffff
ffff
ffff
ffff
ffff
ffff
ffff
ffff
ffff
ffff
ffff
ffff
ffff
ffff
ffff
ffff
ffff
ffff
ffff
ffff
ffff
ffff
ffff
ffff
ffff
ffff
ffff
ffff
ffff
ffff
ffff
ffff
ffff
ffff
ffff
ffff
ffff
ffff
ffff
ffff
ffff
ffff
ffff
ffff
ffff
ffff
ffff
ffff
ffff
ffff
ffff
ffff
ffff
ffff
ffff
ffff
ffff
ffff
ffff
ffff
ffff
ffff
ffff
ffff
ffff
ffff
ffff
ffff
ffff
ffff
ffff
ffff
ffff
ffff
ffff
ffff
ffff
ffff
ffff
ffff
ffff
ffff
ffff
ffff
ffff
ffff
ffff
ffff
ffff
ffff
ffff
ffff
ffff
ffff
ffff
ffff
ffff
ffff
ffff
ffff
ffff
ffff
ffff
ffff
ffff
ffff
ffff
ffff
ffff
ffff
ffff
ffff
ffff
ffff
ffff
ffff
ffff
ffff
ffff
ffff
ffff
ffff
ffff
ffff
ffff
ffff
ffff
ffff
ffff
ffff
ffff
ffff
ffff
ffff
ffff
ffff
ffff
ffff
ffff
ffff
ffff
ffff
ffff
ffff
ffff
ffff
ffff
ffff
ffff
ffff
ffff
ffff
ffff
ffff
ffff
ffff
ffff
ffff
ffff
ffff
ffff
ffff
ffff
ffff
ffff
ffff
ffff
ffff
ffff
ffff
ffff
ffff
ffff
ffff
ffff
ffff
ffff
ffff
ffff
ffff
ffff
ffff
ffff
ffff
ffff
ffff
ffff
ffff
ffff
ffff
ffff
ffff
ffff
ffff
ffff
ffff
ffff
ffff
ffff
ffff
ffff
ffff
ffff
ffff
ffff
ffff
ffff
ffff
ffff
ffff
ffff
ffff
ffff
ffff
ffff
ffff
ffff
ffff
ffff
ffff
ffff
ffff
ffff
ffff
ffff
ffff
ffff
ffff
ffff
ffff
ffff
ffff
ffff
ffff
ffff
ffff
ffff
ffff
ffff
ffff
ffff
ffff
ffff
ffff
ffff
ffff
ffff
ffff
ffff
ffff
ffff
ffff
ffff
ffff
ffff
ffff
ffff
ffff
ffff
ffff
ffff
ffff
ffff
ffff
ffff
ffff
ffff
ffff
ffff
ffff
ffff
ffff
ffff
ffff
ffff
ffff
ffff
ffff
ffff
ffff
ffff
ffff
ffff
ffff
ffff
ffff
ffff
ffff
ffff
ffff
ffff
ffff
ffff
ffff
ffff
ffff
ffff
ffff
ffff
ffff
ffff
ffff
ffff
ffff
ffff
ffff
ffff
ffff
ffff
ffff
ffff
ffff
ffff
ffff
ffff
ffff
ffff
ffff
ffff
ffff
ffff
ffff
ffff
ffff
ffff
ffff
ffff
ffff
ffff
ffff
ffff
ffff
ffff
ffff
ffff
ffff
ffff
ffff
ffff
ffff
ffff
ffff
ffff
ffff
ffff
ffff
ffff
ffff
ffff
ffff
ffff
ffff
ffff
ffff
ffff
ffff
ffff
ffff
ffff
ffff
ffff
ffff
ffff
ffff
ffff
ffff
ffff
ffff
ffff
ffff
ffff
ffff
ffff
ffff
ffff
ffff
ffff
ffff
ffff
ffff
ffff
ffff
ffff
ffff
ffff
ffff
ffff
ffff
ffff
ffff
ffff
ffff
ffff
ffff
ffff
ffff
ffff
ffff
ffff
ffff
ffff
ffff
ffff
ffff
ffff
ffff
ffff
ffff
ffff
ffff
ffff
ffff
ffff
ffff
ffff
ffff
ffff
ffff
ffff
ffff
ffff
ffff
ffff
ffff
ffff
ffff
ffff
ffff
ffff
ffff
ffff
ffff
ffff
ffff
ffff
ffff
ffff
ffff
ffff
ffff
ffff
ffff
ffff
ffff
ffff
ffff
ffff
ffff
ffff
ffff
ffff
ffff
ffff
ffff
ffff
ffff
ffff
ffff
ffff
ffff
ffff
ffff
ffff
ffff
ffff
ffff
ffff
ffff
ffff
ffff
ffff
ffff
ffff
ffff
ffff
ffff
ffff
ffff
ffff
ffff
ffff
ffff
ffff
ffff
ffff
ffff
ffff
ffff
ffff
ffff
ffff
ffff
ffff
ffff
ffff
ffff
ffff
ffff
ffff
ffff
ffff
ffff
ffff
ffff
ffff
ffff
ffff
ffff
ffff
ffff
ffff
ffff
ffff
ffff
ffff
ffff
ffff
ffff
ffff
ffff
ffff
ffff
ffff
ffff
ffff
ffff
ffff
ffff
ffff
ffff
ffff
ffff
ffff
ffff
ffff
ffff
ffff
ffff
ffff
ffff
ffff
ffff
ffff
ffff
ffff
ffff
ffff
ffff
ffff
ffff
ffff
ffff
ffff
ffff
ffff
ffff
ffff
ffff
ffff
ffff
ffff
ffff
ffff
ffff
ffff
ffff
ffff
ffff
ffff
ffff
ffff
ffff
ffff
ffff
ffff
ffff
ffff
ffff
ffff
ffff
ffff
ffff
ffff
ffff
ffff
ffff
ffff
ffff
ffff
ffff
ffff
ffff
ffff
ffff
ffff
ffff
ffff
ffff
ffff
ffff
ffff
ffff
ffff
ffff
ffff
ffff
ffff
ffff
ffff
ffff
ffff
ffff
ffff
ffff
ffff
ffff
ffff
ffff
ffff
ffff
ffff
ffff
ffff
ffff
ffff
ffff
ffff
ffff
ffff
ffff
ffff
ffff
ffff
ffff
ffff
ffff
ffff
ffff
ffff
ffff
ffff
ffff
ffff
ffff
ffff
ffff
ffff
ffff
ffff
ffff
ffff
ffff
ffff
ffff
ffff
ffff
ffff
ffff
ffff
ffff
ffff
ffff
ffff
ffff
ffff
ffff
ffff
ffff
ffff
ffff
ffff
ffff
ffff
ffff
ffff
ffff
ffff
ffff
ffff
ffff
ffff
ffff
ffff
ffff
ffff
ffff
ffff
ffff
ffff
ffff
ffff
ffff
ffff
ffff
ffff
ffff
ffff
ffff
ffff
ffff
ffff
ffff
ffff
ffff
ffff
ffff
ffff
ffff
ffff
ffff
ffff
ffff
ffff
ffff
ffff
ffff
ffff
ffff
ffff
ffff
ffff
ffff
ffff
ffff
ffff
ffff
ffff
ffff
ffff
ffff
ffff
ffff
ffff
ffff
ffff
ffff
ffff
ffff
ffff
ffff
ffff
ffff
ffff
ffff
ffff
ffff
ffff
ffff
ffff
ffff
ffff
ffff
ffff
ffff
ffff
ffff
ffff
ffff
ffff
ffff
ffff
ffff
ffff
ffff
ffff
ffff
ffff
ffff
ffff
ffff
ffff
ffff
ffff
ffff
ffff
ffff
ffff
ffff
ffff
ffff
ffff
ffff
ffff
ffff
ffff
ffff
ffff
ffff
ffff
ffff
ffff
ffff
ffff
ffff
ffff
ffff
ffff
ffff
ffff
ffff
ffff
ffff
ffff
ffff
ffff
ffff
ffff
ffff
ffff
ffff
ffff
ffff
ffff
ffff
ffff
ffff
ffff
ffff
ffff
ffff
ffff
ffff
ffff
ffff
ffff
ffff
ffff
ffff
ffff
ffff
ffff
ffff
ffff
ffff
ffff
ffff
ffff
ffff
ffff
ffff
ffff
ffff
ffff
ffff
ffff
ffff
ffff
ffff
ffff
ffff
ffff
ffff
ffff
ffff
ffff
ffff
ffff
ffff
ffff
ffff
ffff
ffff
ffff
ffff
ffff
ffff
ffff
ffff
ffff
ffff
ffff
ffff
ffff
ffff
ffff
ffff
ffff
ffff
ffff
ffff
ffff
ffff
ffff
ffff
ffff
ffff
ffff
ffff
ffff
ffff
ffff
ffff
ffff
ffff
ffff
ffff
ffff
ffff
ffff
ffff
ffff
ffff
ffff
ffff
ffff
ffff
ffff
ffff
ffff
ffff
ffff
ffff
ffff
ffff
ffff
ffff
ffff
ffff
ffff
ffff
ffff
ffff
ffff
ffff
ffff
ffff
ffff
ffff
ffff
ffff
ffff
ffff
ffff
ffff
ffff
ffff
ffff
ffff
ffff
ffff
ffff
ffff
ffff
ffff
ffff
ffff
ffff
ffff
ffff
ffff
ffff
ffff
ffff
ffff
ffff
ffff
ffff
ffff
ffff
ffff
ffff
ffff
ffff
ffff
ffff
ffff
ffff
ffff
ffff
ffff
ffff
ffff
ffff
ffff
ffff
ffff
ffff
ffff
ffff
ffff
ffff
ffff
ffff
ffff
ffff
ffff
ffff
ffff
ffff
ffff
ffff
ffff
ffff
ffff
ffff
ffff
ffff
ffff
ffff
ffff
ffff
ffff
ffff
ffff
ffff
ffff
ffff
ffff
ffff
ffff
ffff
ffff
ffff
ffff
ffff
ffff
ffff
ffff
ffff
ffff
ffff
ffff
ffff
ffff
ffff
ffff
ffff
ffff
ffff
ffff
ffff
ffff
ffff
ffff
ffff
ffff
ffff
ffff
ffff
ffff
ffff
ffff
ffff
ffff
ffff
ffff
ffff
ffff
ffff
ffff
ffff
ffff
ffff
ffff
ffff
ffff
ffff
ffff
ffff
ffff
ffff
ffff
ffff
ffff
ffff
ffff
ffff
ffff
ffff
ffff
ffff
ffff
ffff
ffff
ffff
ffff
ffff
ffff
ffff
ffff
ffff
ffff
ffff
ffff
ffff
ffff
ffff
ffff
ffff
ffff
ffff
ffff
ffff
ffff
ffff
ffff
ffff
ffff
ffff
ffff
ffff
ffff
ffff
ffff
ffff
ffff
ffff
ffff
ffff
ffff
ffff
ffff
ffff
ffff
ffff
ffff
ffff
ffff
ffff
ffff
ffff
ffff
ffff
ffff
ffff
ffff
ffff
ffff
ffff
ffff
ffff
ffff
ffff
ffff
ffff
ffff
ffff
ffff
ffff
ffff
ffff
ffff
ffff
ffff
ffff
ffff
ffff
ffff
ffff
ffff
ffff
ffff
ffff
ffff
ffff
ffff
ffff
ffff
ffff
ffff
ffff
ffff
ffff
ffff
ffff
ffff
ffff
ffff
ffff
ffff
ffff
ffff
ffff
ffff
ffff
ffff
ffff
ffff
ffff
ffff
ffff
ffff
ffff
ffff
ffff
ffff
ffff
ffff
ffff
ffff
ffff
ffff
ffff
ffff
ffff
ffff
ffff
ffff
ffff
ffff
ffff
ffff
ffff
ffff
ffff
ffff
ffff
ffff
ffff
ffff
ffff
ffff
ffff
ffff
ffff
ffff
ffff
ffff
ffff
ffff
ffff
ffff
ffff
ffff
ffff
ffff
ffff
ffff
ffff
ffff
ffff
ffff
ffff
ffff
ffff
ffff
ffff
ffff
ffff
ffff
ffff
ffff
ffff
ffff
ffff
ffff
ffff
ffff
ffff
ffff
ffff
ffff
ffff
ffff
ffff
ffff
ffff
ffff
ffff
ffff
ffff
ffff
ffff
ffff
ffff
ffff
ffff
ffff
ffff
ffff
ffff
ffff
ffff
ffff
ffff
ffff
ffff
ffff
ffff
ffff
ffff
ffff
ffff
ffff
ffff
ffff
ffff
ffff
ffff
ffff
ffff
ffff
ffff
ffff
ffff
ffff
ffff
ffff
ffff
ffff
ffff
ffff
ffff
ffff
ffff
ffff
ffff
ffff
ffff
ffff
ffff
ffff
ffff
ffff
ffff
ffff
ffff
ffff
ffff
ffff
ffff
ffff
ffff
ffff
ffff
ffff
ffff
ffff
ffff
ffff
ffff
ffff
ffff
ffff
ffff
ffff
ffff
ffff
ffff
ffff
ffff
ffff
ffff
ffff
ffff
ffff
ffff
ffff
ffff
ffff
ffff
ffff
ffff
ffff
ffff
ffff
ffff
ffff
ffff
ffff
ffff
ffff
ffff
ffff
ffff
0000
0000
0000
0000
1818
1818
0018
1800
3636
4800
0000
0000
1212
7f12
7f24
2400
083f
483e
097e
0800
7152
7408
1725
4700
1824
1829
4546
3900
3030
4000
0000
0000
0c10
2020
2010
0c00
3008
0404
0408
3000
0008
2a1c
2a08
0000
0808
087f
0808
0800
0000
0000
0030
3040
0000
007f
0000
0000
0000
0000
0030
3000
0102
0408
1020
4000
1e33
3333
3333
1e00
1838
1818
1818
3c00
3e63
630e
3860
7f00
3e63
031e
0363
3e00
060e
1e36
667f
0600
7e60
7e63
0363
3e00
3e63
607e
6363
3e00
3f63
0606
0c0c
1800
3e63
633e
6363
3e00
3e63
633f
0363
3e00
0018
1800
0018
1800
0018
1800
0018
1820
030c
3040
300c
0300
0000
7f00
7f00
0000
6018
0601
0618
6000
3e63
031e
1800
1800
3c42
3949
4949
3600
1c1c
3636
7f63
6300
7e63
637e
6363
7e00
3e73
6060
6073
3e00
7e63
6363
6363
7e00
3f30
303e
3030
3f00
3f30
303e
3030
3000
3e73
6067
6373
3e00
6666
667e
6666
6600
1818
1818
1818
1800
0c0c
0c0c
cccc
7800
6366
6c78
6c66
6300
6060
6060
6060
7f00
6377
7f6b
6b63
6300
6373
7b7f
6f67
6300
3e63
6363
6363
3e00
7e63
637e
6060
6000
3e63
6363
6f63
3f00
7e63
637e
6866
6700
3e63
703e
0763
3e00
7e18
1818
1818
1800
6666
6666
6666
3c00
6363
6336
361c
1c00
6b6b
6b6b
6b7f
3600
6363
361c
3663
6300
6666
663c
1818
1800
7f07
0e1c
3870
7f00
3820
2020
2020
3800
6322
3e08
3e08
1c00
1c04
0404
0404
1c00
0000
0814
2241
0000
0000
0000
0000
7f00
0000
0018
1800
0000
0000
3c46
3e66
3b00
6060
6c7e
6666
7c00
0000
3c66
6066
3c00
0606
3e66
6676
3e00
0000
3c66
7e60
3c00
001c
3678
3030
3000
0000
3c66
663e
063c
3030
3c36
3636
3600
1800
1818
1818
1800
0c00
0c0c
0c6c
7c38
3033
363c
3c36
3300
1818
1818
1818
1800
0000
766d
6d6d
6d00
0000
3c32
3232
3200
0000
3c66
6666
3c00
0000
7c66
6676
6c60
0000
3e66
666e
3606
0000
363a
3030
3000
0000
1e30
1c06
3c00
1818
3c18
1818
0c00
0000
6666
6666
3d00
0000
6363
3636
1c00
0000
6d6d
6d6d
3600
0000
663c
183c
6600
0000
6363
361c
1830
0000
7e0c
1830
7e00
1810
1020
1010
1800
0808
0800
0808
0800
1808
0804
0808
1800
0000
317f
4e00
0000
3c42
999f
9942
3c00
0153
8005
0e16
2c27
7038
ec81
050f
1514
2631
376b
476e
58e3
68e6
7511
8204
0516
2a27
6738
e248
f078
df83
0632
8406
2718
ef85
0634
18ee
8604
0216
2b27
6d87
0403
162d
28e7
8803
0016
2627
7238
f489
0404
162f
28eb
8a04
0616
3028
ea8b
0512
1766
28de
38ed
776c
8c07
748d
0510
176a
28f1
8e06
2e18
f2ff
ff87
fc3f
e1ff
0ff8
7fc3
fe1f
e05f
f87f
c3fe
1ff0
ff87
fc3f
e1bf
fe05
ff02
ff81
7fc0
bfe0
5ff0
2ff8
17fc
0b18
c631
8c63
18c6
31d7
3c63
c6e8
c631
8c63
18c6
318b
e78c
6318
c631
7bb7
5835
ba66
8c63
8d84
6564
c7d7
37ee
aa6d
ffde
e78c
635f
0c53
9f2d
b866
fce5
b9f7
b0df
8c63
1773
0276
e432
76bc
c81d
18c6
318c
5fa4
75b8
9197
106c
b0a3
8367
a045
854f
7065
d164
f245
868b
2706
5d4b
271b
2c34
aa1d
d0e2
fd2a
ef2f
e957
b57f
4ab9
ba2f
e961
2fce
4974
d4bb
d9e0
b9b3
e905
9714
3ba0
b997
f8b9
97f8
b997
f8bb
cbfb
5de5
ee86
99fb
a154
3f8a
ad53
2075
2153
2073
f485
4c64
fd33
b207
68b2
c101
6953
21cd
5303
e496
fa5d
18c6
3177
33b9
9d18
d1d1
8c63
18c6
318e
bca3
18c6
318c
631d
73c6
318c
6318
ee9b
6c63
18c6
31ff
c463
18c6
31f4
d648
b0ee
8292
2fe9
7312
2f72
cba1
22fe
9564
48bf
b552
45fe
2b8d
61fb
5706
5fda
ef2e
9543
f392
5fd2
c3a4
97f6
b0cd
0fda
c164
bdda
aacd
a6a5
6fda
c164
7dd0
ee56
4fda
c159
21fa
5564
3877
4152
dfde
ade3
89af
09d4
8735
b79f
2ff3
95a1
d313
8fd3
6cc6
efdb
1902
76d0
e277
ed9c
1c4e
adc4
e276
db09
c4ea
ece6
7733
b99d
ccee
676b
9e31
8c63
18c7
8fb1
fc3d
2318
c75d
95bd
d5cc
6853
1a75
03bd
b3c6
3c76
3ddf
b698
81ff
e7ff
5fca
5fed
2c71
b3fa
dcbf
afff
9eb3
eaeb
3185
e7d7
fe26
c66f
eb72
fe3f
fe7f
93fe
715b
7230
9827
eeaa
b475
edfe
47ed
facd
2dfd
cdbf
f8ff
45bf
c82c
10e6
b85b
34ff
f8ff
c7fe
3f90
5ff8
f44a
ffd0
608d
2d07
31a1
a7fe
3ff1
cad4
b45a
9823
5b7e
08d3
7eda
63fe
47fd
edff
c7f9
faff
6f7b
4e80
c4e6
877b
1fa5
ed78
e7f4
434b
662f
fc0e
b3f4
ebfe
3f59
8409
873f
2b42
73a7
3a7e
e875
714d
c7c8
bd3a
cfd3
f93f
b74e
a430
d7e0
932b
5f85
f9fa
aa79
22c3
f4af
7065
8775
091b
3d1d
cf9b
177e
df59
0b35
f671
d9fb
5d4c
9fa5
d4ac
9542
a643
cc77
ffde
d98f
9138
a627
138b
b36b
8b9c
1b89
d68b
49c4
60dc
4e27
0371
389c
5613
89c5
6138
9c4e
adc4
e271
584e
2ec2
713a
be04
edae
793b
6d8f
7138
aca1
38ac
c5c5
66be
1b9d
18c6
318c
63b9
c518
c63c
6ebb
1b2e
06fe
07de
85c9
3bda
3bb8
5380
b838
bff1
cfcb
f733
a4e2
7ea5
69c6
13e1
34ee
ffc1
f79c
c613
bce6
9f9f
d0c2
4e27
3461
38b1
2ae4
68ad
6b1d
4c4b
6a37
121d
fc53
cc4d
9cc2
784e
8698
210b
f047
1e76
0469
054b
457f
d2d5
beb0
5833
c82b
7ee4
dc60
9967
712b
1ab5
80cb
8621
e40e
f3d3
57f8
b485
5807
54d3
8470
b9d7
709b
fa17
7f82
9c2b
1fb9
c33b
27f2
190e
71c1
0c16
be1b
ac79
50ee
7508
c1a0
fdba
3498
81a1
e04e
ba67
10b2
e2ef
20f7
7977
ccf1
b410
2158
42bf
9daf
3cd8
21a1
b75f
f1c5
a8d7
db7c
9af3
4c87
5da3
68b5
26bc
c5a5
90ff
383c
8d2d
cabf
d1f5
ff1e
f3bc
d0d2
d924
bfaf
fb9e
7e9d
bcff
cbe7
4edc
8f24
e92e
8869
6cc4
2f32
f4b5
2ddb
6dfc
e139
face
5d0d
2486
9dbf
b997
4924
ba24
b91f
17f2
2f6f
e418
feb7
23ca
6ac1
25b3
6d3e
be70
87d6
77f1
31a7
f899
01b7
80ac
2677
8acc
8d9f
58bc
d014
c982
5b31
0bff
e18f
f023
18c6
31ff
03fb
2318
c631
8c63
18c6
31c5
d18c
799d
adc5
70c5
c39e
8e07
7875
c279
8d35
d936
2e9a
f756
2f69
e6b6
f69c
fbcd
0d02
4c77
9a1d
ec86
b04e
a45d
40fb
da74
6308
ac98
4e2a
c158
2676
3075
41ad
4f0f
dee9
fbda
b4ff
6cf3
1870
69e6
9e66
5e44
1961
31ff
2961
a6a5
36f1
5d5b
fe10
fe93
6fb7
8304
e243
4f04
6dfc
f2aa
1c59
aa82
ef2c
b3ff
2ea9
34aa
92ef
784b
7f7e
aeda
bfb7
5497
795b
3787
6d5b
cb2f
f14b
8a55
7f6e
afed
ac97
3559
9735
5259
676c
c9bd
79c9
bb5b
fd79
e4bd
b9e5
bfbf
e19a
d464
b525
9fac
daa9
5f6f
6fee
9736
764e
295e
6bdb
6e5f
dbeb
b795
a0c3
a631
b7d0
efe4
f772
204f
7029
8a9c
8d0d
267f
ee4c
83ed
e5cf
fc63
bc6d
0998
1839
ad9a
f073
63c8
86bf
4c66
9f9f
66f7
4cc9
da96
e486
875e
462b
040d
0172
343f
e427
3ff6
0fb7
f39c
f91a
7edc
8f2f
dbf4
cad1
fb74
6bed
43be
dfe4
ff1d
0e6b
53fa
f79a
5b91
f4fd
be49
d10d
2de8
7f9c
b7a5
bd0f
f467
91a7
f5d0
d3f6
f2e7
c8d2
56a1
8797
edd2
d20c
924e
7207
9bac
c743
e9fd
bfd6
6cfc
e7fa
cfa4
a31e
668c
6318
c631
8f33
b758
35ba
63c5
c0ef
e370
c6c2
0747
4c77
d80f
ada6
bfa9
4efc
33df
8716
1fd2
3efe
bc13
0f0c
37fc
25bf
e125
d2a9
6ff1
49b8
bc73
c348
690a
a1fb
582f
e96a
87f1
78b4
dfde
ab37
14b3
fff5
7c78
bf7b
c50f
0927
87f6
f7f7
f8a1
bffd
282b
6796
735d
5bff
e286
792c
38b3
67cd
6cb3
f6e7
cd54
b7ff
c59a
a971
76ae
f2e6
5dea
a4bb
de1f
db5d
9b3f
9756
6f09
786f
55b3
fd6b
9b8b
3784
b8b6
6cd9
b367
6d52
5d9d
abb3
66cd
9fdb
4d99
9737
5cb3
cb20
7da9
95b9
bf27
6ecc
dd3f
b77e
cff5
a73f
27c9
0e6b
5fce
863f
6f7e
5583
2b4b
9d32
b492
479b
a4b2
cc72
e899
90f2
8c47
34dc
7fb6
d640
86bd
a7ae
b787
9526
214a
de2b
a11d
0107
9250
1079
4b14
158d
6c75
ee29
8ddc
643f
6f91
d69c
fd7c
e39d
1fb6
dc8c
b12b
5e4f
ac64
6368
e715
8c8a
dfc9
da47
2e74
e7eb
fdbe
5fb7
bcf2
4305
921a
5a9c
fbc8
696e
7915
a8bb
dd3b
7f39
24fe
5f4c
c9db
d249
feb4
d9fc
bb7b
7a1c
933c
ba66
e918
f33b
73ae
1adc
0d31
7034
67b8
8275
381a
3677
bae0
6983
81df
8283
4c33
a757
161c
599b
8bae
ac13
a965
7b2a
1efe
fff8
a4b9
b8a4
d9f3
5b54
b9c1
261b
c923
5492
cb8b
32e6
cf25
fedd
fbcb
24b7
b7f6
e879
b24b
532d
ecfb
de1f
cbcf
2dfc
f2ff
14bc
24b2
e296
7855
2aa5
9f32
ffad
7355
05f1
e2d5
54aa
8714
bfc5
2e2c
d6d4
8724
b64b
6a73
ef26
4794
9656
ef2e
6b65
9f35
b2aa
4687
25de
b7fb
677e
65cd
95bf
cbfc
99ff
2d73
2ecd
9b36
6cd9
fdbe
9b3f
96bb
366c
d9fc
b5ed
cfb3
66cd
9b36
6cd9
b366
cff5
fe73
fb7d
366c
974f
e5fe
732f
f5f4
d9b3
676d
bfcb
3fce
6ce9
dbd3
37ef
25f9
c974
3cc7
f93b
46f5
b902
e9bc
7f93
3fce
6f1f
43e9
6f49
27fd
d3f5
9fa3
e7fd
9832
3adf
79d3
69a5
a9f9
3049
521f
ed81
2ff9
b23f
c996
5b7f
6e36
8fdb
8acf
98b9
8b99
79b0
e325
6736
2114
824e
f246
2a4f
4320
640a
82d2
c8f1
0680
b583
42e3
bf13
143e
63e6
3204
7c44
0b25
8544
2b58
54fd
bc48
2b3c
ec9f
b692
a197
e4ed
4c0c
bf6e
bdbd
332e
65ed
597f
4bf9
7c5f
eb87
f4b7
9337
491f
4edf
ce4b
99dc
6e1b
9c13
1b02
351d
3260
f70b
f057
0bda
a617
e0ac
a0d3
0ce9
fbac
ffba
e2c3
7fc1
bfa5
24fe
94bf
c599
5916
496b
2b66
be4a
dd78
2c90
d255
48d0
e556
6469
55fc
b597
14bf
a52a
bb73
ef26
65bf
7b39
a497
7977
aacc
b9aa
967d
e596
7fe5
efd5
2ff1
4b3c
965f
e2cd
fd2c
dbfb
fbeb
bd56
cdec
ffcb
dfdf
fe96
6f0d
e597
17fa
f239
2e65
feda
ff2d
64bf
cb5c
cbb2
5e12
cf2c
f2f0
b7a6
cd9b
366c
d9b3
66ce
9dbf
acd9
b366
cfed
9ecd
9feb
5d9b
3f97
97f2
ff59
b3f9
9b36
6cd9
bd97
4d9b
dfac
dee8
7f9c
cadf
ce1e
4797
fafa
6cfe
dfe7
3374
cdfa
c97f
f3fd
9fa3
e879
7e73
fe7f
9ccd
d259
7f30
ff47
facf
c9ed
fd66
55d9
facf
db3b
f599
6d77
4c8f
f265
674c
8ff2
64e7
ff0e
bfc9
ff19
fff6
277f
1a96
3cb7
3b9a
ce37
71ff
0fd3
fec5
add1
8c63
1790
be81
f610
a813
dcfa
ea6a
56f6
be9b
6d2d
7598
e39b
8c8f
98e2
65c6
106e
0415
b115
de74
0f27
95a5
3560
d09a
fac1
e48c
6fdb
9064
3fdb
3cd8
c6d7
92b1
94d4
6563
63c6
f347
8e64
b7f9
7fb7
cc69
b4d3
a1a9
1e56
fe4e
4781
84c0
4631
dce1
b9c1
35b8
2362
e08c
b470
4c15
ee09
854e
0985
4c13
0cec
9fda
5fdd
2355
fdac
fd52
e2ea
e2c3
3caa
6ced
9fab
7ea9
2cb7
ffa5
9b8a
4b2d
f971
6f55
26fe
966d
fe2c
dbf9
e4b9
bfa5
9bfa
59bc
37bc
2487
9f66
f55d
a692
5cc9
24cc
b9af
cd56
643c
d521
a4b8
925e
19b7
f7f7
f7ff
a52d
fdfc
f9b3
c977
9505
52df
dfab
7b8b
b564
bfcb
5d92
4fe5
9ff6
4ffc
59aa
955d
b56c
d9fe
b491
a1e6
ff38
21fb
6d9f
eb4f
eddb
fcbe
991f
4cd6
e479
73e5
fb63
1fb6
b2be
c7bb
23cc
7974
c8f2
e879
74fc
99fe
4edc
abc8
b21f
b6cb
6f0f
db76
1763
dd5b
a9c3
f6df
bc3e
95e4
7d2d
e8f2
cba6
56e5
5fe8
c865
5e42
bcbf
adf9
3ffb
7f9a
ce92
fd67
e8cf
fe7f
93fe
b65f
c67f
f5a9
fb67
3ffc
0f75
1d8d
8fff
1d7f
93fd
b3ab
ff87
07bb
8dcf
b28e
8c75
ff59
d473
ec27
3dd8
ba31
8c78
ca31
a10d
6517
9f18
9e31
ddb4
f1ac
1027
9501
1d0a
9315
1b10
5895
10b1
da94
ac11
a3ed
991a
b9ad
9890
14c7
e862
b9b9
e62f
db8b
6fe5
d7d4
82d2
4c8f
afa8
d0ef
e32e
6653
dcca
c498
3cd3
0460
f404
7fb9
31b7
9eb7
d7fa
38c6
3cc4
f2be
bb6f
b7ac
d3f8
67d3
f87f
9c97
190d
c413
5904
6c48
2614
7046
a9ee
08d9
dc49
8672
36f0
4ea5
c17a
9705
c38b
abc2
4dbf
bfbf
beac
92f0
6967
cdfd
2cdb
fbff
d26d
fdfc
cbdb
bfbf
beb9
b8bb
5735
fbcb
2bf6
76d5
db9f
b73f
6f17
6f11
a76d
477f
6aa0
4592
e643
97ee
4ffc
52fe
966f
0de5
ccb2
bcf7
bf72
72bc
d2db
edbc
18fd
c9f2
fe5a
d7fc
b537
ff6c
ca57
cbac
5ffc
7086
47c8
a6ca
62e5
b6cd
a862
d20e
dbe9
b796
df4a
dc1c
fdae
7ff1
9cf7
13b6
ba84
e2b2
8efd
b765
7d94
2751
d4b1
f63e
ca3b
99dc
6ea3
b5bb
9ac7
f07f
63ec
8c63
18c6
9c1f
c28e
c5cf
7463
18c6
2fe0
f76e
751d
b9d1
8c63
1c5d
4746
3c6e
8c63
1e67
6247
c61b
8ce1
b8aa
d612
ac5c
12ac
5c12
adce
0f4e
642e
3542
dd05
81b8
9e12
1a2d
66c8
b052
c55c
906e
3237
4771
5084
4b8c
1621
30d6
305e
325a
04ac
d373
1bcf
1064
f30f
20f2
bc3c
1b5f
cf79
1d10
9e6f
3278
4782
32a5
e48f
ae62
3ad9
e432
2723
1532
2e36
d654
2a6d
7a64
6c1a
b9d9
5928
2858
ab18
3041
8562
b158
21b5
e2de
55a1
72b4
3c56
0d9e
2fad
2558
790e
7ca9
5fe4
e627
97e4
ff8d
4db4
adfb
7227
9032
fdb9
3e6e
723a
15f6
a13c
b2af
f47d
25fc
6fc9
cbfc
d957
bb6e
edbb
b682
a7ed
87ed
8f98
b8dc
3738
1ee2
34d6
e08d
8b84
f851
c11a
aa11
b670
9fd2
46fe
961f
d2c3
fa4d
fd28
3784
37f7
f7f7
f7ff
c4de
0c98
67fe
555f
daab
0bf0
f0de
e2ed
abf9
6925
edbd
b335
e77e
1fb9
3c2f
3061
bac1
cdfe
b695
f24c
dfc9
97ee
4ff7
36a1
a5a0
873f
22fe
c56e
ac38
b824
93f8
fd63
faff
c83f
fc0a
e6da
e2fe
017f
40b8
13a9
67ed
fd0f
d2be
443f
6dd9
b5c5
6138
9dfd
6e1b
7fe0
563d
c3fe
d5f0
276d
73f8
5765
2caf
863c
28ea
151d
1d7b
783f
fa1c
6e7b
b174
6317
475b
a318
c62e
7b9e
e8d1
d8b9
fc23
18f1
bb17
51db
9c56
3dcf
71ed
7d80
c182
8c63
18b9
eec5
cf73
ddb8
9d18
c631
8bdd
bace
3b26
28c6
318d
1d18
e2e8
c631
8c5d
1893
50ad
1baf
0ed7
c9da
e627
6e27
bb98
b8f6
eeea
7b87
1262
46c0
b59a
4e28
410c
56c9
fc82
4060
bd39
c56c
46d6
d74a
b078
ad8f
6995
a542
7836
7d66
8fb4
9a74
67cc
c81e
1fb4
1629
5832
7b07
d6fa
c14c
f230
f2a5
6c48
7311
b182
4075
deac
8082
9260
7fb6
7932
b7ed
83c1
a1ff
20a6
6599
1e42
a421
b591
8ebc
8c82
103d
ac0e
6cab
3e4d
cf97
3ed3
075e
47d7
cfd6
60b2
9ad4
98e6
af92
1829
adac
1023
069f
c60f
db6c
d5f2
b43c
b91a
0ac7
3f5c
c639
d0c8
1020
6860
9db5
e41a
31e6
771b
86e7
5c37
109f
5b81
cfac
1f7b
dc11
9595
c276
ab00
68cb
d469
d4ac
b3f5
2f54
ffea
9ffb
53ff
6a74
f0ea
e264
64ce
d7ce
8bd5
fb9e
a49d
274c
3f73
6f78
4639
905f
3a4c
c93f
5b5e
27bf
bd27
17cf
fb70
939f
fe39
4fff
81fd
0f2e
c0e6
bce6
2732
4e3b
2d15
f039
8870
9887
07cd
fc0a
dc5f
f0fe
8158
5fe0
2b1f
fe07
ffc3
fe1f
f0ec
7873
fb26
78ff
87f8
1fc2
9ff0
b0ac
2ec2
b263
0684
682d
9cc1
a607
382f
e03d
d5d1
d895
dd94
299d
af95
9470
2763
6073
ffa0
fb1f
fc08
ebb2
3476
2edd
c09e
e7d8
f457
131b
854f
9414
3556
02b0
9c4c
0dc4
cf72
35b8
1381
d5fb
a9b0
34c0
d81a
3260
a8fb
cd4d
51c2
d7d8
fece
4e99
c0c1
3a62
0c93
194c
d3cc
4189
26a0
2073
3dd3
d809
cf20
4f04
627e
be47
3600
9d33
282f
440e
0535
d33e
62b0
5931
39f7
0710
2b1e
e79d
2cac
dd5d
b706
2fe4
5ffd
0467
b9ee
9916
c217
064a
1878
a9c5
3877
5074
c4c6
0c16
0ec1
26c1
e191
93d1
2a9c
3b93
7fa2
739c
c15c
e1fa
4640
e276
b73d
8901
62a7
33b1
3498
9c4e
add3
3a8e
2702
c7f9
0773
eee4
5351
d471
6189
b2a3
dd47
3282
76bb
4624
e206
f73f
91ba
8e0a
cf2c
6428
2b79
1b41
48d0
a88c
6ac1
e1ee
1818
4237
9218
bccb
abad
a764
6d61
f7db
8546
c468
6985
a468
d05a
f239
232b
2036
426a
8d15
a981
0604
6a8f
2435
d57c
0b20
6535
6d5a
8c8d
ea6f
acd0
9172
2e72
4392
a164
0c6d
7845
3620
f9b3
fedb
9104
3ade
4f26
4347
ed34
29c8
5b78
7cd6
cc77
fa73
cd6a
1f23
086c
96c9
1f32
0c15
e1a6
6459
8c19
1827
9218
29ab
990f
f905
e864
f341
5cc4
09ba
dcf9
8a7d
c75e
b242
76eb
816e
1b5e
428e
af93
c384
fadd
36d6
304f
c083
e62c
0a80
a6d6
2318
c631
8c62
fcb5
bb99
dc6e
18b8
7e92
8e23
fd25
087e
919e
e1fb
4670
3fda
3034
fe20
4fe2
0ff2
065c
2749
cf0e
f49c
4f87
e926
fea2
4e3f
6984
e279
bbfd
2eef
f21e
427f
275c
e349
cfbc
3bf4
9cae
77e9
3959
3fa5
d64f
e975
937e
bb85
c3c9
d770
f275
dff0
bbfe
1ff0
ecbb
f817
70bb
fe1c
2ee0
3f80
271f
f0ff
85df
c0b9
c40e
c2b0
20e0
fe53
f64c
c9c2
6c27
b395
4ce7
d93b
8a77
7f22
7e47
38be
7bc7
ee57
aa74
eaeb
fdd0
9d17
098a
729d
c77b
5bd4
9327
ee92
6c17
0430
d7fe
e8da
fc13
02fe
d2a2
b5e4
c953
4e56
10e1
4357
07d8
2adb
632b
5bc8
81cd
683e
b3eb
c10c
2367
636e
2c16
0b0e
a456
5821
03c2
0809
1919
4ff7
57e0
a86c
8c8c
877e
0687
84ec
bfba
426e
b998
3043
7b19
3275
4f32
7520
2721
c98c
5868
a935
9e95
ff60
813e
eae6
b0c1
7271
4ee2
e446
95b8
5385
c4ed
6408
1625
82e8
8fc8
31b6
8af5
4327
6b9b
8dc5
516b
2d20
db92
0315
3257
50b4
3d64
d054
060d
6c9a
7641
882e
5475
3846
26ee
3527
d98a
8c5d
499c
f240
e0f7
51d3
3b74
dcc5
b9d7
0e67
62e8
eb21
682b
394e
464e
9f91
1af2
73c9
354e
35ac
2c7b
9eba
a8e2
72e8
b476
2189
2074
da6c
9522
bdaa
64ab
c508
64da
9589
d82c
b52c
aa21
dda9
6069
abbb
5173
b5b9
2a55
25d4
6905
304f
b537
5481
e545
64d6
0c71
c8b8
c820
a89f
04a2
7190
7973
1620
a86d
4236
04d4
2637
9526
ae86
18ca
841e
0b58
7879
0925
12a3
60f2
465d
664d
aca8
7427
9511
586b
077b
252b
060d
e484
0c83
dab8
2964
1e47
050c
2820
b936
2134
23c4
c829
b021
b5f3
7eda
84db
4eb4
612f
15bc
d752
5ad9
e0af
0daa
a0f2
5d4a
7429
b710
8c63
1dc3
986b
7463
18c6
3ad0
c463
423d
ce09
b88d
b5b8
236b
2369
f170
469e
8e08
ddf4
236e
f09d
e279
ae69
c77f
29e6
ef9b
bc77
fa4f
fd8b
a6fe
f4df
ce77
fb9d
70ba
cf27
4fe5
6793
87f3
9c2e
75d6
5ceb
9de5
65dc
2eb3
cbf8
1fbe
7793
bc9d
73bf
7ceb
acb8
7f40
7f00
4f77
64cd
d970
9d9d
7597
4ed3
f09a
7616
09cd
9438
4e7d
86c7
fc0c
11fd
9534
dc30
0c77
59fb
4167
29ee
709d
c270
f9da
7e17
0582
b383
2c15
2739
d152
eb05
8c81
cfb9
ee61
d94e
c9df
3765
cf67
b83a
e9ac
7b6a
d2c7
a4ed
dd61
4f92
e170
672d
82eb
1ee2
1d94
b1ee
d775
9ae6
b345
1447
cea1
cf21
8bb7
162e
c5cf
752c
78b1
e277
1b50
d9c4
8ce7
b4ef
0c43
fc47
0585
5a9b
8b48
2676
5830
f063
4d4a
c830
d4c6
d514
1592
69c4
2a9c
f025
60ec
0e79
a893
b9e1
e536
28f0
4ea3
9830
751c
f730
7508
598b
8102
3793
89f3
39ee
250e
c496
0ec6
c45d
6e26
57f0
78d2
0686
28b0
656c
4e15
43b9
1fa9
5354
9746
a550
ee04
b05d
5a26
a62a
a12a
91aa
fe69
e7d5
a415
aafe
2eae
efde
e90d
2182
c197
554c
a8ba
9592
ad4b
d468
b2c2
aacd
4670
8baa
adda
b476
bf19
99ee
f130
a1d0
582b
ec7d
505d
7aaa
18c1
5846
318e
b751
d1a5
7c73
b478
cdb7
26aa
40c3
d4e8
af2a
9eec
4b48
486b
6936
20a5
5150
dfe2
b0aa
1dca
956a
a99e
756a
632b
d748
33f5
4bc5
6b68
6905
8299
777e
f6a8
7778
b0e3
0ee3
6c9e
4f0c
f682
d782
a6a3
65bf
3f3f
8251
958e
7278
dba1
4c90
5796
353c
811b
d8de
d258
2b19
35ac
0960
749b
1117
8afa
2b50
d509
e4f2
9310
3c89
159f
9490
829e
553d
0aa6
3637
92a3
cb14
595e
70ca
0ba9
5e83
106a
f0f3
4193
2ce4
60d0
6991
3eb3
2582
982b
c1ab
14d3
9645
691a
5522
04ba
8f56
e3e6
6dc4
f3a0
a162
409f
5879
2924
2a26
feea
ff35
a3cc
e9c4
5f74
63ad
9f3e
e0f9
e3ae
773c
dee7
9463
18ee
0cf4
c48c
4631
8c5e
5cc5
cd3f
1ba7
7b82
3778
791b
77cc
e08d
df31
2377
cd71
e1df
35dd
53f2
ba76
ef9b
c9bf
482e
1fde
75ce
1fbe
75ce
fe77
0f2b
2ee1
e4ef
ef7f
82ef
f87f
83f7
dfd0
b9d7
765d
65dc
3cbb
26fe
00c3
b3a9
6c0d
534e
2756
5631
67e9
2a9d
dfa4
654e
f69d
a716
6135
dc1a
7bbf
813d
dd97
5977
0bac
bb83
c59d
f677
b9f7
5935
2ee0
2cbb
f80f
b2e7
5dc1
e2e7
7939
f74c
eb9c
f9fa
b83d
b3a1
94e2
e4b8
5ddf
60ec
a4ee
47b9
e11c
50e0
8e7d
473b
839e
93b4
e1cf
4c05
eada
9b58
751c
f74f
750a
774c
e7a4
2729
9c50
d108
39ed
dc82
c387
7287
b843
b903
dc49
dce7
cc58
1207
1df8
4192
0119
da55
a983
ff8b
042f
e2c1
47ed
7531
7ed6
1532
e084
1d33
8fa9
d471
54c4
f215
31cc
d282
9e78
2c14
43c1
1fe0
ce7a
4179
8b5d
7471
2e13
e250
2c42
f227
8461
783c
2d54
ea83
6762
30ca
4f46
82bb
171d
f8b9
eec0
13dc
5624
f8b0
3479
39e1
60a1
f63d
3571
8658
36a0
4c8a
d311
b54c
09cc
8cac
6e78
be72
a38a
f314
13ab
13a9
58a8
9e48
486c
b036
585e
cacb
0539
d96d
4fdb
21b2
6d43
4837
a192
b021
89e0
fdb3
2674
7962
ca46
aea0
4586
8285
92ea
c012
2eaa
99ff
bd65
8714
18c2
93da
0c8f
751c
f73d
db9c
1cf7
6bb5
18c5
1c4f
7228
ac3b
5b95
b8c9
35cc
f39f
12aa
18a3
2c15
cf45
0706
7934
150d
5e5d
d043
d1e5
e281
0919
03dc
f832
31ed
45fe
6a92
e90d
3c49
7f6b
0a8a
1fa5
82c3
2fd2
c3ba
12fe
2c2f
2fe2
87af
f170
327a
56b7
991c
d6d4
1856
b042
632c
f253
47e9
a952
67f8
d6f3
4f12
3941
5e52
aa0a
cf2f
deaa
3d60
b0d3
5169
056a
a05a
1b0a
1bf4
9295
2b95
56ed
7ac3
3b3d
3893
223c
2aaf
c659
da15
42a4
2aa5
0525
c81c
b463
a908
e0ad
9433
4149
1eda
a48f
07a0
4824
c578
ad1e
2079
c502
ea6a
23d7
52d1
1fe2
9afc
449a
9fcd
20f3
4581
e284
f6e6
2e68
6858
cef0
a35d
7cc3
128c
78e6
dd38
dce9
f8c1
96e1
51eb
2a92
ea03
0878
9367
2799
42a6
0d0f
07a6
7f14
9cef
aa0f
9988
2c0e
660f
486e
706d
c48d
adc1
1b59
234f
ac91
a7c5
c1bb
f123
6efa
387e
d1a7
9bf7
dfa4
9bf5
d3cd
fce9
e6b8
7ebb
bf97
93a7
f4f2
772f
d73a
7e5e
4117
fa01
7f80
8b0e
c3d4
b60b
9a0b
0b03
b3c2
e99a
a875
55a9
9ebe
2ac1
d059
d1a7
f256
569c
5953
075d
6413
f802
03b3
c858
f75c
e7d8
f70f
e879
70b9
d475
dd94
bb85
cf70
7b9f
fc07
d8fe
0f75
3f81
751c
f75d
63ff
a147
3ec7
8777
8e13
bae7
b9ee
13f0
0fec
7cf7
58f6
b058
f735
8f75
2e73
dcf7
3dd8
b9ee
4fde
a906
d5a2
ba89
d4eb
a977
33b5
b9ee
e375
d8b9
fe5b
9d77
f41e
9dd4
b161
dd8b
961a
4317
2c34
858f
382e
a75c
1c8b
a9fe
4f65
d41d
73ae
9d1b
487e
97c7
f8ab
0fe2
c2ad
21a7
892f
ed60
a6b0
fd2a
b2b7
ef4a
4c8a
982c
0c2e
a3a2
6106
2a06
582c
d7ab
78ab
69e3
a416
1fb5
82fe
d61a
2882
f741
4855
fa5f
1c38
bb8c
1234
986e
54ad
e6ad
ab8a
0dab
3c30
d5a1
6557
ed6a
82a1
7313
13d9
014c
f24c
204c
161d
ca99
fc59
74aa
0902
cf05
6e28
2b8b
03d4
84c4
e04b
793c
250e
67b9
1f93
6284
160c
f283
2fee
b88f
a2b2
9547
c4d4
7079
3ca9
9eba
65a9
592a
d5a2
9c34
f1d2
0ba4
0e50
5486
9065
6279
676c
72a8
1bc9
909e
b05b
f1fd
aa82
7c3f
4b05
82c3
f6b0
eefd
ee9a
aaf1
92b2
32c3
4821
8d64
d33c
9e7d
48f0
9a83
1192
1a2e
4f85
4850
67b7
8b2c
0901
aea6
e450
d158
75b9
ee79
3107
3cbf
90e2
180a
f173
dab1
4254
7902
7b95
f5c9
4e81
e348
0350
50fe
29ea
fe29
4961
a6a5
955e
3a43
4565
d5a4
1597
bb3b
d61d
cc4f
25d1
50eb
869f
bd56
d3c5
6124
e2da
1591
6140
6f27
9504
2aa1
4d02
7d6f
31fb
67ca
aadb
3e09
0954
1e47
0407
ac3e
ba1b
c981
22c0
9959
60a1
094d
7b8f
39b1
921d
4864
d7e7
3545
7e12
4e7c
fa97
282f
5415
a0a7
5ea2
8193
da0c
fd0e
6bc8
6732
5427
c159
60c8
f642
682a
1292
b674
aa07
261a
b3ea
2582
c175
4dc5
a94b
126a
163a
a8c5
8a9d
1270
e437
827a
bd1a
8a43
7407
183e
60f7
049e
81ee
783a
4fac
a723
e69e
318f
1bb7
1b71
9af3
2b0d
d24d
c506
78c5
601e
a11e
500f
104a
2463
18c6
3cce
e62a
11b7
e928
47fb
47b8
27ed
1e47
fb40
e34f
d24c
48df
a4e5
3b7e
9269
f0ef
1fa4
9ae0
d54d
e53e
79a7
6a99
44eb
0d19
1436
a59f
00b0
5c27
13ab
4e27
174f
80f2
176a
aa7e
19e7
e175
43f8
0d3b
aeec
165d
60ba
cb9c
f61d
8f74
f77f
03c8
5d65
c1cf
73ee
e563
dcf0
e9ec
7dd3
f90b
acbb
b27e
173a
e13f
93e7
78b8
70b9
c3b1
fc31
73ee
76bb
9f76
e73d
cf74
773b
9acc
5d4b
23ad
cf75
2c7b
b174
f73e
ca3a
e73e
ea59
709d
daee
9eec
5cf7
5d4b
b9ac
a760
d7c0
62e7
bae7
62e7
ba7e
6773
59c6
e0ed
ce9c
4e41
ee2b
2e0e
7b85
dc37
59c6
e8ee
13ba
8ea2
f7d8
2c60
e272
b561
ec1a
7710
eca3
8dee
c5cf
470d
61b7
3bbf
8f87
1b98
97c7
484e
8d0f
dab2
f543
baa8
29a6
ace8
c6e2
c170
c5d3
3a77
3d35
ba87
fe58
7e96
1fa5
5ee8
550a
9a0c
12a8
3cf0
aa0a
4f56
a9af
7ded
79a8
7b20
c161
a23c
4e50
ee65
1482
b268
acf5
ade9
0671
8391
ed9b
8810
9e67
82c9
85a8
608c
13a5
a949
e53b
2b19
0b09
8151
d448
193c
9cf2
05a3
3c9c
f70d
15e8
7782
71de
7368
c8e3
5bd4
292c
159e
d065
d16b
08e4
639c
a9b4
1922
b213
2160
14d1
8182
5b58
e0ba
2ed5
65d1
3251
5a35
62b6
232c
41bd
6da1
07da
1e73
9502
3ef6
0f06
0c31
ae87
6616
a907
b035
d11c
46f3
6567
da93
1192
a624
d0d0
9cf3
45d4
8f06
52d1
1e41
600d
9f25
81bd
1d0e
e864
a1ff
a5cf
4d14
9f05
a40a
9042
7a50
e0c2
84f2
542a
64cb
fa55
7c08
ff4b
0252
5824
ad12
d5dd
0234
854d
59cb
44a1
05d1
5e8e
be0a
41cf
7291
91e9
0d15
ee7a
7740
dc46
b064
27d6
a1f5
e306
2041
e495
82a7
2267
860c
0dbf
4b06
345d
3f7b
540d
4754
34e4
f92c
1419
3caa
4560
782b
6a54
5682
78f1
269a
9589
17b9
6484
ada4
33c9
597f
7b51
a2c3
4563
254d
20b5
856f
154b
5919
60c8
a4f5
f145
624a
b55e
4b5e
aac2
bcef
ade8
c695
211b
0ada
f2a1
3ceb
a034
7854
7827
93e0
cf34
7c8c
aa63
0b00
f678
7415
1e74
72c1
1e74
71c1
0ad2
6d4c
6a46
d18c
5d19
e33a
6e21
3847
8469
9af1
8e11
a078
a0dc
4fc3
8c97
8f07
9730
aabd
6000
2533
2534
2534
2534
2534
2534
2534
2534
2534
2534
2534
2534
2534
2534
2534
2534
2534
2534
2534
2534
2534
2534
2534
2534
2534
2534
2534
2534
2534
2534
2534
2534
2534
2534
2534
2534
2534
2534
2534
2d33
2535
2536
2536
2537
2536
2536
2536
2536
2536
2536
2536
2536
2536
2536
2536
2536
2536
2536
2536
2536
2536
2536
2537
2536
2536
2536
2536
2536
2536
2537
2536
2536
2536
2536
2536
2536
2536
2536
2536
2d35
2535
2536
2536
2536
2538
2536
2538
2539
2536
2536
2536
2536
2536
2536
2536
2536
2536
2536
2536
2536
2536
2536
2536
2536
2536
2536
2536
2536
2536
2536
2536
2536
2536
2536
2536
2536
2536
2536
2536
2d35
2535
2536
2536
2536
2536
2536
2536
2536
2536
2536
2536
2536
2536
2536
2536
2536
2536
2536
2536
2536
2536
2536
2536
2536
2536
2536
2536
2536
2536
2536
2536
2536
2536
2536
2536
2536
2536
2536
2536
2d35
2535
2536
2536
2536
2536
253a
253b
253c
253d
2536
2536
2536
2536
2536
2536
2536
2536
2536
2536
2536
2536
2536
2536
2536
2536
2536
2536
2536
2536
2536
2536
2536
2536
2536
2536
2536
2536
2536
2536
2d35
2535
2536
253e
2536
2539
253f
2540
2541
2542
2543
2536
2536
2536
2536
2536
2536
2536
2536
2536
2536
2536
2536
2536
2544
2539
2545
2536
2536
2538
2536
2536
2536
2546
2547
2548
2548
2548
2549
2536
2d35
2535
2536
2539
2536
2536
254a
254b
254c
254d
254e
2536
2536
2536
2536
2536
2536
2536
2536
2536
2536
2536
2536
2536
2539
2536
2536
2539
2536
254f
2550
2551
2552
2553
2554
2555
2556
2557
2558
2559
2d35
2535
2536
2536
2536
2536
255a
255b
255c
255d
2536
2536
2536
2536
2536
2536
2536
2536
2536
2536
2536
2536
2536
2536
2d39
2536
255e
255f
2560
2561
2562
2563
2564
2565
2566
2567
2568
2569
256a
256b
2d35
2535
2536
2536
2536
2536
2536
256c
256d
2536
2545
2536
2536
2536
2536
2536
2536
2536
2536
2536
2536
2536
2536
2536
256e
256f
2570
2571
2572
2573
2574
2575
2576
2577
2578
2579
257a
257b
257c
257d
2d35
2535
2536
2536
2536
2536
2536
2536
2536
2536
2536
2536
2536
2536
2536
2536
257e
2536
2536
2536
2536
2539
2536
257f
2580
2581
2582
2583
2584
2585
2586
2587
2588
2589
258a
258b
258c
258d
258e
258f
2d35
2535
2536
2536
2536
2536
2536
2536
2536
2536
2536
2536
2536
2536
2536
2536
2536
2539
2536
2539
2536
2536
2590
2591
2592
2593
2594
2595
2596
2597
2598
2599
259a
259b
259c
259d
259e
259f
25a0
25a1
2d35
2535
2536
2536
2536
2536
2536
2536
2536
2536
2536
2536
2536
2536
2536
2536
2536
2536
2536
2536
256e
25a2
25a3
25a4
25a5
25a6
25a7
25a8
25a9
25aa
25ab
25ac
25ad
25ae
25af
25b0
25b1
25b2
25b3
25b4
2d35
2535
2536
2536
2536
2536
2536
2536
2536
2536
2536
2536
2536
2536
2536
2536
2536
2536
2539
256e
25b5
25b6
25b7
25b8
25b9
25ba
25bb
25bc
25bd
25be
25bf
25c0
25c1
25c2
2536
25c3
25c4
25c5
25c6
25c7
2d35
2535
2536
2536
2536
2536
2536
2536
2536
2536
2536
2536
2536
2536
2536
2536
257e
2536
2536
25c8
25c9
25ca
25cb
25cc
25cd
25ce
25cf
25d0
25d1
25d2
25d3
25d4
25d5
25d6
25d7
25d8
25d9
25da
25db
25dc
2d35
2535
2536
2536
2536
2536
2536
2536
2536
2536
2536
2536
2536
2536
2536
2536
2536
2536
25dd
25de
25df
25e0
25e1
25e2
25e3
25e4
25e5
25e6
25e7
25e8
25e9
25ea
25eb
25ec
25ed
25ee
25ef
25f0
25f1
25f2
2d35
2535
2536
2536
2536
2536
2536
2536
2536
2536
2536
2536
2536
2536
2536
2536
2536
25f3
25f4
25f5
25f6
25f7
25f8
25f9
25fa
25fb
25fc
25fd
25fe
25ff
2600
2601
2602
2603
2604
2605
2606
2607
2608
2609
2d35
2535
2536
2536
2536
2536
2536
2536
2536
2536
2536
2536
2536
2536
2536
2536
260a
260b
260c
260d
260e
260f
2610
2611
2612
2613
2614
2615
2616
2617
2618
2619
261a
261b
261c
261d
261e
261f
2620
2621
2d35
2535
2536
2536
2536
2536
2536
2536
2536
2536
2536
2536
2536
2536
2536
2536
2622
2623
2624
2625
2626
2627
2628
2629
262a
262b
262c
262d
262e
262f
2630
2631
2632
2633
2634
2635
2636
2637
2638
2639
2d35
2535
2536
2536
2536
2536
2536
2536
2536
2536
2536
2536
2536
2536
2536
263a
263b
263c
263d
263e
263f
2640
2641
2642
2643
2644
2645
2646
2647
2648
2649
264a
264b
264c
264d
264e
264f
2650
2651
2652
2d35
2535
2536
2536
2536
2536
2536
2536
2536
2536
2536
2536
2536
2536
2536
2653
2654
2655
2656
2657
2658
2659
265a
265b
265c
265d
265e
265f
2660
2661
2662
2663
2664
2665
2666
2667
2668
2669
266a
266b
2d35
2535
2536
2536
2536
2536
2536
2536
2536
2536
2536
2536
2536
2536
266c
266d
266e
266f
2670
2671
2672
2673
2674
2675
2676
2677
2678
2679
267a
267b
267c
267d
267e
267f
2680
2681
2682
2683
2684
2685
2d35
3533
3534
3534
3534
3534
3534
3534
3534
3534
3534
3534
3534
3534
3534
3534
3534
3534
3534
3534
3534
3534
3534
3534
3534
3534
3534
3534
3534
3534
3534
3534
3534
3534
3534
3534
3534
3534
3534
3534
3d33
0006
8171
00ff
000f
c180
3f63
f843
f83f
8000
03f2
3f85
0fc5
0000
4686
4686
4686
4686
4686
4686
4686
4687
4686
4688
4686
4686
4686
4686
4686
4686
4686
4686
4686
4686
4686
4689
4686
4686
468a
4686
4688
4686
4686
4686
4686
4686
4686
4688
4686
4688
4686
4688
4686
4686
4686
4686
4686
4686
4686
4689
4686
4686
4689
4686
4688
4687
4688
4686
4689
4686
4686
4686
4688
4686
4686
4686
4686
4686
4686
4686
4686
4686
4688
4686
4686
4686
4686
4686
4686
4686
4688
4686
4689
4686
4687
4686
4686
4686
4686
4686
4688
4686
4688
4686
4686
4686
4686
4686
4686
4688
4686
4686
4688
4686
4686
4688
4687
4689
4686
4686
4686
4686
4686
4689
4686
4686
4686
4686
4686
4686
4686
4686
4686
4686
4686
4686
4686
4688
4686
4e87
4686
4686
4686
4686
4686
4686
4688
4686
4686
4686
4686
4686
4686
4686
4686
4687
4686
4686
4688
4687
4686
4686
4686
4686
4689
4686
4686
4686
4686
4686
4686
4686
4686
4686
4688
4686
4686
468b
4686
4686
4686
4686
4686
4688
4686
4689
4686
4686
4686
4686
4686
4689
4686
4686
4686
4686
4686
4686
4686
4686
4687
4686
4686
4686
4686
4686
4686
4688
4686
4686
4686
4686
4686
4686
4688
4686
4686
4688
4686
4686
4686
4686
4686
4686
4689
4686
4686
4687
4687
4686
4686
4686
4686
4686
4686
4686
4686
4687
4686
4686
4686
4686
4686
4688
4686
4687
4686
4686
4686
4686
4686
4686
4689
4686
4686
4686
4686
4686
4686
4689
4686
4686
4686
4688
4686
4687
4686
4686
4687
4686
4686
4686
4686
4688
4686
4687
4686
4686
4686
4688
4686
4686
4688
4686
4686
4687
4686
4686
4687
4686
4686
4688
4687
4686
4688
4686
0000
0000
0000
0000
0000
0000
0000
0000
0000
0000
0000
0000
0000
0000
0000
0000
0000
0000
0000
0000
0000
0aaa
000a
addd
00ad
dddd
0aed
dddd
aeed
dddd
aeee
dddd
0000
0000
0000
0000
0000
0000
0000
0000
0000
0000
0000
0000
0000
0000
0000
0000
0000
0000
0000
0000
aaaa
aaaa
cccc
ccbb
dccc
cccb
dccc
cccb
ddcc
cccc
ddcc
cccc
0000
0000
0000
0000
0000
0000
0000
0000
0000
0000
0000
0000
0000
0000
0000
0000
0000
0000
0000
0000
aaaa
aaaa
bbbb
bbbb
bbbb
bbbb
bbbb
bbbb
bbbb
bbbb
bbbb
bbbb
0000
0000
0000
0000
0000
0000
0000
0000
0000
0000
0000
0000
0000
0000
0000
0000
0000
0000
0000
0000
aaaa
aaaa
bbbb
bbbb
bbbb
bbbb
bbbb
bbbb
bbbb
bbbb
bbbb
bbbb
0000
0000
0000
0000
0000
0000
0000
0000
0000
0000
0000
0000
0000
0000
0000
0000
0000
0000
0000
0000
aa00
000a
ba00
0aad
ba00
addd
ba0a
eddd
baae
eedd
baae
eedd
0000
0000
0000
0000
0000
0000
0000
0000
0000
0000
0000
0000
0000
0000
0000
0000
0000
0000
0000
0000
aaaa
aaaa
dddc
cccc
dddc
cccc
dddd
cccc
dddd
cccc
dddd
dccc
0000
0000
0000
0000
0000
0000
0000
0000
0000
0000
0000
0000
0000
0000
0000
0000
0000
0000
0000
0000
aaaa
aaaa
cbbb
bbbb
cbbb
bbbb
ccbb
bbbb
ccbb
bbbb
cccb
bbbb
0000
0000
0000
0000
0000
0000
0000
0000
0000
0000
0000
0000
0000
0000
0000
0000
0000
0000
0000
0000
aaaa
aaaa
bbbb
bbbb
bbbb
bbbb
bbbb
bbbb
bbbb
bbbb
bbbb
bbbb
0000
0000
0000
0000
0000
0000
0000
0000
0000
0000
0000
0000
0000
0000
0000
0000
0000
0000
0000
0000
aaaa
a000
bbbb
a000
bbbb
a000
bbbb
a00a
bbbb
a0ae
bbbb
aaee
0000
0000
0000
0000
0000
0000
0000
0000
0000
0000
0000
0000
0000
0000
0000
0000
0000
0000
0000
0000
000a
aaaa
0aad
ddcc
addd
ddcc
dddd
dddc
eddd
dddc
eddd
dddd
0000
0000
0000
0000
0000
0000
0000
0000
0000
0000
0000
0000
0000
0000
0000
0000
0000
0000
0000
0000
aaaa
aaaa
cccc
bbbb
cccc
bbbb
cccc
cbbb
cccc
cbbb
cccc
ccbb
0000
0000
0000
0000
0000
0000
0000
0000
0000
0000
0000
0000
0000
0000
0000
0000
0000
0000
0000
0000
aaaa
aaaa
bbbb
bbbb
bbbb
bbbb
bbbb
bbbb
bbbb
bbbb
bbbb
bbbb
0000
0000
0000
0000
0000
0000
0000
0000
0000
0000
0000
0000
0000
0000
0000
0000
0000
0000
0000
0000
aaaa
aaaa
bbbb
bbbb
bbbb
bbbb
bbbb
bbbb
bbbb
bbbb
bbbb
bbbb
0000
0000
0000
0000
0000
0000
0000
0000
0000
0000
0000
0000
0000
0000
0000
0000
0000
0000
0000
0000
a000
0000
a000
0000
a000
0000
a000
0000
a000
0000
a000
0000
0000
0000
0000
0000
0000
0000
0000
0000
0000
0000
0000
0000
0000
0000
0000
0000
0000
0000
0000
0000
0000
0000
0000
00aa
0000
0acb
0000
accc
000a
cccc
000a
cccc
0000
0000
0000
0000
0000
0000
0000
0000
0000
0000
0000
0000
0000
0000
0000
0000
0000
0000
0000
0000
aaaa
aaaa
bbbb
bbbb
bbbb
bbbb
bbbb
bbbb
bbbb
bbbb
cbbb
bbbb
0000
0000
0000
0000
0000
0000
0000
0000
0000
0000
0000
0000
0000
0000
0000
0000
0000
0000
0000
0000
a000
0aaa
baa0
000a
bbba
000a
bbbb
a00a
bbbb
ba0a
bbbb
ba0a
0000
0000
0000
0000
0000
0000
0000
0000
0000
0000
0000
0000
0000
0000
0000
0000
0000
0000
0000
0000
aa0a
a000
000a
0a0a
000a
0a0a
000a
00a0
000a
0000
000a
0000
0000
0000
0000
0000
0000
0000
0000
0000
0000
0000
0000
0000
0000
0000
0000
0000
0000
0000
0000
0000
aa00
0000
0a00
0000
0a00
0000
0a00
0000
0a00
0000
0a00
0000
0000
0000
0000
0000
0000
0000
0000
0000
0000
0000
0000
0000
0000
0000
0000
0000
0000
0000
0000
0000
0000
0000
0000
0000
0000
0000
0000
0000
0000
0000
0000
0000
0000
0000
0000
0000
0000
0000
0000
0000
0000
0000
0000
0000
0000
0000
0000
0000
0000
0000
0000
0000
0000
0000
0000
0000
0000
0000
0000
0000
0000
0000
0000
0000
0000
0000
0000
000a
0000
000a
0000
000a
0000
000a
0000
000a
0000
000a
0000
000a
0000
000a
0000
000a
0000
000a
0000
000a
0000
000a
0000
000a
0000
000a
0000
0000
aeee
dddd
eeee
eddd
eeee
eddd
eeee
eedd
eeee
eeda
eeee
eeea
eeee
eeea
feee
eeea
feee
eeea
ffee
eeea
ffee
eeea
fffe
eeea
fffe
eeea
ffff
eeea
ffff
eeee
afff
feee
dddc
cccc
ddaa
aaaa
dadd
cccc
addd
cccc
dddd
dccc
dddd
dccc
dddd
ddcc
dddd
ddcc
dddd
ddda
eddd
dddc
eddd
dddd
eedd
dddd
eedd
dddd
eeed
dddd
aaed
dddd
eeaa
aaaa
cbbb
bbbb
aaaa
aaaa
ccbb
bbbb
ccbb
bbbb
cccb
bbbb
cccb
bbbb
cccc
bbbb
cccc
bbbb
aaaa
aaaa
cccc
cbbb
cccc
ccbb
cccc
ccbb
dccc
cccb
dccc
cccb
ddcc
cccc
aaaa
aacc
bbbb
bbbb
aaaa
aaaa
bbbb
bbbb
bbbb
bbbb
bbbb
bbbb
bbbb
bbbb
bbbb
bbbb
bbbb
bbbb
aaaa
aaaa
aa00
0000
bbaa
0000
bbbb
a000
bbbb
ba00
bbbb
bba0
bbbb
bbba
bbbb
bbbb
baee
eeed
aaee
eeed
baee
eeee
baee
eeee
baee
eeee
baee
eeee
bafe
eeee
bafe
eeee
aaff
eeee
0aff
eeee
0aff
feee
0aff
feee
0aff
ffee
0aff
ffee
0aff
fffe
aaff
fffe
dddd
dccc
dddd
daaa
dddd
adcc
ddda
dddc
edad
dddc
edad
dddd
eead
dddd
eead
dddd
eead
dddd
eead
dddd
eeae
dddd
eeae
dddd
eeae
eddd
eeae
eddd
eeae
eedd
eeaa
aaaa
cccb
bbbb
aaaa
aaaa
cccc
bbbb
cccc
cbbb
cccc
cbbb
cccc
ccbb
cccc
ccbb
dccc
cccb
aaaa
aaaa
ddcc
cccc
ddcc
cccc
dddc
cccc
dddc
cccc
dddd
cccc
dddd
cccc
aaaa
aaaa
bbbb
bbbb
aaaa
aaaa
bbbb
bbbb
bbbb
bbbb
bbbb
bbbb
bbbb
bbbb
bbbb
bbbb
bbbb
bbbb
aaaa
aaaa
bbbb
bbbb
bbbb
bbbb
cbbb
bbbb
cbbb
bbbb
ccbb
bbbb
ccbb
bbbb
aaaa
aaaa
bbbb
aaee
aaaa
aeee
bbbb
aeee
bbbb
aeee
bbbb
aeee
bbbb
aeee
bbbb
afee
bbbb
afee
aaaa
affe
a000
affe
a000
afff
a000
afff
a000
afff
a000
afff
a000
afff
a000
afff
eedd
dddd
eedd
ddda
eeed
ddad
eeed
dadd
eeee
addd
eeee
addd
eeee
addd
eeee
addd
eeee
aedd
eeee
aedd
eeee
aeed
eeee
aeed
feee
aeee
feee
aeee
ffee
aeee
ffee
aeee
cccc
ccbb
aaaa
aaaa
dccc
cccb
ddcc
cccc
ddcc
cccc
dddc
cccc
dddc
cccc
dddd
cccc
dddd
caaa
dddd
accc
dddd
accc
dddd
adcc
dddd
adcc
dddd
addc
eddd
addc
eddd
aaaa
bbbb
bbbb
aaaa
aaaa
bbbb
bbbb
bbbb
bbbb
bbbb
bbbb
cbbb
bbbb
cbbb
bbbb
ccbb
bbbb
aaaa
aaaa
cccb
bbbb
cccb
bbbb
cccc
bbbb
cccc
bbbb
cccc
cbbb
cccc
cbbb
aaaa
aaaa
bbbb
bbbb
aaaa
aaaa
bbbb
bbbb
bbbb
bbbb
bbbb
bbbb
bbbb
bbbb
bbbb
bbbb
bbbb
bbbb
aaaa
aaaa
bbbb
bbbb
bbbb
bbbb
bbbb
bbbb
bbbb
bbbb
bbbb
bbbb
bbbb
bbbb
bbbb
bbbb
a000
0000
a000
0000
a000
0000
a000
0000
a000
0000
a000
0000
a000
0000
a000
000a
a000
000a
a000
00ae
a000
00ae
a000
00ae
a000
0aee
a000
0aee
a000
0aee
a000
aeee
00ac
cccc
00ad
cccc
0add
cccc
0add
dccc
addd
dccc
addd
ddcc
addd
ddcc
dddd
dddc
eddd
dddc
eddd
dddd
eedd
dddd
eedd
dddd
eeed
dddd
eeed
ddda
eeee
ddda
eeee
ddda
cbbb
bbbb
ccbb
bbbb
ccbb
aabb
ccca
bbab
ccca
bbab
ccac
bbba
ccac
bbba
cacc
cbbb
cacc
cbbb
cacc
ccbb
accc
ccbb
accc
cccb
accc
cccb
ddcc
cccc
ddcc
cccc
dddc
cccc
bbbb
bba0
bbbb
bba0
bbbb
bbba
bbbb
bbba
bbbb
bbbb
bbbb
bbbb
bbbb
bbbb
abbb
bbbb
abbb
bbbb
abbb
bbbb
babb
bbbb
babb
bbbb
babb
bbbb
bbab
bbbb
bbab
bbbb
cbab
bbbb
0000
0000
0000
0000
0000
0000
0000
0000
a000
0000
a000
0000
a000
0000
ba00
0000
ba00
0000
bba0
0000
bba0
0000
bba0
0000
bbba
0000
bbba
0000
bbba
0000
bbbb
a000
0000
0000
0000
0000
0000
0000
0000
0000
0000
0000
0000
0000
0000
0000
0000
0000
0000
0000
0000
0000
0000
0000
0000
0000
0000
0000
0000
0000
0000
0000
0000
0000
0000
0000
0000
0000
0000
0000
0000
0000
0000
0000
0000
0000
0000
00aa
0000
00af
0000
00af
0000
00af
0000
00af
0000
00af
0000
00af
0000
00aa
0000
00af
0000
00af
afff
feee
0aff
ffee
0aff
ffee
00af
fffe
000a
fffe
0000
aaaf
aaaa
aaaa
ffff
ffff
ffff
ffff
ffff
ffff
ffff
ffff
ffff
ffff
ffff
ffff
aaaa
aaaa
ffff
ffff
ffff
ffff
eeee
dddd
eeee
eddd
eeee
eddd
eeee
eedd
eeee
eedd
eeee
eeed
aaaa
aaaa
feee
eeee
feee
eeee
ffee
eeee
ffee
eeee
fffe
eeee
fffe
eeee
aaaa
aaaa
ffff
eeee
ffff
feee
dddc
ccac
dddc
ccca
dddd
cccc
dddd
cccc
dddd
dccc
dddd
dccc
addd
ddcc
dddd
ddcc
dddd
dddc
eddd
dddc
eddd
dddd
eedd
dddd
eedd
ddda
aaaa
aaad
eeed
dddd
eeee
dddd
cbbb
bbbb
cbbb
bbbb
acbb
bbbb
acbb
bbbb
accb
bbbb
accb
bbbb
accc
bbbb
accc
bbbb
accc
cbbb
accc
cbbb
accc
ccbb
accc
ccbb
dccc
cccb
dccc
cccb
ddcc
cccc
ddcc
cccc
aaff
ffff
baff
ffff
baff
ffff
baff
ffff
baff
ffff
baff
ffff
baff
ffff
baff
ffff
baff
ffff
baff
ffff
baff
ffff
baff
ffff
baff
ffff
baff
ffff
baff
ffff
a0af
ffff
eeae
eeed
eeae
eeed
feae
eeee
feae
eeee
ffae
eeee
ffae
eeee
ffae
eeee
ffae
eeee
ffaf
eeee
ffaf
eeee
ffaf
feee
fffa
feee
ffff
afee
ffff
faaa
ffff
fffe
ffff
fffe
dddd
dccc
dddd
ddcc
dddd
ddcc
dddd
dddc
eddd
dddc
eddd
dddd
aaaa
aaaa
eedd
dddd
eeed
dddd
eeed
dddd
eeee
dddd
eeee
dddd
eeee
eddd
aaaa
aaaa
eeee
eedd
eeee
eedd
cccb
bbbb
cccc
bbbb
cccc
bbbb
cccc
cbbb
cccc
cbbb
cccc
ccbb
aaaa
aaaa
dccc
cccb
dccc
cccb
ddcc
cccc
ddcc
cccc
dddc
cccc
dddc
cccc
aaaa
aaaa
dddd
cccc
dddd
dccc
a000
afff
a000
afff
a000
afff
a000
afff
a000
afff
a000
afff
aaaa
afff
bbbb
afff
bbbb
afff
bbbb
afff
bbbb
afff
cbbb
afff
cbbb
afff
aaaa
afff
ccbb
afff
cccb
aaff
fffe
aeee
fffe
aeee
ffff
aeee
ffff
aeee
ffff
aeee
ffff
aeee
ffff
afee
ffff
afee
ffff
affe
ffff
affe
ffff
afff
ffff
faff
ffff
ffaf
ffff
fffa
ffff
ffff
ffff
ffff
eedd
addd
eedd
addd
eeed
addd
eeed
addd
eeee
addd
eeee
addd
eeee
aaaa
eeee
eddd
eeee
eedd
eeee
eedd
eeee
eeed
eeee
eeed
feee
eeee
aaaa
aaaa
ffee
eeee
ffee
eeee
cccc
ccba
dccc
ccca
dccc
ccca
ddcc
ccca
ddcc
ccca
dddc
ccca
dddc
ccca
dddd
ccca
dddd
ccca
dddd
dcca
dddd
dcca
dddd
ddca
dddd
ddca
aaaa
aaaa
eddd
dddc
eddd
dddd
bbbb
bbbb
bbbb
bbbb
bbbb
bbbb
bbbb
bbbb
bbbb
bbbb
cbbb
bbbb
cbbb
bbbb
ccbb
bbbb
ccbb
bbbb
cccb
bbbb
cccb
bbbb
cccc
bbbb
cccc
bbbb
cccc
cbbb
cccc
cbbb
cccc
ccbb
a000
afee
a000
afee
a00a
fffe
a00a
fffe
a0af
ffff
a0af
ffff
a0af
ffff
aaff
ffff
aaff
ffff
aaff
ffff
afff
ffff
afff
ffff
afff
ffff
afff
ffff
afff
ffff
afff
ffff
eeee
edad
eeee
edad
eeee
eead
eeee
eadd
eeee
eaed
eeee
eaed
feee
aeee
feee
aeee
ffee
aeee
ffee
aeee
fffa
eeee
fffa
eeee
fffa
eeee
ffaf
eeee
ffaf
feee
ffaf
feee
dddc
cccc
dddd
cccc
dddd
cccc
dddd
dacc
dddd
aaac
dddd
aaac
dddd
aaac
dddd
dddc
eddd
dddc
eddd
dddd
eedd
dddd
eedd
dddd
eeed
dddd
eeaa
aaaa
eeae
dddd
eeae
dddd
cbba
bbbb
ccba
bbbb
ccba
bbbb
cccb
abbb
cccb
abbb
cccc
abbb
cccc
babb
cccc
cabb
cccc
cabb
cccc
cabb
cccc
ccab
dccc
ccab
dccc
ccab
aaaa
aaac
ddcc
cccc
dddc
cccc
bbbb
a000
bbbb
a000
bbbb
ba00
bbbb
ba00
bbbb
bba0
bbbb
bba0
bbbb
bba0
bbbb
bbba
bbbb
bbba
bbbb
bbba
bbbb
bbbb
bbbb
bbbb
bbbb
bbbb
bbbb
bbbb
bbbb
bbbb
cbbb
bbbb
0000
0000
0000
0000
0000
0000
0000
0000
0000
0000
0000
0000
0000
0000
0000
0000
0000
0000
0000
0000
a000
0000
a000
0000
a000
0000
a000
0000
ba00
0000
ba00
0000
0000
0000
0000
0000
0000
0000
0000
0000
0000
0000
0000
0000
0000
0000
0000
0000
0000
0000
0000
0000
0000
0000
0000
0000
0000
0000
0000
0000
0000
0000
0000
0000
0000
0000
0000
0000
0000
0000
0000
0000
0000
0000
0000
0000
0000
0000
0000
0000
0000
0000
0000
0000
0000
0000
0000
0000
0000
0000
0000
0000
0000
0000
0000
0000
0000
00af
0000
00af
0000
00af
0000
00af
0000
00aa
0000
0000
0000
0000
0000
0000
0000
0000
0000
0000
0000
0000
0000
0000
0000
0000
0000
0000
0000
0000
0000
0000
ffff
ffff
ffff
ffff
ffff
ffff
ffff
ffff
aaaa
aaaa
0000
0000
0000
0000
0000
0000
0000
0000
0000
0000
0000
0000
0000
0000
0000
0000
0000
0000
0000
0000
0000
0000
ffff
feee
ffff
ffee
ffff
ffee
ffff
fffe
aaaa
aaaa
0000
0000
0000
0000
0000
0000
0000
0000
0000
0000
0000
0000
0000
0000
0000
0000
0000
0000
0000
0000
0000
0000
eeee
dddd
eeee
eddd
eeee
eddd
eeee
eedd
aaaa
aaaa
0000
0000
0000
0000
0000
0000
0000
0000
0000
0000
0000
0000
0000
0000
0000
0000
0000
0000
0000
0000
0000
0000
dddc
ccca
dddc
cca0
dddd
ca00
ddda
a000
aaa0
0000
0000
0000
0000
0000
0000
0000
0000
0000
0000
0000
0000
0000
0000
0000
0000
0000
0000
0000
0000
0000
0000
0000
00af
ffff
000a
ffff
0000
afff
0000
0aaf
0000
000a
0000
0000
0000
0000
0000
0000
0000
0000
0000
0000
0000
0000
0000
0000
0000
0000
0000
0000
0000
0000
0000
0000
ffff
ffff
ffff
ffff
ffff
ffff
ffff
ffff
aaaa
aaaa
0000
0000
0000
0000
0000
0000
0000
0000
0000
0000
0000
0000
0000
0000
0000
0000
0000
0000
0000
0000
0000
0000
eeee
eeed
eeee
eeed
feee
eeee
feee
eeee
aaaa
aaaa
0000
0000
0000
0000
0000
0000
0000
0000
0000
0000
0000
0000
0000
0000
0000
0000
0000
0000
0000
0000
0000
0000
dddd
dccc
dddd
ddcc
dddd
ddcc
dddd
dddc
aaaa
aaaa
0000
0000
0000
0000
0000
0000
0000
0000
0000
0000
0000
0000
0000
0000
0000
0000
0000
0000
0000
0000
0000
0000
cccb
aaff
cccc
a0af
cccc
a00a
cccc
a000
aaaa
a000
0000
0000
0000
0000
0000
0000
0000
0000
0000
0000
0000
0000
0000
0000
0000
0000
0000
0000
0000
0000
0000
0000
ffff
ffff
ffff
ffff
ffff
ffff
aaff
ffff
00aa
aaaa
0000
0000
0000
0000
0000
0000
0000
0000
0000
0000
0000
0000
0000
0000
0000
0000
0000
0000
0000
0000
0000
0000
fffe
eeee
fffe
eeee
ffff
eeee
ffff
eeee
aaaa
aaaa
0000
0000
0000
0000
0000
0000
0000
0000
0000
0000
0000
0000
0000
0000
0000
0000
0000
0000
0000
0000
0000
0000
eedd
dddd
eedd
dddd
eeed
dddd
eeed
dddd
aaaa
aaaa
0000
0000
0000
0000
0000
0000
0000
0000
0000
0000
0000
0000
0000
0000
0000
0000
0000
0000
0000
0000
0000
0000
cccc
ccbb
dccc
cccb
dccc
cccb
ddcc
cccc
aaaa
aaaa
0000
0000
0000
0000
0000
0000
0000
0000
0000
0000
0000
0000
0000
0000
0000
0000
0000
0000
0000
0000
0000
0000
afff
ffff
afff
ffff
afff
ffff
afff
ffff
aaaa
aaaa
0000
0000
0000
0000
0000
0000
0000
0000
0000
0000
0000
0000
0000
0000
0000
0000
0000
0000
0000
0000
0000
0000
faff
ffee
faff
ffee
faff
fffe
faff
fffe
aaaa
aaaa
0000
0000
0000
0000
0000
0000
0000
0000
0000
0000
0000
0000
0000
0000
0000
0000
0000
0000
0000
0000
0000
0000
eeae
eddd
eeae
eddd
eeae
eedd
eeae
eedd
aaaa
aaaa
0000
0000
0000
0000
0000
0000
0000
0000
0000
0000
0000
0000
0000
0000
0000
0000
0000
0000
0000
0000
0000
0000
dddc
cccc
dddd
cccc
dddd
cccc
dddd
dccc
aaaa
aaaa
0000
0000
0000
0000
0000
0000
0000
0000
0000
0000
0000
0000
0000
0000
0000
0000
0000
0000
0000
0000
0000
0000
cbbb
bbbb
ccbb
bbbb
ccbb
bbbb
cccb
bbbb
aaaa
aaaa
0000
0000
0000
0000
0000
0000
0000
0000
0000
0000
0000
0000
0000
0000
0000
0000
0000
0000
0000
0000
0000
0000
ba00
0000
bba0
0000
bba0
0000
bba0
0000
aaa0
0000
0000
0000
0000
0000
0000
0000
0000
0000
0000
0000
0000
0000
0000
0000
0000
0000
0000
0000
0000
0000
0000
0000
0000
0000
0000
0000
0000
0000
0000
0000
0000
0000
0000
0000
0000
0000
0000
0000
0000
0000
0000
0000
0000
0000
0000
0000
0000
0000
0000
0000
0000
0000
0000
0000
0000
0001
0002
0003
0004
0005
0006
0007
0008
0009
000a
000b
000c
000d
000e
000f
0010
0011
0012
0013
0014
0000
0015
0016
0017
0018
0019
001a
001b
001c
001d
001e
001f
0020
0021
0022
0023
0024
0025
0026
0027
0028
0029
002a
0000
0000
0000
0000
0000
0000
0000
0000
0000
0000
0000
0000
0000
0000
0000
0000
0000
0000
0000
0000
0000
0000
0000
0000
0000
0000
0000
0000
0000
0000
0000
0000
0000
0000
0000
0000
0000
0000
0000
0000
0000
0000
0000
0000
0000
0000
0000
0000
0000
0000
0000
0000
0000
0000
0000
0000
aaaa
aaaa
aeee
eeee
aebb
bbbb
aebb
bbbb
0000
0000
0000
0000
0000
0000
0000
0000
0000
0000
0000
0000
0000
0000
0000
0000
0000
0000
0000
0000
0000
0000
0000
0000
aaaa
aaaa
eeee
eeee
bbbb
bbbb
bbbb
bbbb
0000
0000
0000
0000
0000
0000
0000
0000
0000
0000
0000
0000
0000
0000
0000
0000
0000
0000
0000
0000
0000
0000
0000
0000
aaaa
aaaa
eeee
eeee
bbbb
bbbb
bbbb
bbbb
0000
0000
0000
0000
0000
0000
0000
0000
0000
0000
0000
0000
0000
0000
0000
0000
0000
0000
0000
0000
0000
0000
0000
0000
0000
0000
0000
0000
0000
0000
0000
0000
aebb
bbbb
aebb
bbbb
aebb
bbbb
aebb
bbbb
aebb
bbbb
aebb
bbbb
aebb
bbb1
aebb
bbb1
aebb
bbb1
aebb
bbb1
aebb
bbb1
aebb
bbb1
aebb
bbbb
aebb
bbbb
aebb
bbbb
aebb
bbbb
bbbb
bbb1
bbbb
1111
bb11
1111
b111
1121
1111
1112
1111
2129
1111
1999
1121
9999
1112
9999
2121
999b
1212
199b
2122
2229
1212
2222
2222
2222
b222
2222
bbb2
2222
1112
1222
2121
2122
1212
2222
2121
2222
1222
2222
9999
9999
9999
9999
99bb
bbbb
bbbb
bbbb
bbbb
bbbb
bbbb
bbbb
bbbb
bbbb
2232
3232
2223
2333
3232
3233
2323
3333
222b
bbbb
2223
23bb
2222
3232
2323
2323
2232
3233
9999
2323
9999
9933
bbbb
bbb3
bbbb
bbb3
bbbb
bbbb
bbbb
bbbb
bbbb
bbbb
333b
bbbb
3333
3333
3333
3434
3333
3343
bbbb
bbbb
bbbb
bbbb
3bbb
bbbb
2333
3bbb
3333
9999
3339
9999
3399
999b
3999
99bb
b999
9bbb
bb99
bbbb
bb9b
bbbb
bbbb
bbbb
bbbb
bbbb
bbbb
bbbb
349b
bbbb
4349
9bbb
bbbb
bbbb
3343
4343
b334
3444
bb43
4344
bb34
4444
bb43
4444
bb44
4444
bb44
4444
bb44
4445
bb44
4444
bb44
4545
bb44
4454
bb45
4545
bb44
5454
bb45
4545
bb54
5455
bbbb
bbbb
4444
4545
4444
4454
4445
4545
4444
5454
4545
4545
9999
9999
9999
9999
999b
bbbb
999b
bbbb
999b
bbbb
999b
bbbb
999b
bbbb
999b
bbbb
5555
5556
5555
5555
bbbb
bbbb
4545
5555
5455
5555
4545
5556
5555
5555
4555
5656
9999
9999
9999
9999
bbbb
bbbb
bbbb
bbbb
bbbb
bbbb
bbbb
bbbb
bbbb
bb6b
bbbb
b66b
5656
566b
6566
6669
bbbb
65bb
5656
56b9
5565
6699
5656
5699
6566
6699
5656
6699
9999
6699
9999
9699
bbbb
bbb9
bbbb
bbbb
bbbb
bbbb
bbbb
bbbb
bbbb
bbbb
b9bb
bbbb
99bb
bbbb
99bb
bbbb
bbbb
bbbb
9bbb
bbbb
9bbb
bbbb
9bbb
bbbb
9bbb
bbb7
9bbb
bb77
9bbb
b777
9bbb
7777
9bbb
7777
9bb7
7777
bbb7
7777
bbb7
7777
bb77
7787
bb77
7778
bb77
8787
bb77
7878
bbbb
bbbb
bbbb
b777
bb77
7777
7777
7777
7777
7787
7777
7779
7777
8999
7779
9999
7799
9999
7999
99bb
8999
9bbb
9999
bbbb
9999
bbbb
999b
bbbb
999b
bbbb
999b
bbbb
7787
8787
7778
7888
8787
8788
7878
8888
8787
8888
9999
9999
9999
9999
99bb
bbbb
bbbb
bbbb
bbbb
bbbb
bbbb
bbbb
bbbb
b8bb
bbbb
b88b
bbbb
b818
bbbb
b881
bbbb
b811
8888
bbbb
8888
8181
8888
8818
8881
8181
8888
1818
9999
9181
9999
9999
bbbb
bbbb
bbbb
bbbb
bbbb
bbbb
bbbb
bbbb
bbbb
bbbb
9bbb
bbbb
1111
1111
8111
1111
1111
1111
bbbb
bbbb
8bbb
bb1b
1818
111b
8111
1199
1811
1999
1111
9999
1119
9999
9199
999b
bbb9
99bb
bbbb
9bbb
bbbb
bbbb
bbbb
bbbb
bbbb
bbbb
1111
111b
1111
1199
1111
1199
bbbb
bbbb
bbbb
bbbb
b9bb
bbbb
99bb
bbbb
99bb
bbbb
9bbb
bbbb
bbbb
bbbb
bbbb
bbbb
bbbb
bbbb
bbbb
bbbb
bbbb
bbbb
bbbb
bbbb
bbbb
bbbb
bbbb
bbb1
99bb
bbb2
99bb
bb22
bbbb
bbbb
bbbb
bb11
bbbb
b112
bbbb
b121
bbbb
1212
bbbb
2121
bbb2
1222
bbb1
2122
bb12
2222
b121
2229
b222
2229
2122
2299
2222
2299
2222
2999
2222
2999
2222
9999
bbbb
bbbb
2121
22bb
1222
2299
2122
2229
2222
2229
2222
2222
2222
2232
2922
2222
9992
2323
9999
2232
999b
2323
99bb
b233
99bb
b323
9bbb
bb33
9bbb
bb33
bbbb
bbb3
bbbb
bbbb
bbbb
bbbb
9bbb
bbbb
9bbb
bbbb
99bb
bbbb
99bb
bbbb
999b
bbbb
399b
bbbb
2999
bbbb
3399
bbbb
2399
9bbb
3339
9bbb
3339
99bb
3333
99bb
3333
999b
3333
499b
bbbb
bbbb
bbbb
bbbb
bbbb
bbbb
bbbb
bbbb
bbbb
bbbb
bbbb
bbbb
bbbb
bbbb
bbbb
bbbb
bbbb
bbbb
bbbb
bbbb
bbbb
bbbb
bbbb
bbbb
bbbb
bbbb
bbbb
bbbb
bbbb
bbbb
bbbb
bbbb
bbbb
bbbb
bbbb
bbbb
bbbb
bbbb
bbbb
bbbb
bbbb
bbbb
bbbb
bbbb
bbbb
bbbb
bbbb
bbbb
bbbb
bbbb
bbbb
bbbb
bbbb
bbbb
bbbb
bbbb
bbbb
bbbb
bbbb
bb33
bbbb
3333
bbb3
3333
bbbb
bbbb
bbbb
bbbb
bbbb
bbbb
bbbb
bbbb
bbbb
bbbb
bbbb
bbbb
bbbb
bbbb
bbbb
bbbb
bbbb
bbbb
bbbb
bbbb
bbbb
bb44
bbb4
4444
b343
4444
3334
3434
3333
3333
3333
3333
bbbb
bbbb
bbbb
bbbb
bbbb
bbbb
bbbb
bbbb
bbbb
bbbb
bbbb
bbbb
bbbb
bbbb
bbbb
bbbb
bbbb
5556
b555
5555
4454
5455
4444
4445
4444
5599
4455
9999
3499
9999
5999
999b
bbbb
bbbb
bbbb
bbbb
bbbb
bbbb
bbbb
bbbb
bbbb
bbbb
bbbb
bbbb
bbbb
6667
6666
6666
5656
5677
5556
6999
5599
9999
9999
999b
9999
9bbb
999b
bbbb
9bbb
bbbb
bbbb
bbbb
bbbb
bbbb
bbbb
bbbb
bbbb
bbbb
bbbb
bbbb
bbbb
bbbb
bbb7
7777
6767
7779
7779
9999
9999
9999
9999
9bbb
99bb
bbbb
bbbb
bbbb
bbbb
bbbb
bbbb
bbbb
bbbb
bbbb
bbbb
bbbb
bbbb
bbbb
bbbb
bbbb
bbbb
bbbb
bbbb
bbbb
bbbb
b111
7bb7
7771
9999
bb99
9999
bb99
9bbb
b2bb
bbbb
b2bb
bbbb
b33b
bbbb
b33b
bbbb
b43b
bbbb
b444
bbbb
b454
bbbb
b545
bbbb
bbbb
bbbb
bbbb
bbbb
bbbb
bb21
2233
1112
2233
1122
2333
9999
9999
9999
9999
bbbb
bbbb
9bbb
bbbb
9bbb
bbbb
99bb
bbbb
99bb
bbbb
99bb
bbbb
999b
bbbb
999b
bbbb
bbbb
bbbb
bbbb
bbbb
bb34
4454
3344
4545
3344
5455
3445
4555
2222
2222
9999
9999
bbb9
9999
bbbb
bbbb
bbbb
bbbb
bbbb
bbbb
bbbb
bbbb
bbbb
bbbb
bbbb
bbbb
bbbb
bbbb
bbbb
bbbb
bbbb
bbbb
5556
5656
5565
6666
5666
6667
6666
7677
6667
7777
2221
1717
9999
9772
bbb9
9996
bbbb
bbbb
bbbb
bbbb
bbbb
bbbb
bbbb
bbbb
bbbb
bb44
bbbb
b454
bbbb
bbbb
bbbb
bbbb
6666
6666
6676
7676
6777
7777
7777
7771
7771
7111
1711
1111
1111
2121
2212
1222
6222
2223
b232
3232
b333
3333
4443
4343
4444
4444
5444
4444
bbbb
bbbb
bbbb
bbbb
6bbb
bbbb
7777
7bbb
7777
7777
7171
1111
1111
1111
1111
1212
2121
2222
2222
2232
2323
2323
3232
3233
3333
3333
4333
3377
4444
1199
4422
9999
baaa
aaba
bbba
bbba
bbba
bbba
bbba
bbba
bbba
bbba
199b
bbbb
1199
bbbb
1219
9bbb
2229
99bb
3249
99bb
2399
99bb
3599
99bb
6999
9bbb
9999
9bbb
9999
bbbb
99bb
bbbb
bbba
bbea
abaa
bbea
baba
bbea
bbba
bbea
bbba
bbea
bbbb
bbea
bbbb
bbea
bbbb
bbea
bbbb
bbea
bbbb
bbea
bbbb
bbea
bbbb
bbea
bbbb
bbea
bbbb
bbea
bbbb
bbea
bbbb
bbea
0000
0000
0000
0000
0000
0000
0000
0000
0000
0000
0000
0000
0000
0000
0000
0000
0000
0000
0000
0000
0000
0000
0000
0000
0000
0000
0000
0000
0000
0000
0000
0000
0000
0000
0000
0000
0000
0000
0000
0000
0000
0000
0000
0000
0000
0000
0000
0000
0000
0000
0000
0000
0000
0000
0000
0000
0000
0000
0000
0000
0000
0000
0000
0000
aebb
bbbb
aebb
bbbb
aebb
bbbb
aebb
bbbb
aebb
bbbb
aebb
bbbb
aebb
bbbb
aebb
bbbb
aebb
bbb2
aebb
bb23
aebb
b222
aebb
bbb3
aebb
bbbb
aebb
bbbb
aebb
bbbb
aebb
bbbb
bbbb
9232
bbbb
bb99
bbbb
bbbb
bbbb
bbbb
bbbb
bbbb
bbbb
bbbb
b2bb
bbbb
232b
9bbb
2232
39bb
2323
2333
3233
3333
2323
3333
9933
3333
bb99
9333
bbbb
b999
bbbb
bbbb
3232
3333
2333
3333
9999
9999
bbb9
9999
bbbb
bbbb
bbbb
bbbb
bbbb
bbbb
bbbb
bbbb
bbbb
bbbb
3bbb
bbbb
3333
3434
3343
4343
3334
3444
4343
4344
9434
4444
9999
9999
3334
3434
3333
4343
9994
3444
9999
9944
bbbb
bb94
bbbb
bbb4
bbbb
bbb4
bbbb
bb44
bbbb
b444
bb44
4444
4444
4444
4444
4444
4444
4449
4444
4999
4499
9999
9999
9999
4444
99bb
4444
999b
4444
499b
4444
4999
4444
4999
4444
4999
4444
4999
4444
9999
4444
9999
4449
999b
4499
999b
4999
99bb
9999
9bbb
9999
bbbb
99bb
bbbb
bbbb
bbbb
bb45
4545
bb54
5555
bb45
4555
bb55
5555
bb45
5555
bb55
5555
bb55
5556
bb55
5555
bb55
5656
bb55
5565
bb56
5656
bb55
6566
bb56
5656
b565
6666
6656
5666
bbb9
9999
5555
5656
5555
5565
9999
9999
9999
9999
999b
bbbb
999b
bbbb
999b
bbbb
999b
bbbb
999b
bbbb
999b
bbbb
5666
6666
6666
6666
6666
6676
6666
6667
6666
7676
9999
9999
5656
6669
6666
6669
9999
9669
9999
9969
bbbb
bbbb
bbbb
bbbb
bbbb
bbbb
bbbb
bbbb
bbbb
bbbb
bbbb
bbbb
7676
7777
6767
7777
7676
7777
6777
7777
7677
7777
9999
9999
99bb
bbbb
99bb
bbbb
99bb
bbbb
99bb
bbbb
99bb
bbbb
b9bb
bbbb
bbbb
bbbb
bbbb
bbbb
bbbb
b7bb
bbbb
87bb
7777
78b9
7787
8799
7778
7899
8787
8899
7878
8799
9999
8899
bb87
8787
bb78
7878
bb87
8788
bbb8
7878
bbb7
8888
bbb8
7888
bbbb
8888
bbbb
8888
bbbb
b888
9bbb
bb88
9bbb
bbb8
9bbb
bbbb
9bbb
bbbb
9bbb
bbbb
9bbb
bbbb
9bbb
bbbb
999b
bbbb
999b
bbbb
999b
bbbb
899b
bbbb
8999
bbbb
8899
bbbb
8889
9bbb
8888
99bb
8818
199b
8881
8181
1818
1111
8181
8111
bb11
1111
bbb9
9111
bbbb
b999
bbbb
bbbb
bbbb
b881
bbbb
b811
bbbb
b88b
bbbb
b8bb
bbbb
bbbb
bbbb
bbbb
bbbb
bbbb
bbbb
bbbb
bbbb
bbbb
bbbb
bbbb
1111
1111
1111
1111
1111
1111
1111
1111
1111
1111
9999
9999
1111
1111
1111
1111
9999
9999
9999
9999
99bb
bbbb
9bbb
bbbb
bbbb
bbb1
bbbb
bbb1
bbbb
b111
bbb1
1111
1111
1111
1111
1111
1111
1111
1111
1999
1199
9999
9999
9999
1111
1999
1111
1999
1111
1999
1111
1999
1111
1999
1111
1999
1111
1999
1111
1999
1111
1199
1111
1119
1111
1999
1119
9999
1999
9999
9999
99b2
9999
bb23
bbbb
bbbb
9bbb
bb22
9bbb
b222
bbbb
b222
bbbb
2222
bbbb
2222
bbb2
2222
bbb2
2223
bb22
2222
bb22
2323
9222
2239
9223
2329
2222
3299
2323
2399
2232
3999
2323
2999
b999
9999
2222
2323
2222
2232
2223
2323
2222
3232
2323
2323
2232
3233
2999
9999
9999
9999
9999
bbbb
999b
bbbb
999b
bbbb
99bb
bbbb
99bb
bbbb
9bbb
bbbb
9bbb
bbbb
bbbb
bbbb
2323
2333
3233
3333
2323
3333
3333
3333
2333
3333
3333
3343
9999
9999
9999
9999
bbbb
bbbb
bbbb
bbbb
bbbb
bbbb
bbbb
bbbb
bbbb
bbbb
bbbb
bbbb
bbbb
bbbb
bbbb
bbbb
3333
3999
3343
4399
3334
3499
4343
4349
3434
3439
4343
4444
9934
3444
9994
4444
bbb4
4444
bbbb
4444
bbbb
4444
bbbb
b444
bbbb
b444
bbbb
bb45
bbbb
bb44
bbbb
bbbb
bbbb
bbbb
bbbb
bbbb
9bbb
bbb3
9bbb
bb32
99bb
bb22
99bb
bb22
999b
bb22
499b
bb52
4999
bbb4
4499
bbbb
4499
9bbb
4549
9bbb
4459
99bb
4545
99bb
5455
599b
b999
9999
b333
3333
3333
3333
3333
2323
3222
2222
2222
2222
2222
2222
2221
2121
1211
1111
4111
1111
b331
1111
bb92
2221
bbbb
9992
bbbb
bb99
bbbb
bbbb
bbbb
bbbb
bbbb
bbbb
3333
3334
3232
3224
2222
2224
2222
2222
2222
2121
1211
1111
1111
1111
1111
1111
1111
1717
1171
7177
1717
7777
2221
1111
9999
9999
bb99
9999
bbbb
bbbb
bbbb
bbbb
9999
9bbb
9999
bbbb
999b
bbbb
499b
bbbb
2299
bbbb
1122
9bbb
1117
2276
7171
7777
7777
7777
7777
7676
7777
6767
1111
7777
9999
9999
9999
9999
bbbb
bbbb
bbbb
bbbb
bbbb
bbbb
bbbb
bbbb
bbbb
bbbb
bbbb
bbbb
bbbb
bbbb
bbbb
bbbb
6bbb
bbbb
7676
66bb
6766
6655
7666
6555
7777
7666
9999
9999
9999
9999
999b
bbbb
bbbb
bbbb
bbbb
bbbb
bbbb
bbbb
bbbb
bbbb
bbbb
bbbb
bbbb
bbbb
bbbb
bbbb
bbbb
bbbb
bbbb
bbbb
bbbb
bbbb
5555
bbbb
5555
5555
6699
9999
9999
9999
9999
9bbb
bbbb
bbbb
bbbb
bbbb
bbbb
bbbb
bbbb
b555
bbbb
b656
bbbb
b565
bbbb
b666
bbbb
b767
bbbb
b676
bbbb
b777
bbbb
b777
bbbb
b777
55bb
b555
9999
9bbb
9999
9bbb
bbbb
bbbb
bbbb
bbbb
bbbb
bbbb
bbbb
bbbb
699b
bbbb
5999
bbbb
6999
bbbb
6699
bbbb
6799
9b76
7676
7777
7777
7777
7777
7773
7444
4449
5999
9999
9999
9999
9999
bbbb
bbbb
bbbb
bbbb
bbbb
bbbb
bbbb
bbbb
bbbb
bbbb
bbbb
bbbb
bbbb
bbbb
b656
bb67
6666
7676
7676
7767
6767
7777
2222
3333
9999
9999
9999
9999
999b
99bb
bbbb
bbbb
bbbb
bbbb
bbbb
bbbb
bbbb
bbbb
bbbb
bbbb
bbbb
bbb5
5545
6565
5555
5656
5655
6665
6566
6666
7779
1119
9999
9999
9999
9999
99bb
999b
bbbb
bbbb
bbbb
bbbb
bbbb
bbbb
bbbb
bbbb
bbbb
bbbb
bbbb
bbbb
bbbb
bbbb
bbbb
4545
4444
5454
5444
5555
5999
6699
9999
9999
9999
9999
9bbb
99bb
bbbb
bbbb
bbbb
bbbb
bbbb
bbbb
bbbb
bbbb
bbbb
bbbb
bbbb
bbbb
bbbb
bbbb
bbbb
bbbb
bbbb
bbbb
bbbb
3399
9999
9999
999b
9999
9bbb
999b
bbbb
bbbb
bbbb
bbbb
bbbb
bbbb
bbbb
bbbb
bbbb
bbbb
bbbb
bbbb
bbbb
bbbb
bbbb
bbbb
bbbb
bbbb
bbbb
bbbb
bbbb
bbbb
bbbb
bbbb
bbbb
9bbb
bbbb
bbbb
bbbb
bbbb
bbbb
bbbb
bbbb
bbbb
bbbb
bbbb
bbbb
bbbb
bbbb
bbbb
bbbb
bbbb
bbbb
bbbb
bbbb
bbbb
bbbb
bbbb
bbbb
bbbb
bbbb
bbbb
bbbb
bbbb
bbbb
bbbb
bbbb
bbbb
bbea
bbbb
bbea
bbbb
bbea
bbbb
bbea
bbbb
bbea
bbbb
bbea
bbbb
bbea
bbbb
bbea
bbbb
bbea
bbbb
bbea
bbbb
bbea
bbbb
bbea
bbbb
bbea
bbbb
bbea
bbbb
bbea
bbbb
bbea
0000
0000
0000
0000
0000
0000
0000
0000
0000
0000
0000
0000
0000
0000
0000
0000
0000
0000
0000
0000
0000
0000
0000
0000
0000
0000
0000
0000
0000
0000
0000
0000
bbbb
bbbb
bbbb
bbbb
eeee
eeee
aaaa
aaaa
0000
0000
0000
0000
0000
0000
0000
0000
0000
0000
0000
0000
0000
0000
0000
0000
0000
0000
0000
0000
0000
0000
0000
0000
bbbb
9999
bbbb
bbbb
eeee
eeee
aaaa
aaaa
0000
0000
0000
0000
0000
0000
0000
0000
0000
0000
0000
0000
0000
0000
0000
0000
0000
0000
0000
0000
0000
0000
0000
0000
9999
9bbb
bbbb
bbbb
eeee
eeee
aaaa
aaaa
0000
0000
0000
0000
0000
0000
0000
0000
0000
0000
0000
0000
0000
0000
0000
0000
0000
0000
0000
0000
0000
0000
0000
0000
bbbb
bbbb
bbbb
bbbb
eeee
eeee
aaaa
aaaa
0000
0000
0000
0000
0000
0000
0000
0000
0000
0000
0000
0000
0000
0000
0000
0000
0000
0000
0000
0000
0000
0000
0000
0000
bbb9
9999
bbbb
bbbb
eeee
eeee
aaaa
aaaa
0000
0000
0000
0000
0000
0000
0000
0000
0000
0000
0000
0000
0000
0000
0000
0000
0000
0000
0000
0000
0000
0000
0000
0000
9999
9999
bbbb
bbbb
eeee
eeee
aaaa
aaaa
0000
0000
0000
0000
0000
0000
0000
0000
0000
0000
0000
0000
0000
0000
0000
0000
0000
0000
0000
0000
0000
0000
0000
0000
9999
9999
bbbb
bbbb
eeee
eeee
aaaa
aaaa
0000
0000
0000
0000
0000
0000
0000
0000
0000
0000
0000
0000
0000
0000
0000
0000
0000
0000
0000
0000
0000
0000
0000
0000
9999
9899
bbbb
bbb9
eeee
eeee
aaaa
aaaa
0000
0000
0000
0000
0000
0000
0000
0000
0000
0000
0000
0000
0000
0000
0000
0000
0000
0000
0000
0000
0000
0000
0000
0000
9bbb
bbbb
9bbb
bbbb
eeee
eeee
aaaa
aaaa
0000
0000
0000
0000
0000
0000
0000
0000
0000
0000
0000
0000
0000
0000
0000
0000
0000
0000
0000
0000
0000
0000
0000
0000
bbbb
bbbb
bbbb
bbbb
eeee
eeee
aaaa
aaaa
0000
0000
0000
0000
0000
0000
0000
0000
0000
0000
0000
0000
0000
0000
0000
0000
0000
0000
0000
0000
0000
0000
0000
0000
bbb9
9999
bbbb
bbbb
eeee
eeee
aaaa
aaaa
0000
0000
0000
0000
0000
0000
0000
0000
0000
0000
0000
0000
0000
0000
0000
0000
0000
0000
0000
0000
0000
0000
0000
0000
9999
9bbb
bbbb
bbbb
eeee
eeee
aaaa
aaaa
0000
0000
0000
0000
0000
0000
0000
0000
0000
0000
0000
0000
0000
0000
0000
0000
0000
0000
0000
0000
0000
0000
0000
0000
bbbb
bbbb
bbbb
bbbb
eeee
eeee
aaaa
aaaa
0000
0000
0000
0000
0000
0000
0000
0000
0000
0000
0000
0000
0000
0000
0000
0000
0000
0000
0000
0000
0000
0000
0000
0000
b999
9999
bbbb
bbbb
eeee
eeee
aaaa
aaaa
0000
0000
0000
0000
0000
0000
0000
0000
0000
0000
0000
0000
0000
0000
0000
0000
0000
0000
0000
0000
0000
0000
0000
0000
0031
0032
0032
0032
0032
0032
0032
0032
0032
0032
0032
0032
0032
0032
0032
0032
8031
0033
0034
0035
0036
0037
0038
0039
003a
003b
003c
003d
003e
003f
0040
0041
0042
0043
0044
0045
0046
0047
0048
0049
004a
004b
004c
004d
004e
004f
0050
0051
0052
0053
0054
c031
0055
0056
0057
0058
0059
005a
005b
4032
005b
4032
4032
4032
4032
4032
4032
4031
0014
8005
1d14
0b22
0134
0a47
7d55
1c64
0c73
0481
0200
151b
251a
377c
451e
fff5
0888
fca3
0e6a
49c3
bbfa
5946
1cd4
939a
a11f
24f9
24fb
aa26
a0fc
9249
248f
a844
47c9
6516
3abd
cbf5
1867
ca30
e7a3
aa11
26a0
eec4
eee5
7a8c
33e5
1873
d2ff
c3d2
cb28
c30c
39a9
c39a
e186
1874
e124
fbaa
1111
12b5
23be
eeb7
6222
23bb
13bb
a24e
6fbb
add8
8889
7aee
a598
67ca
1111
12f5
dd47
5d2c
7765
1661
850f
c8fa
8444
4444
44bf
492b
70fb
aa2c
af49
1dbb
b128
e9f4
e9c3
8492
4e18
4fa0
6700
6701
6702
6703
6703
6704
6705
6706
6707
6708
6709
6704
670a
670b
6704
670b
670c
6702
670d
6704
670a
670e
6702
6704
670f
6710
6704
670a
6701
6711
6712
6713
801c
8003
0314
0d24
0935
1c44
0a57
7c65
1e73
0281
0200
140b
2408
340c
451d
577d
ff7d
91e2
e672
148c
a84b
e122
5f0e
7d9b
d24f
8328
6248
a8f8
2492
4925
57f2
2aea
3e5b
27b3
d91e
2496
8f37
bc8a
1892
5432
a2a3
9df1
3959
37ec
91dd
4337
be10
bc6f
d9c4
aa39
d4a7
bc84
a6dd
c8f3
82a1
8c63
870c
4a2b
12d1
8c63
8709
4c73
bc8a
c9ef
3129
1df3
be14
8ca8
4aae
6d94
6dbb
5c8a
bf82
e5bb
91e7
0543
18c7
0e2a
fe15
1cc4
b9f6
6189
dbb9
1e70
5e3d
957c
1271
cce6
564f
6737
fc3b
6ef4
a125
232a
3e5a
ac52
3b64
e68c
d1e6
c3ec
8f17
22ad
8b46
3871
bfe1
91e2
e457
531f
5fdd
8dc6
68c4
927f
6739
f66d
de89
24c6
5432
727e
a496
f799
31a6
8cf1
ebf5
faf4
6546
c50c
4951
e28d
3e00
6700
6701
6702
6703
6704
6703
6705
6706
6707
6708
6703
6709
670a
6703
6702
670b
670c
6703
6708
6705
6703
6702
670d
6704
670e
6703
6703
6703
6703
6703
6703
6703
6703
6703
6703
6703
6703
6703
6703
6703
6703
6703
6703
6703
6703
6703
6703
6703
6703
6703
6703
6703
6703
6703
6704
670f
6710
6703
6711
670d
670c
6712
6712
6703
6702
670b
670c
6703
6707
6713
6714
6715
6f13
6703
6716
6717
6f13
6718
6719
671a
671b
0011
8005
1c13
0423
0234
0a47
7c54
0d64
0b73
0381
0200
151d
240c
363d
463c
577d
fff2
8421
0bda
2cdc
6de9
cefc
2145
9b8d
bdca
10bc
43f5
b7f3
2878
c5eb
6db6
dbf8
6e69
6596
70d1
d165
fb42
1084
2267
31ac
a108
78c5
d823
9d6b
fc3c
210a
2cb2
cdc7
bdde
fc21
4417
d851
cc98
f9e5
0842
1788
8510
593a
fca1
0842
f114
428e
7d73
2670
a214
4288
510a
17ae
bec2
1659
659b
8f82
f216
5965
8fd6
b208
42ec
11c3
8227
51b8
e669
6596
6f6c
a2ce
0000
6700
6701
6702
6703
6703
6704
6705
6706
6702
6704
6707
6708
6709
670a
6f08
6704
670b
670c
6f08
670d
670e
670f
6710
0000
0011
0000
0100
0000
1001
0000
1010
0000
1010
0000
1001
0000
0100
0000
0011
1100
0000
0010
0000
1001
0000
0001
0000
0001
0000
1001
0000
0010
0000
1100
0000
0000
0000
0000
0100
0000
1100
0000
0100
0000
0100
0000
0100
0000
0100
0000
0100
0000
0000
0011
1000
0100
0100
0100
0100
0011
1100
0000
0100
0100
0100
0011
1000
0000
0000
0011
1000
0100
0100
0100
0100
0011
1100
0000
0100
0100
0100
0011
1000
0000
0000
0011
1000
0100
0100
0100
0100
0000
1000
0001
0000
0010
0000
0111
1100
0000
0000
0000
0000
0000
0000
0000
0000
0000
0000
0000
0000
0000
0000
0000
0000
0000
0000
0011
1100
0100
0100
0100
0000
0011
1000
0000
0100
0100
0100
0111
1000
0000
0000
0111
1100
0100
0000
0100
0000
0111
1000
0100
0000
0100
0000
0111
1100
0000
0000
0011
1100
0100
0010
0100
0000
0100
1110
0100
0010
0100
0010
0011
1100
0000
0000
0000
1000
0001
0100
0001
0100
0010
0010
0011
1110
0100
0001
0100
0001
0000
0100
0000
0100
0000
0100
0000
0100
0000
0100
0000
0010
0000
0001
0000
0000
0100
0000
0100
0000
0100
1100
0101
0010
0101
1110
1001
0000
0000
1100
0000
0000
0000
0000
0000
0000
1010
0000
1100
0000
1000
0000
1000
0000
1000
0000
0001
0000
0000
1000
0001
1000
0000
1000
0000
1000
0000
1000
0000
1000
0001
1100
0000
0001
0001
1100
0010
0010
0010
0010
0010
0010
0010
0010
0010
0010
0001
1100
0000
0000
0000
1000
0001
1000
0000
1000
0000
1000
0000
1000
0000
1000
0001
1100
0000
0000
0001
1100
0010
0010
0000
0010
0000
0100
0000
1000
0001
0000
0011
1110
0000
0000
0001
1100
0010
0010
0000
0010
0000
1100
0000
0010
0010
0010
0001
1100
0000
0000
0000
0100
0000
1100
0001
0100
0010
0100
0011
1110
0000
0100
0000
0100
0000
0000
0011
1100
0010
0000
0010
0000
0011
1100
0000
0010
0000
0010
0011
1100
0000
0000
0001
1100
0010
0010
0010
0000
0011
1100
0010
0010
0010
0010
0001
1100
0000
0000
0011
1110
0010
0010
0000
0010
0000
0100
0000
0100
0000
1000
0000
1000
0000
0000
0001
1100
0010
0010
0010
0010
0001
1100
0010
0010
0010
0010
0001
1100
0000
0000
0001
1100
0010
0010
0010
0010
0001
1110
0000
0010
0010
0010
0001
1100
0000
0000
000e
8003
0117
7a26
3736
3b76
3c83
0406
1632
3638
58fa
763a
8403
0214
0725
1635
1458
fb75
1585
0513
1633
277b
3634
7635
8603
0015
1225
1746
3975
1888
0408
1636
377c
fff0
ff94
bc94
8b29
58ff
8cd0
39d0
667f
cc67
f45b
ecb3
b5cd
9ae7
fc85
beca
fea9
0b27
1de6
3fca
10a7
bff2
4faa
eb8e
abf5
2fa9
56ba
e319
fedf
35fa
3a63
aa49
f5c7
550c
8701
9735
aebf
e653
19f6
8663
7f68
6f3b
04c7
8098
c9c6
47dc
9cff
591e
2611
a304
5858
232b
047f
8811
a36f
a2dd
6487
9fc0
98d0
cd0a
14c3
8390
6b16
5c97
1f0b
88b9
71f0
b889
4171
17df
92e2
8668
b5bd
4ce4
9bbd
3cd6
bd57
17da
5b08
940d
87c1
1289
40d8
44a0
462b
54df
7af9
a09f
aa05
33c0
646c
c323
ca63
780e
606c
1c88
101c
de03
9bc0
73cb
9a07
342a
6686
7eb4
ec00
0080
8003
0315
1c24
0c36
3b46
3a54
0d66
3c73
028b
040b
8c04
0a8d
0304
1200
263d
477c
68fa
ff49
2492
4924
9249
2c34
d34d
34d3
45a6
8924
bb19
833b
9c99
5ca4
9249
2492
f0c1
9857
afda
3066
0cc1
9857
afda
3066
0924
94ee
fe5b
a8e3
94c7
18ea
39dd
fcbe
e394
c718
ea38
e53b
f97d
c492
5d1d
4e4e
4739
1cae
0ea7
5736
6cbe
a533
951c
e473
9393
a124
965f
b795
1cac
1995
1cac
bf6f
2ea5
b8ef
dab8
ea3f
6d9c
956e
a5b2
9dd1
5712
4970
d3c9
b492
4924
924b
2757
3ab9
7d54
d95b
2f65
6d4d
b97b
7144
925d
c52f
6e5e
cada
9b73
6a6c
aeae
5f52
fa89
2495
7756
e3ba
638c
772e
5cbe
5fb7
dd4a
eefd
be5c
b972
d8e3
1d5b
8eeb
ba49
24bc
9e4f
2793
bfae
e793
c9e4
4924
9249
24bb
34f2
6d24
9249
2f3e
9249
2492
4924
924c
d124
9259
36e6
cbea
e6cb
eae6
cbea
e6cb
d892
4b6f
e5ba
9929
9833
0660
cc19
8330
660e
a64a
77f2
d249
659d
51d7
ba69
a69a
69a7
5fbd
4925
cbf9
6ea6
4a66
0cc3
aa95
dd17
cb2b
2a57
469b
f492
49df
cb75
3253
3066
1b2b
bf6f
6533
0660
ea64
a77f
2d24
9776
7547
77ef
75ee
5ca3
2a59
cb94
ce54
b673
eba3
4492
5cfa
669a
6ff7
6dca
be4a
d346
60ea
64a7
7f2d
2493
bf96
ea64
a660
cdfe
edb3
2533
0660
cc1d
4c94
efe5
a492
7f4c
c198
3397
2ba2
f2ce
aa5f
469a
6892
4bbb
f96e
a64a
660c
c1d4
c94e
fe5b
a992
9983
3075
3253
bf96
9249
dfcb
7532
5330
660c
c1d4
c1df
f774
660e
a64a
77f2
d249
25d9
a24b
4d12
4924
969a
24b4
d3c9
b492
4972
69d1
d1d1
d1e1
e1e1
e1e4
4924
924f
e93f
a492
4925
c9e1
e1e1
e1e1
d1d1
d1d1
b124
96df
cb75
3253
30ea
cee8
eea5
5f65
f42d
3449
25d5
fb7c
a94e
a539
7971
c763
8e39
51c7
1c71
c71c
71c7
18e7
25ed
4ae5
d72f
dab4
9259
52bb
bf6f
2e54
bca9
72b9
751c
ab77
29d4
b752
9d4a
752d
dca7
f4cc
1982
4927
fddb
664a
660c
c199
29ff
76d9
9299
8330
664a
7fdd
b492
4efe
5ba9
9299
8334
d34c
1983
3075
3253
bf96
9249
fcbe
0eea
5b39
7299
8330
660c
c198
3397
298e
ea5b
f969
24b9
f4cd
34d3
7e61
a69a
6fd2
4927
f4cd
34d3
7e61
a69a
6892
4b6f
e5ba
9929
9833
4d1f
ef59
8330
660e
a64a
77f2
d249
3306
60cc
1983
307f
4cc1
9833
0660
cc12
4965
15dd
97d1
a69a
69a6
9d59
7dd1
4924
baa2
bbb2
fa34
d34e
1c38
70e1
c395
392b
97fb
db49
25c3
9633
9529
8ece
0ccf
def7
ef5f
bdec
660e
ce1c
a94c
e589
2499
a69a
69a6
9a69
a6fd
2492
73a8
cc1f
afd7
f4ca
9432
eac6
60cc
1983
3066
0924
9cbc
1983
f783
f698
ff7b
632b
f7ac
baf5
8efd
6728
672c
665c
4924
efe5
ba99
2998
3306
60cc
1983
3066
0ea6
4a77
f2d2
493f
eedb
3253
3066
0cc9
4ffb
b6cd
34d3
4492
5b7f
2dd4
c94c
c198
3306
60cc
1fef
58ce
7aea
60ef
e544
925f
ddb6
64a6
60cc
1992
9ff7
6d8e
a5f0
772b
872a
5b39
7299
8249
277f
2dd4
c94c
c19b
536f
e5ec
ad19
83a9
929d
fcb4
925c
feef
669a
69a6
9a69
a689
24b0
c198
3306
60cc
1983
3066
0cc1
d4c9
4efe
5a49
2660
cc19
6ec7
52dd
ca75
29d4
a772
9d4b
7751
cabe
54b9
5972
a5e5
fb7d
d4a4
9258
60cc
18ed
8c74
c638
c638
c638
c752
a54a
7451
4ee5
3a97
c991
2497
0c1d
4b77
29dc
a752
f952
e565
fb7d
d4ae
ee54
bca9
72b9
729d
4b75
2ddc
a660
9249
cdf7
b19c
33f7
bd1a
69a6
9a68
924b
3eba
2fbb
95d5
4bee
e575
52fa
3ab9
5d54
beec
ebfb
a924
baf7
a9e4
f279
3c9e
4f27
93c9
e7a9
24b9
37de
c670
cfde
f467
ff70
d33f
fb86
8924
baf7
c9e4
f279
3c9e
4f27
93c9
d7a9
24b6
6c73
b993
93a8
9249
2492
4924
9249
3fa4
c000
004c
0078
0090
00ac
00c4
00f2
0104
0116
0130
014a
0162
017a
0184
01b8
01d2
01e2
01f2
0212
0234
0256
0290
02b4
02b8
02da
02fc
0306
0360
037a
03c6
03e2
03fe
041e
0450
0472
0338
048e
049c
03a6
0036
002a
0027
0002
0024
0037
002b
002e
0036
000f
002b
0030
0002
002f
0027
002f
0031
0034
003b
0002
0000
ffff
0028
0031
0034
002f
0023
0036
0002
002b
0035
001c
0002
ffff
0035
0023
0038
0027
0026
0002
002b
0036
0027
002f
000a
0035
000b
ffff
0028
0034
0027
0027
0002
002f
0027
002f
0031
0034
003b
ffff
0036
002a
0027
0002
0025
0023
0034
0036
0034
002b
0026
0029
0027
0002
002f
0027
002f
0031
0034
003b
0002
0001
ffff
0028
0031
0034
002f
0023
0036
0002
0000
ffff
0028
0031
0034
002f
0023
0036
0002
0001
ffff
0027
0034
0023
0035
0027
0002
002b
0036
0027
002f
0002
0000
ffff
0027
0034
0023
0035
0027
0002
002b
0036
0027
002f
0002
0001
ffff
0025
0031
0032
003b
0002
0000
0002
0036
0031
0002
0001
ffff
0025
0031
0032
003b
0002
0001
0002
0036
0031
0002
0000
ffff
0027
003a
002b
0036
ffff
0028
0031
0034
002f
0023
0036
0036
002b
0030
0029
0002
0039
002b
002e
002e
0002
0027
0034
0023
0035
0027
0002
0023
002e
002e
ffff
0035
0023
0038
0027
0026
0002
002b
0036
0027
002f
0035
0003
ffff
0028
0031
0034
002f
0023
0036
0021
ffff
003b
0027
0035
0002
0002
0030
0031
ffff
0028
0031
0034
002f
0023
0036
0002
0025
0031
002f
0032
002e
0027
0036
0027
ffff
0032
0034
0027
0035
0035
0002
0023
0030
003b
0002
0024
0037
0036
0036
0031
0030
ffff
0036
002a
0027
0002
0000
0002
0028
0031
0034
002f
0023
0036
0002
002b
0035
001c
ffff
0030
0037
002f
0024
0027
0034
0002
0002
0002
0002
0002
0002
0002
0030
0023
002f
0027
0002
0002
0002
0002
0002
0002
0002
0037
0035
0027
0026
ffff
002b
0035
0002
002b
0036
0002
0031
002d
0002
0036
0031
0002
0027
0034
0023
0035
0027
ffff
0021
ffff
0027
0034
0023
0035
0037
0034
0027
0002
0025
0031
002f
0032
002e
0027
0036
0027
ffff
0036
002a
0027
0002
0001
0002
0028
0031
0034
002f
0023
0036
0002
002b
0035
001c
ffff
002b
0036
0027
002f
ffff
0036
002a
0027
0034
0027
0002
002b
0035
0002
0030
0031
0036
0002
0027
0030
0031
0037
0029
002a
0002
0028
0034
0027
0027
ffff
002f
0027
002f
0031
0034
003b
0002
0036
0031
0002
0025
0031
0032
003b
0002
002b
0036
0027
002f
ffff
0025
0023
0030
0030
0031
0036
0002
0025
0031
0032
003b
0010
ffff
0023
0030
0002
002b
0036
0027
002f
0002
0039
002b
0036
002a
0002
0036
002a
0027
0002
0030
0023
002f
0027
ffff
0023
002e
0034
0027
0023
0026
003b
0002
0027
003a
002b
0035
0036
0035
0010
ffff
0025
0031
0032
003b
0002
0025
0031
002f
0032
002e
0027
0036
0027
ffff
0032
002e
0027
0023
0035
0027
0002
0028
0031
0034
002f
0023
0036
ffff
002b
0035
0002
0030
0031
0036
0002
0032
0034
0027
0035
0027
0030
0036
0010
ffff
0026
0023
0036
0023
0002
0035
0036
0031
0034
0023
0029
0027
0002
002b
0030
0028
0031
0034
002f
0023
0036
002b
0031
0030
ffff
002b
0035
0002
002b
0036
0002
0031
002d
0002
0036
0031
0002
0025
0031
0032
003b
ffff
0025
0023
0030
0030
0031
0036
0002
0028
0031
0034
002f
0023
0036
ffff
002f
0027
002f
0031
0034
003b
ffff
002f
0027
0030
0037
ffff
0004
0000
0003
0008
0001
000e
0001
0010
0001
0012
0001
0014
0001
0016
0001
0018
0001
001a
0001
001c
0001
001e
0001
0020
0001
0022
0001
0024
0001
0026
0001
0028
0001
002a
0001
002c
0001
002e
0001
0030
0001
0032
0001
0034
0001
0036
0001
0038
0001
003a
0001
003c
0001
003e
0001
0040
0001
0042
0001
0044
0001
0046
0001
0048
0001
004a
0001
004c
0001
004e
0001
0050
0001
0052
0001
0054
0001
0056
0001
0058
0001
005a
0001
005c
0001
005e
0001
0060
0001
0062
0001
0064
0001
0066
0001
0068
0001
006a
0001
006c
0001
006e
0001
0070
0001
0072
0001
0074
0001
0076
0001
0078
0001
007a
0001
007c
0001
007e
0001
0080
0001
0082
0001
0084
0001
0086
0001
0088
0001
008a
0001
008c
ffff
ffff
ffff
ffff
ffff
ffff
ffff
ffff
ffff
ffff
ffff
ffff
ffff
ffff
ffff
ffff
ffff
ffff
ffff
ffff
ffff
ffff
ffff
ffff
ffff
ffff
ffff
ffff
ffff
ffff
ffff
ffff
ffff
ffff
ffff
ffff
ffff
ffff
ffff
ffff
ffff
ffff
ffff
ffff
ffff
ffff
ffff
ffff
ffff
ffff
ffff
ffff
ffff
ffff
ffff
ffff
ffff
ffff
ffff
ffff
ffff
ffff
ffff
ffff
ffff
ffff
ffff
ffff
ffff
ffff
ffff
ffff
ffff
f3f3
ed56
184c
0000
3a00
40cb
7f20
f9c9
c33f
0400
0000
0000
c34d
0400
0000
0000
2100
1106
00c3
1904
4f06
0009
0900
0000
7e23
666f
c900
0000
f5c5
d5e5
21ff
1f7e
b728
0335
1807
2108
1c34
cd6b
00e1
d1c1
f1c9
31fd
1f3e
0332
ff1f
fb3a
ff1f
b7c2
5a00
cd0b
07fb
cd5e
0718
facd
2d06
cd45
07cd
bf06
cd8e
04cd
a000
af32
191c
dd21
401c
ddcb
007e
c4f1
0706
06dd
2170
1cc5
ddcb
007e
c4be
0011
3000
dd19
c110
f0c9
cd8e
043e
0132
191c
dd21
901d
0603
cd8f
003e
8032
191c
0602
dd21
201e
18d1
cd71
0220
17cd
5001
ddcb
0066
c0cd
a802
cdd9
03cd
d302
cdfc
00c3
b103
cd5b
02dd
cb00
66c0
cd79
02dd
7e1e
b728
06dd
351e
cac8
03cd
d903
ddcb
0076
c0cd
d302
ddcb
0056
c0dd
cb00
46c2
1101
3ea4
4cd7
3ea0
4dd7
c9dd
7e01
fe02
20f0
cd40
01d9
21d5
0706
047e
f523
d9eb
4e23
4623
ebdd
6e0d
dd66
0e09
f1f5
4cdf
f1d6
044d
dfd9
10e3
d9c9
112a
1c3a
191c
b7c8
111a
1cf0
1122
1cc9
dd5e
03dd
5604
ddcb
008e
ddcb
00a6
1a13
fee0
d29b
0908
cdc8
03cd
1502
08dd
cb00
5ec2
bd01
b7f2
e301
d681
f282
01cd
ac03
1821
dd86
05d5
1608
1e0c
08af
0893
3804
0882
18f8
8321
d907
ef08
b467
d1dd
750d
dd74
0edd
cb00
6e20
0d1a
b7f2
e201
dd7e
0cdd
770b
1833
1a13
dd77
1018
2467
1a13
6fb4
280c
dd7e
0506
00b7
f2ce
0105
4f09
dd75
0ddd
740e
ddcb
006e
2805
1a13
dd77
101a
13cd
0b02
dd77
0cdd
7303
dd72
04dd
7e0c
dd77
0bdd
cb00
4ec0
afdd
7725
dd77
22dd
7717
dd7e
1fdd
771e
c9dd
4602
05c8
4f81
10fd
c9dd
7e11
3df8
203b
ddcb
004e
c0dd
3516
c0d9
dd7e
15dd
7716
dd7e
1221
6302
efdd
5e13
dd34
13dd
7e14
3dbb
200e
dd35
13dd
7e11
fe02
2804
dd36
1300
1600
19eb
cd4c
0bd9
c9af
dd77
13dd
7e11
d602
f818
be6b
026c
026d
026e
02c0
80c0
40c0
80dd
7e0b
3ddd
770b
c9dd
7e18
b7c8
f83d
0e0a
e7ef
cd7b
03dd
661d
dd6e
1c11
cd07
0604
dd4e
19f5
cb29
c530
0686
e67f
4f1a
d7c1
1323
f110
eec9
ddcb
077e
c8dd
cb00
4ec0
dd5e
20dd
5621
dde5
e106
000e
2409
ebed
a0ed
a0ed
a07e
cb3f
12af
dd77
22dd
7723
c9dd
7e07
b7c8
fe80
2048
dd35
24c0
dd34
24e5
dd6e
22dd
6623
dd35
2520
20dd
5e20
dd56
21d5
fde1
fd7e
01dd
7725
dd7e
264f
e680
07ed
4447
09dd
7522
dd74
23c1
09dd
3527
c0fd
7e03
dd77
27dd
7e26
ed44
dd77
26c9
3deb
0e08
e7ef
1803
dd77
25e5
dd4e
25cd
1e04
e1cb
7fca
6903
fe82
2812
fe80
2812
fe84
2811
26ff
301f
ddcb
00f6
e1c9
030a
18d6
af18
d303
0add
8622
dd77
22dd
3425
dd34
2518
c626
006f
dd46
2204
eb19
10fd
dd34
25c9
dd77
17e5
dd4e
17cd
1e04
e1cb
7f28
21fe
8328
0cfe
8128
13fe
8028
0c03
0a18
e1dd
cb00
e6e1
c3ac
03af
18d6
e1dd
cb00
e6c9
dd34
17c9
ddcb
00e6
c9dd
7e0d
ddb6
0ec8
dd7e
00e6
06c0
dd7e
01f6
f04f
3e28
dfc9
dd7e
00e6
06c0
ddcb
00b6
dd4e
013e
28df
c906
00dd
7e10
b7f2
e303
05dd
660e
dd6e
0d4f
09eb
3e07
a247
4bb7
2183
02ed
4238
0621
85fa
1918
0eb7
2108
05ed
4230
0521
7c05
19eb
ebdd
cb00
6ec8
dd74
0edd
750d
c909
08f7
08c9
0600
094d
440a
c92a
371c
3a19
1cb7
2806
dd6e
2add
662b
afb0
2806
1119
0019
10fd
c9dd
cb01
5620
11dd
cb00
56c0
dd86
0132
0040
cf79
3201
40c9
ddcb
0056
c0dd
8601
d604
3202
40cf
7932
0340
c911
b807
dd4e
0a3e
b4d7
cd88
04dd
771b
0614
cd88
0410
fbdd
751c
dd74
1dc3
6c0b
1a13
4e23
d7c9
3a09
1ccb
7fca
0b07
fe90
dadc
04fe
94da
4f05
fee0
da45
05fe
f9d2
0b07
d6e0
21b5
04ef
af32
181c
e9a8
060b
07bb
04dd
2120
1e06
023e
8032
191c
c5dd
cb00
7ec4
d704
1130
00dd
19c1
10f0
c9e5
e5c3
c40b
d681
f8f5
cd0b
07f1
0e04
e7ef
e5e5
f722
371c
e1fd
e1fd
7e05
3213
1c32
141c
1106
0019
2233
1c21
3705
2235
1c11
401c
fd46
02fd
7e04
c52a
351c
eda0
eda0
1213
2235
1c2a
331c
eda0
eda0
eda0
eda0
2233
1ccd
f505
c110
df3e
8032
091c
c980
0280
0080
0180
0480
0580
0680
02d6
d008
3e80
2108
0d18
07d6
9008
af21
000d
3219
1c08
efe5
f722
391c
af32
151c
e1e5
fde1
fd7e
0232
3b1c
1104
0019
fd46
03c5
e523
4ecd
d805
cbd6
dde5
3a19
1cb7
2803
e1fd
e5d1
e1ed
a01a
fe02
cc32
07ed
a03a
3b1c
1213
eda0
eda0
eda0
eda0
cdf5
05dd
cb00
7e28
0cdd
7e01
fdbe
0120
04fd
cb00
d6e5
2a39
1c3a
191c
b728
04fd
e5dd
e1dd
752a
dd74
2bcd
c803
cd3e
07e1
c110
a0c3
3105
79d6
0232
321c
f521
1906
efe5
dde1
f1f5
210f
06ef
e5fd
e1f1
2123
06ef
c908
af12
1312
1308
eb36
3023
36c0
2336
0106
2423
3600
10fb
23eb
c920
1e20
1e20
1e20
1e50
1e90
1dc0
1dc0
1dc0
1df0
1d60
1d00
1d00
1d00
1d30
1d21
101c
7eb7
c8fa
6606
d13d
c036
02c5
f506
033e
b40e
00f5
dff1
3c10
fa06
033e
b4f5
cd60
04f1
3c10
f806
073e
280e
00f5
df0c
f110
faf1
c1c3
3105
af77
3a0d
1cb7
c20b
07dd
2170
1c06
063a
111c
b720
06dd
cb00
7e28
06dd
4e0a
3eb4
d711
3000
dd19
10e7
dd21
901d
0605
ddcb
007e
2806
dd4e
0a3e
b4d7
1130
00dd
1910
edc9
3e28
320d
1c3e
0632
0f1c
320e
1caf
3240
1c32
601d
c331
0521
0d1c
7eb7
c8fc
b506
cbbe
3a0f
1c3d
2804
320f
1cc9
3a0e
1c32
0f1c
3a0d
1c3d
320d
1c28
28dd
2140
1c06
06dd
3406
f2f4
06dd
3506
180f
ddcb
007e
2809
ddcb
0056
2003
cd6c
0b11
3000
dd19
10df
c921
091c
110a
1c01
7602
3600
edb0
dd21
3705
0606
c5cd
9a07
cd3e
07dd
23dd
23c1
10f2
0607
af32
0d1c
3e0f
3212
1c4f
3e27
dfc3
3105
3e90
0e00
c3ae
0721
131c
7eb7
c835
c03a
141c
7721
4b1c
1130
0006
0734
1910
fcc9
ed5f
3217
1c11
0a1c
cd6c
07cd
6c07
1acb
7fc8
0e00
fe90
3804
d60f
0e12
d681
2100
11e7
4f06
0009
3a18
1cbe
2802
300a
1a32
091c
7ee6
7f32
181c
af12
13c9
cdaa
073e
400e
7fcd
ae07
dd4e
01c3
ce03
3e80
0eff
0604
f5d7
f1c6
0410
f9c9
b030
3834
3c50
5854
5c60
6864
6c70
7874
7c80
8884
8c40
4844
4c90
9894
9cad
aeac
a684
02ab
02d3
02fe
022d
035c
038f
03c5
03ff
033c
047c
04c0
04cd
7102
ccf8
07c9
dd5e
03dd
5604
1a13
fee0
d273
08b7
fa0d
081b
dd7e
0ddd
770d
fe80
ca60
08cb
bfd5
2160
1dcb
5620
4008
cdc8
0308
1170
08eb
eda0
eda0
eda0
3d21
7d08
ef01
0600
edb0
cdfc
0521
651d
dd7e
0586
773a
681d
2191
08ef
3a66
1ddd
5e06
d583
dd77
06cd
6904
d1dd
7306
cd32
07d1
1a13
b7f2
e301
1bdd
7e0c
dd77
0bc3
e901
8002
0121
7908
c39e
0913
c3fe
079d
08bf
08e3
08ec
0800
0922
09f7
0844
094d
0974
09a6
08ca
0809
092b
095b
0982
09a3
0800
0600
00b4
10f2
3c0f
0000
001f
1a18
1c17
111a
0e00
0f14
101f
ecff
ff07
8016
80c5
0800
0c01
01e0
80b6
0af2
3e60
3030
3019
1f1f
1f15
1111
0c10
0a06
094f
5faf
8f00
8283
80e9
0800
0c01
01b3
0af2
f208
000c
0101
e040
b00a
f2fd
0800
0c01
01b2
0af2
0609
000a
0102
8f08
f23c
0000
0000
1f1f
1f1f
0016
0f0f
0000
0000
0faf
ffff
0085
0a80
2809
0006
0103
b016
f272
9e5b
4222
9696
9e96
1618
1618
1017
1118
4f5f
4f4f
0000
1080
4a09
000e
0101
b910
f253
09f7
0a00
04fe
0300
0000
9520
f23c
0a50
7000
1f17
191d
1d15
1a17
0618
0719
0f5f
6f1f
0c95
008e
7a09
0007
0005
fe00
0300
03d1
08f2
3d00
0f0f
0f1f
9f9f
9f1f
1f1f
1f00
0e10
0f0f
4f4f
4f00
9090
8521
a709
e5d6
e021
ab09
ef1a
e913
c35e
014c
0b7b
0a8f
0ab1
0ac1
0a8e
0c66
0bd4
0ab7
0a5d
0ba4
0ca4
0ca4
0c93
0a98
0a17
0ba3
0aa4
0cc4
0ba4
0c96
0ba4
0c9a
0b77
0c4a
0c64
0c92
0b8b
0ba0
0bb6
0bda
0afb
09a4
0c88
0a2a
0a32
0a6d
0a1b
0a02
0a7f
0a21
eb09
ef13
1ae9
dd36
1880
dd73
19dd
721a
21d1
0706
041a
134f
7e23
d710
f81b
c9d9
0607
1130
0021
421c
7719
10fc
d9c9
dde5
cd91
04dd
e1c9
3211
1cb7
281d
dde5
d5dd
2140
1c06
0711
3000
ddcb
00be
cdce
03dd
1910
f5d1
dde1
c331
05dd
e5d5
dd21
401c
0607
1130
00dd
cb00
fedd
1910
f8d1
dde1
c9eb
5e23
5623
4e06
0023
ebed
b01b
c9dd
7710
c9dd
7718
131a
dd77
19c9
2114
1c77
2b77
c932
161c
c9cd
9d0a
d7c9
cd9d
0adf
c9eb
7e23
4eeb
c9dd
7320
dd72
21dd
3607
8013
1313
c9cd
9a07
c3c4
0bcd
0b02
dd77
1edd
771f
c9dd
e5e1
0111
0009
eb01
0500
edb0
3e01
12eb
1bc9
ddcb
00ce
1bc9
dd7e
01fe
0220
2add
cb00
c6d9
cd40
0106
04c5
d91a
13d9
210f
0b87
4f06
0009
eda0
eda0
c110
ecd9
1b3e
4f32
121c
4f3e
27df
c913
1313
c900
0032
018e
01e4
01cd
aa07
1add
7708
b7f2
420b
131a
dd77
0fd5
2100
110e
04dd
7e0f
d681
cd23
00ef
f7dd
7e08
e67f
47cd
3404
1805
d547
cd25
04cd
6904
d1c9
0e3f
dd7e
0aa1
ebb6
dd77
0a4f
3eb4
d7eb
c94f
3e22
df13
0ec0
18e8
dd86
06dd
7706
d911
cd07
dd6e
1cdd
661d
0604
7eb7
f280
0bdd
8606
e67f
4f1a
d713
2310
efd9
c9dd
8605
dd77
05c9
dd77
02c9
dd77
07c9
eb5e
2356
1bc9
fe01
2005
ddcb
00ee
c9dd
cb00
8edd
cb00
aeaf
dd77
10c9
fe01
2005
ddcb
00de
c9dd
cb00
9ec9
ddcb
00be
3e1f
3215
1cdd
4e01
cdce
03dd
e5cd
d805
3a19
1cb7
2867
af32
181c
fdcb
007e
2812
dd7e
01fd
be01
200a
fde5
fd6e
2afd
662b
1808
e52a
371c
fdcb
0096
dde1
ddcb
0096
ddcb
007e
2837
3e02
ddbe
0120
0d3e
4fdd
cb00
4620
02e6
0fcd
030b
dd7e
08b7
f22e
0ccd
270b
1814
47cd
3404
cd69
04dd
7e18
b7f2
450c
dd5e
19dd
561a
cd0c
0add
e1e1
e1c9
4f13
1a47
c5dd
e5e1
dd35
09dd
4e09
dd35
0906
0009
722b
73d1
1bc9
dde5
e1dd
4e09
0600
095e
2356
dd34
09dd
3409
c913
c628
4f06
00dd
e5e1
097e
b720
021a
7713
35c2
9a0b
13c9
13c6
284f
0600
dde5
e109
7e3d
ca9f
0c13
c9af
77c3
9a0b
c900
a60d
ce0d
f80d
280e
6e0e
6e0e
6e0e
6e0e
6e0e
6e0e
6e0e
6e0e
6e0e
6e0e
6e0e
6e0e
6e0e
6e0e
6e0e
6e0e
6e0e
6e0e
6e0e
6e0e
6e0e
6e0e
6e0e
6e0e
6e0e
6e0e
6e0e
6e0e
6e0e
6e0e
6e0e
6e0e
6e0e
6e0e
6e0e
6e0e
6e0e
6e0e
6e0e
6e0e
6e0e
6e0e
6e0e
6e0e
6e0e
6e0e
6e0e
6e0e
6e0e
6e0e
6e0e
6e0e
6e0e
6e0e
6e0e
6e0e
6e0e
6e0e
6e0e
6e0e
6e0e
6e0e
6e0e
a60d
6e0e
6e0e
6e0e
6e0e
6e0e
6e0e
6e0e
6e0e
6e0e
6e0e
6e0e
6e0e
6e0e
6e0e
6e0e
b50d
0101
8006
b00d
000c
ef00
bd03
f201
0804
0201
1f1f
1f1f
0000
0000
0000
0000
0f0f
0f0f
1e1e
1e80
df0d
0101
8006
d80d
000c
ef00
c903
d506
f201
0804
0201
1f1f
1f1f
0000
0000
0000
0000
0f0f
0f0f
2420
2780
0f0e
0102
8005
0a0e
fb11
8006
080e
fb11
e10a
ef00
b014
f203
0205
0404
1f1f
1f1f
0000
0000
0000
0000
2f1f
0f0f
120f
1080
550e
0103
8002
3e0e
000b
8005
450e
000b
8006
4c0e
000b
ef00
e080
c13f
f2ef
0080
05c4
39f2
ef00
e040
800a
c934
f204
3772
7749
1f1f
1f1f
070a
070d
000b
000b
1f0f
1f0f
2380
2380
790e
0101
8005
780e
000b
f200
0313
080d
0513
000d
1411
5a12
9000
0000
001c
ff12
2811
3411
4011
4b11
8f11
c411
0112
1b12
3512
4612
4060
7060
5030
10f0
d0b0
9083
0002
0406
080a
0c0e
1012
1481
0000
0103
0100
fffd
0082
0200
0000
0000
0000
0000
0000
0000
0000
0000
0000
0000
0000
0000
0000
0000
0000
0000
0000
0000
0000
0002
0406
080a
0c0a
0806
0402
00fe
fcfa
f8f6
f4f2
f4f6
f8fa
fcfe
0082
2900
0000
0000
0000
0000
0000
0000
0000
0000
0000
0000
0000
0000
0000
0002
0406
080a
0c0a
0806
0402
00fe
fcfa
f8f6
f4f6
f8fa
fcfe
821b
0000
0000
0000
0000
0000
0000
0000
0000
0000
0000
0000
0000
0000
0000
0000
0000
0000
0000
0000
0000
0000
0000
0000
0000
0000
0306
0300
fdfa
fafd
0082
3300
0000
0000
0000
0000
0000
0000
0000
0002
0402
00fe
fcfe
0082
11fe
ff00
0000
0000
0000
0000
0000
0000
0000
0001
0100
00ff
ff82
1100
0000
0001
0101
0102
0201
0101
0000
0080
0000
0000
0101
0101
0202
0101
0100
0000
8401
8204
7012
7212
7912
9212
9e12
a912
b812
c112
d212
de12
f312
0283
0002
0406
0810
8302
0100
0001
0202
0202
0202
0202
0202
0202
0303
0304
0404
0581
0000
0203
0404
0505
0506
0681
0300
0101
0102
0304
0405
8100
0001
0102
0304
0505
0608
0707
0681
010c
030f
0207
030f
8000
0000
0203
0304
0506
0708
090a
0b0e
0f83
0000
0101
0303
0405
0505
8204
0100
0000
0001
0101
0202
0203
0303
0304
0404
0505
8105
0504
0403
0302
0201
0100
817f
7f7f
7f80
8009
13aa
1378
1307
0001
0077
1300
002b
1300
242f
1300
2233
1300
1e4b
1300
2e4f
1300
2a67
1300
14e1
0a80
02e1
f680
02ef
00f0
0a01
0208
b824
8001
b540
e7b5
02e6
04f7
0008
4013
f280
09e1
0aef
00f0
0a01
0208
b524
8001
b140
e7b1
02e6
04f7
0008
5c13
f2ef
01f0
0101
f800
ab24
40f0
0a01
0208
f2f2
2201
0103
0105
1514
1b06
040b
0000
0f04
0035
2515
0a00
0f0a
803c
0101
0101
1f1f
1f1f
0013
1111
0011
0f0f
001a
251a
0a82
2480
4816
0700
0206
4716
0000
ce13
e815
6d14
f413
d714
f415
4615
001b
a915
f412
cc13
e820
8004
ef04
fb1a
f827
1480
3080
f827
14f8
2714
fbe6
fb18
ef00
9906
e6ff
f700
10e4
13e6
1080
18fb
e8ef
03e8
0580
0cc1
80c1
c1c1
c106
c1c1
c1e8
00f0
2101
0406
f859
14f7
0002
0a14
8030
24c1
0c80
c118
0c0c
0c06
0603
09f8
5914
f60a
14de
01dc
dad9
d7d5
d4d2
d0ce
cdcb
c9c8
c6c4
c2c1
bfbd
bcba
b8b6
b5b3
b1b0
aeac
aaa9
a7a5
a4a2
a09e
9d9b
9998
9694
9291
8f8d
f9c7
30e7
18e8
06c6
09c4
c206
e800
c212
c41e
e730
f9f0
2101
0406
8030
80ef
02bd
08c4
c0c7
10c4
08cb
30c4
08cb
c7ce
10cb
08d2
30e7
30ef
06e6
f8a7
18e6
08ef
0280
0080
3080
f8c4
14f7
0002
9c14
8006
c1c4
c6f0
0101
0301
c609
f021
0104
06c6
09c4
06f7
0004
a414
f8c4
14f6
9c14
c430
e718
e806
c209
c1bf
06e8
0012
c11e
e730
f9ef
01b1
06f7
0038
d914
ef06
e6f6
a818
e60a
8000
ef01
b006
bcb3
b50c
bc06
b3b5
80bc
b3b5
bcb3
b5bc
f833
15f7
0004
fe14
b0bc
b3b5
0cbc
06b3
b580
bcb3
b5bc
b3b5
bcb5
bcb3
b50c
bc06
b3b5
80bc
b3b5
0cbc
b506
f833
15f7
0002
2815
f6fe
14bd
06b8
bbbd
0cb8
06bb
bd80
b8bb
bdbd
b8bb
bdf9
ef04
fb01
f827
14fb
fff0
2101
0406
8030
8008
fbf4
e606
ef02
bd08
c4c0
c710
c408
cb30
c408
cbc7
ce10
cb08
d230
e728
ef06
e6ea
a918
e616
8000
fb0c
e6fa
f000
0000
00ef
00c1
03f7
0020
8915
bd03
f700
7f90
15bd
c1f7
0040
9815
bdf7
003f
9e15
8003
f690
1580
30ef
0599
30e7
30e7
30e7
30e7
30e7
30e7
18ef
03e8
0580
0cbc
80bc
bcbc
bc06
bcbc
bce8
00ef
00f8
1216
f700
02cf
15b5
b503
03c1
b506
0312
bf03
c180
06b5
0303
c1b5
0603
0903
b306
b0b5
b503
03c1
b506
0312
bf03
c180
06b5
0303
c1b5
0603
09b5
03b3
06b5
f812
16f6
cf15
b106
0303
bdb1
0603
12bd
0303
8006
b103
03bd
b106
0309
0306
acb1
b103
03bd
b106
0312
bd03
0380
06b1
0303
bdb1
0603
09b1
03b1
0606
f9f2
207a
3100
009f
dbdc
df0e
0b04
041f
1818
186f
6f1f
1f18
2b17
8024
7030
0000
9fd8
dcdf
100a
0404
0f08
0808
5f5f
bfbf
0987
1980
2201
0101
010e
110e
1116
040b
1010
0f05
060b
0b0a
0e14
1a17
8028
4241
1371
1f12
1f1f
0807
0509
0101
0100
1f1f
1f1f
0816
1980
360f
0101
011f
1f1f
1f12
110e
0000
0a07
09ff
0f1f
0f18
9180
b32c
7272
3332
1f0f
1f0f
0000
0000
0000
0000
1f2f
1f2f
1980
1785
3c02
0001
011f
1f1f
1f00
0e19
1000
0c00
0f0f
efff
ff05
8000
8000
ebe8
0000
0ca6
f88e
0d00
017a
fa08
1100
05f8
0000
ffff
ffff
ffff
ffff
ffff
ffff
ffff
ffff
ffff
ffff
ffff
ffff
ffff
ffff
ffff
ffff
ffff
ffff
ffff
ffff
ffff
ffff
ffff
ffff
ffff
ffff
ffff
ffff
ffff
ffff
ffff
ffff
ffff
ffff
ffff
ffff
ffff
ffff
ffff
ffff
ffff
ffff
ffff
ffff
ffff
ffff
ffff
ffff
ffff
ffff
ffff
ffff
ffff
ffff
ffff
ffff
ffff
ffff
ffff
ffff
ffff
ffff
ffff
ffff
ffff
ffff
ffff
ffff
ffff
ffff
ffff
ffff
ffff
ffff
ffff
ffff
ffff
ffff
ffff
ffff
ffff
ffff
ffff
ffff
ffff
ffff
ffff
ffff
ffff
ffff
ffff
ffff
ffff
ffff
ffff
ffff
ffff
ffff
ffff
ffff
ffff
ffff
ffff
ffff
ffff
ffff
ffff
ffff
ffff
ffff
ffff
ffff
ffff
ffff
ffff
ffff
ffff
ffff
ffff
ffff
ffff
ffff
ffff
ffff
ffff
ffff
ffff
ffff
ffff
ffff
ffff
ffff
ffff
ffff
ffff
ffff
ffff
ffff
ffff
ffff
ffff
ffff
ffff
ffff
ffff
ffff
ffff
ffff
ffff
ffff
ffff
ffff
ffff
ffff
ffff
ffff
ffff
ffff
ffff
ffff
ffff
ffff
ffff
ffff
ffff
ffff
ffff
ffff
ffff
ffff
ffff
ffff
ffff
ffff
ffff
ffff
ffff
ffff
ffff
ffff
ffff
ffff
ffff
ffff
ffff
ffff
ffff
ffff
ffff
ffff
ffff
ffff
ffff
ffff
ffff
ffff
ffff
ffff
ffff
ffff
ffff
ffff
ffff
ffff
ffff
ffff
ffff
ffff
ffff
ffff
ffff
ffff
ffff
ffff
ffff
ffff
ffff
ffff
ffff
ffff
ffff
ffff
ffff
ffff
ffff
ffff
ffff
ffff
ffff
ffff
ffff
ffff
ffff
ffff
ffff
ffff
ffff
ffff
ffff
ffff
ffff
ffff
ffff
ffff
ffff
ffff
ffff
ffff
ffff
ffff
ffff
ffff
ffff
ffff
ffff
ffff
ffff
ffff
ffff
ffff
ffff
ffff
ffff
ffff
ffff
ffff
ffff
ffff
ffff
ffff
ffff
ffff
ffff
ffff
ffff
ffff
ffff
ffff
ffff
ffff
ffff
ffff
ffff
ffff
ffff
ffff
ffff
ffff
ffff
ffff
ffff
ffff
ffff
ffff
ffff
ffff
ffff
ffff
ffff
ffff
ffff
ffff
ffff
ffff
ffff
ffff
ffff
ffff
ffff
ffff
ffff
ffff
ffff
ffff
ffff
ffff
ffff
ffff
ffff
ffff
ffff
ffff
ffff
ffff
ffff
ffff
ffff
ffff
ffff
ffff
ffff
ffff
ffff
ffff
ffff
ffff
ffff
ffff
ffff
ffff
ffff
ffff
ffff
ffff
ffff
ffff
ffff
ffff
ffff
ffff
ffff
ffff
ffff
ffff
ffff
ffff
ffff
ffff
ffff
ffff
ffff
ffff
ffff
ffff
ffff
ffff
ffff
ffff
ffff
ffff
ffff
ffff
ffff
ffff
ffff
ffff
ffff
ffff
ffff
ffff
ffff
ffff
ffff
ffff
ffff
ffff
ffff
ffff
ffff
ffff
ffff
ffff
ffff
ffff
ffff
ffff
ffff
ffff
ffff
ffff
ffff
ffff
ffff
ffff
ffff
ffff
ffff
ffff
ffff
ffff
ffff
ffff
ffff
ffff
ffff
ffff
ffff
ffff
ffff
ffff
ffff
ffff
ffff
ffff
ffff
ffff
ffff
ffff
ffff
ffff
ffff
ffff
ffff
ffff
ffff
ffff
ffff
ffff
ffff
ffff
ffff
ffff
ffff
ffff
ffff
ffff
ffff
ffff
ffff
ffff
ffff
ffff
ffff
ffff
ffff
ffff
ffff
ffff
ffff
ffff
ffff
ffff
ffff
ffff
ffff
ffff
ffff
ffff
ffff
ffff
ffff
ffff
ffff
ffff
ffff
ffff
ffff
ffff
ffff
ffff
ffff
ffff
ffff
ffff
ffff
ffff
ffff
ffff
ffff
ffff
000a
8105
1e86
0306
8804
0b8b
0304
8f27
7c37
7d54
0e64
0a71
00ff
000f
b005
6054
e973
ecbd
73ec
b9d0
2a74
b9d0
0ab0
15e0
abad
dbdb
e5ef
d0eb
f9bd
bb55
d400
2b77
e9bb
1f00
0010
8005
1315
1926
3836
3746
3957
7868
fb73
0181
0779
8407
7a86
040a
163b
8704
0715
1a88
0406
1408
2518
38f8
48fa
8a03
0215
1227
7b36
3a8b
0516
1517
38f9
8c03
0016
36ff
9ff3
321b
4cbf
58ab
f234
ed30
9abf
2359
d99e
bcee
1357
2137
80bc
05c8
9722
5b89
3702
5191
d3e4
2f89
858d
4c7d
3cc4
2b44
c45e
530c
995e
63ab
e47c
8e3f
7849
2492
4cc7
dadb
9764
37f3
4eb6
cd79
a764
26cf
fa67
430f
f946
f787
a695
7a87
a5ae
e1f0
fdc3
fa8d
537a
ef0f
50f5
8d43
d635
87f8
7fa5
0f8e
bead
fca8
17fe
54f6
fe5f
1b7e
af9f
d612
4924
9249
23ed
0f0c
8734
c86f
a61b
b3b2
1c43
b586
5f08
659e
1584
e132
b6d1
eef2
8963
a6fd
3b49
b5da
b267
afca
5d36
bbba
8fd3
de5f
02f2
c4c5
fac8
bfbe
07ce
fb5f
c6c4
9249
2492
4924
7dad
b995
86ee
cac3
8d32
b0cd
3c2b
09ea
1584
de25
613c
4ac2
712b
89f5
6199
7eac
67e4
717d
b7d8
f800
0036
8018
f638
f575
1481
076f
1513
8606
2f17
7177
6b87
0512
18f2
3778
7631
8803
0117
7228
f337
7776
3289
0406
1773
28f7
4633
7515
8a04
0717
6a37
7477
6e8b
0300
1636
28f4
3775
7634
8c06
2e17
7036
3077
768d
0516
3408
7302
ffa5
294a
5294
a529
4a7f
4387
ae1e
dfac
170a
5294
eddb
b5c2
e170
b852
94a5
387f
430f
5b85
c385
294a
529a
bd75
73f6
d5fb
9a7f
4387
afa3
fb6d
d36f
f533
b3b3
d6ad
c34f
f5b8
70e3
76ed
4cec
ecf5
ab69
a070
e1c6
edda
99d9
d9eb
56fe
df0d
0387
0e37
6ed4
cece
cf5a
b538
7f40
3ede
bd36
f6fe
d6ce
cece
cf5a
b7e0
341f
d81c
bf82
0cfb
8333
d4cc
8760
6643
1066
43b6
997f
c72d
2b95
4199
0c41
990e
c0cc
8620
cc87
6066
4310
6643
b033
2188
3321
d8ff
8797
f47c
ff83
de3b
c778
ef1d
e277
cefd
fc7f
437e
fbff
437c
efdf
7a49
2bf7
ebbf
7ff1
b7ff
5924
9719
7195
fe5f
a695
f2fd
34b8
caf9
2492
95f8
caff
e3df
fd74
925e
47c8
cb97
e9cc
8fe9
cf91
9149
2465
9197
f225
fd84
925c
9b93
1e7e
6c5b
cdb9
3164
924c
6ac7
33fd
9492
5cdf
9bb6
af77
67f7
7e6e
ce92
49db
73b7
f29b
fb49
24b5
0d41
f6fd
5071
faa1
a838
4924
1f40
ffcb
7fed
a492
daed
ae1c
3d2e
177a
5db5
c2e4
9257
0ed7
0fe6
0fee
2492
eddb
b249
26f3
82dc
a18b
182c
5a3d
cc7e
e63f
731f
b949
2492
87f7
867e
70ec
ed0c
ecf1
faa6
8e91
d23a
40fd
5438
d501
c3c3
8711
e8f1
d63a
c758
bbd2
05db
45c2
e102
e174
7eb0
4611
8461
1846
1184
6118
4611
8461
1846
1184
6118
47eb
3f9b
c3fb
b77f
b419
91cc
1990
c419
9064
0cc8
620c
c832
0664
3106
6419
0332
18d7
2c75
e3af
1d60
cc83
2066
4310
6641
9033
2188
3320
c819
90c4
1990
640c
c862
c7c1
632f
db48
b1f0
58cb
f6d2
2c7c
1632
fdb4
8b1f
058c
bf6d
235c
b1d6
ac19
fad8
49ba
586f
e32e
35cb
1d6b
4dd2
be47
c8ca
b963
ad69
bb26
3e0b
4bfa
d8cb
5ad3
7655
cb1d
6bfd
76fe
d0b7
9b17
1663
e0b4
bfad
8cb5
ab06
7eb6
126e
961b
f8cb
8d86
fcec
37e7
617e
7617
e761
7e76
12ce
c259
d84a
b5ad
6b5a
d6bc
dc5b
3716
cdc5
b371
6cdc
5b37
16cd
c5b3
71f9
d126
e960
cfd6
c1c6
0ab9
638e
ed3b
2ae5
8e3f
cada
dfcb
b85b
fb81
5ab9
6388
3320
c819
90c4
1990
640c
cf53
3ee3
97f0
76fe
c7e0
3fd7
af1d
7a65
ff1c
b400
8006
8071
0083
7202
ffbf
01fe
3001
f80b
fc6a
0014
fd9f
ec3f
4600
3f81
fa3f
e07e
cdfb
0000
0015
8074
0481
0639
1636
8606
3516
3b75
1787
0406
7638
8804
0777
7489
0512
4513
7516
8a04
0836
3748
f875
198b
0300
163c
3634
48f9
68fb
7518
8c07
7a37
7b58
fa77
758d
0301
740a
8f74
05ff
0fb3
8760
fb38
9387
d9c3
b07d
9f47
dbf7
03f3
1fc1
f3fb
1f80
fbbf
17c7
4ff8
f4c5
f8bd
a889
4684
34b7
239e
dafd
f17b
5632
dab3
fe5d
dafc
5ed5
8cf4
bf17
b57d
9fed
03fa
893c
0288
8888
8847
3323
9991
acc8
d664
6b32
1a64
34c8
6b5a
d6b5
ad6b
7e66
019c
0338
0670
0ce0
19c0
3380
6703
f3a1
a5b9
128d
0881
eea8
8946
8434
b723
9edb
bce3
ad56
32da
b3fe
5ddb
38eb
558c
f4f8
f0fc
fa07
e855
1fb3
fda0
7f51
2781
f9d0
d2dc
8946
8440
f748
8899
c75a
4444
f8f0
fcfa
07e8
5144
4455
5555
5521
a5b9
128d
0881
ee95
5573
8eb4
aaab
f1e1
f9f4
0fd0
a2aa
aa00
0012
8303
0635
1e54
0e66
3e8d
0304
1305
7100
fffa
6be9
afa6
be9a
fa6f
e6e9
f000
5ebc
05eb
c4ff
e09d
789f
fb13
af13
ff42
75e2
7fe4
4ebc
4ffc
09d7
89ff
713a
f13f
ecfa
6fde
fe4e
6bae
9bf7
bf93
9aeb
a6ba
e9f0
09ff
c01f
fb01
ffa0
1ff9
01ff
801f
f701
ff60
0024
8106
2886
0629
762d
8705
1016
3a27
7836
3345
1256
2c75
1188
0630
1631
3772
4636
8905
1727
7936
3547
7657
7377
7a8a
0200
150e
2632
38f7
4634
6777
7405
8b38
f876
268c
050f
162a
276e
362b
4627
576f
7638
8d04
0418
f674
06ff
642f
a214
7f19
0a24
8512
4289
214c
90a6
1c99
6d8f
8748
a8f0
5640
de37
74fe
b096
0960
9609
609b
40f6
29d9
0a76
4218
6a84
3b21
0bfb
a17d
132f
86ff
c29b
ddbd
5499
bfb0
27f6
04ed
809c
c4d2
e277
4ff5
b322
db1f
f39f
e73f
ce7f
a065
b62e
b2ac
bc4f
970c
b6c6
318b
bff1
b1fe
83fd
27fa
5549
9b8e
27f3
5735
599a
affc
7f63
d7a5
5999
90be
8851
fc64
2892
1449
0a33
10a7
310a
61fa
8196
d8c7
2eb2
ddd1
3e25
4ddd
3fac
2582
5821
211f
211f
ca07
b14f
210a
7908
430f
2210
ec84
2fee
85f4
4cbe
1b76
24f8
93fe
64ab
d2ac
ccfd
847e
c23f
5c04
e626
9713
ba7f
ad99
16d8
c61f
dae8
ac86
0566
2566
2566
172b
3d5d
5666
642f
a214
7f19
0a24
8519
8851
9885
3988
530f
d40c
b6c5
d22a
f0ed
d074
e4ec
b6c4
b07e
6eab
a756
e9db
ba7f
584b
0424
23e4
23e4
23f9
40f6
29e4
214f
2108
61e4
421a
8842
fee8
5f44
cbe1
b8ab
0ff6
799f
b3d5
666e
1f8e
fd6b
e6f5
5999
fb08
fd84
7eb8
08fe
c269
713b
a7fa
d991
6d89
60f7
666e
7744
f932
db12
4e7b
bc15
ba06
f770
4f89
bb51
fcd5
499b
89f0
2bf2
55d8
7aac
cccb
6c6c
766e
aba7
56ee
37e3
bf5a
f9d4
ab33
32db
1758
3dd9
9b9d
d13e
5fec
27c4
dda8
fe6a
b330
0021
8603
0213
0325
1b35
1647
7a68
f875
1787
051c
163b
28fa
477b
8806
3a75
1889
051a
7519
8a04
088b
18f9
8d02
0014
0a24
0936
3cff
ce38
a58c
f5c5
3e8f
5c52
aaf9
c529
54cd
d395
4cdd
3945
f38a
52b9
63e0
7cb1
ba63
e5f3
8ed4
eac3
176a
7562
dda2
f6ce
0f5f
25ba
9b43
2dfe
d45d
e708
d2d1
df48
d1b8
63ec
6586
3eef
9c4e
9fc8
c5d7
f374
a196
f2c5
de70
c628
e90c
4421
8a04
318e
517c
e257
9637
50a6
188d
d42f
2f9c
76a3
cd96
ed45
47c0
bb53
1759
c78a
291b
366c
d9b3
66e2
af9c
429d
2e08
6314
e970
47a8
45b9
7ce3
dbfc
5ff5
ba3d
a8f8
af68
bace
3f16
c73d
218e
10c5
4863
1cdd
6710
bb51
3618
bb51
3f10
bb53
7ce0
5e58
b750
a614
08b1
0bc4
5f38
f973
aae9
1f81
4385
3c94
70d3
11a4
5f38
5128
6586
5a91
61c4
a2eb
3842
f68f
eb52
f68f
817b
be71
ff7b
ffde
fff7
be70
a255
22c3
8a85
5610
e615
5f38
a7f3
ebaa
e910
a1c5
bc54
865d
6713
a513
f814
21cf
10ce
1a43
3485
157c
e043
1718
cb78
b8c6
310c
5cbe
71f4
a26c
6fe9
1f06
fe94
4df3
853e
85d0
c431
5217
4314
ded9
c389
b1e8
42ab
0cb4
4dde
7087
f3b1
755d
2a50
e18b
c621
9759
c0b4
216a
90a9
1148
8a50
2141
a423
5759
c0bc
548b
5298
548b
52f1
17ce
2dfb
7bdb
f6f7
95fb
7be7
1128
6586
5865
8712
a6f9
c38a
850c
6218
c50c
6314
5422
e000
0004
8f71
00ff
0000
0000
0000
8050
8003
0314
0a25
1b34
0c45
1a54
0b65
1e72
008b
0302
1304
240e
377c
48fa
68fb
fffd
cfec
ae05
cb80
b51a
c80d
676a
02da
71aa
4e03
5e41
49c6
bca9
381e
5e43
549c
c58b
212e
64b8
3452
71aa
4e03
5e59
2e0d
7962
15a1
009a
7291
e400
4c56
800f
27db
4e34
0064
68c8
d540
8d67
06be
54a9
4800
f2b5
b549
c001
aa4e
3549
c68c
422d
09af
2a80
0052
7d51
c6ae
0172
938d
52da
a4e3
4052
f21c
6b7c
fe6a
0359
1ac8
17f1
a71a
05e4
0d38
feda
da6a
d5a6
ad01
71f3
8d5c
02e5
271a
a438
d001
91aa
fa35
0c95
2a54
326b
e6d3
8d5c
35da
4627
1aa5
6aa3
4191
ac8d
0647
2be1
9dae
0d7c
bea8
d6d1
ee6b
7f03
3e6b
9a70
970c
97f5
7d51
a729
0003
5b8d
0001
f2a3
8d5c
a4fb
39a2
a5a7
1aae
da0a
9700
da69
a7c2
3cbc
8234
2af9
b84c
f990
08d3
550b
5e40
6752
1fc3
3b5c
0d6f
e9f1
483c
bc82
5269
a683
49ad
40c8
6d38
172e
0e5f
34d3
40d3
8d6d
5202
9673
5b80
9adf
cc80
b51a
69c0
a5e4
0d38
e35b
8d38
d5c3
5da4
5269
c6b7
f000
a85c
aec4
e017
2e0b
7f1a
01cb
81a5
bf8d
191a
c8d0
646b
c9c6
a91b
41e4
2a58
aa52
c852
0f23
c9fc
a9b8
172e
0646
ad34
6935
70d4
b4fa
a526
b71c
d4ce
6b70
135b
9b59
1ca4
2f20
f4b9
4a96
d382
03cb
69cd
fdf9
01e5
e5bf
8d69
6fe1
92e0
5fcb
f8e3
4064
b85f
c69c
6832
3591
a0c8
d527
1a68
2a35
9c1a
9a8d
34d0
12e1
b4fe
e935
b8e1
b970
7349
adcc
fed9
6bc8
3d0f
8faa
3400
7b9f
354b
6856
8414
b4b5
da82
d4b8
17cd
3fed
8017
2e3f
ad71
aed7
06be
34e5
21a7
1ada
a462
a5b4
e39e
46a0
0042
0006
4df6
9001
e549
c6a9
1b42
2d0a
9796
fe34
e357
293e
ce68
a969
c69c
d2af
8676
b835
f2fa
a34e
038d
6468
36a9
3eb8
005f
52d2
df1a
ed70
35be
a4fe
800f
2dfc
6b13
9500
02a5
2a4f
e19d
ae0d
7cd8
8021
8004
0414
0625
1535
1646
3256
3767
7b72
0081
062f
28f9
3635
577a
7408
8205
1283
062e
48fa
7633
8406
3185
063a
8605
1377
7687
0630
7514
8904
0514
0727
7236
3647
738a
7638
8c07
778d
063c
8e08
f88f
0634
ffa7
13ff
3b7f
4eb7
a7cd
6f4f
90ef
e7f7
b8a6
7101
ffee
29f4
97cf
5b6a
16fe
779d
ff17
c53b
424f
1c3f
6cdf
176a
d3d3
bf9f
9cfc
5779
fe45
3f23
c53b
4768
f3bf
92fc
ecbc
4bd3
46d1
38a7
68ed
1ff2
ffff
14ed
1fe6
4f4d
fa2b
a55b
a57a
5f74
b100
0257
0000
56e9
7400
0632
fc43
5d2e
86c0
3dde
1963
2f86
ba58
8001
eef0
0f78
6ff9
1cbf
478c
be13
f66d
f176
ad75
ffb7
49e1
38d6
919e
7148
8a46
7f5f
92c7
f838
37f1
ebea
6914
8ce5
77aa
ff06
bf56
d6df
b7cb
e42e
924b
1fd2
c671
4809
e1d6
1780
0159
e1d6
17db
fb2c
ece0
1672
bcf2
7454
519d
16ce
8a33
b3a2
9b55
51d1
5146
7ddc
aaa2
b3b2
9c99
d1d1
777a
afb5
67b3
a2db
9338
cf92
a2ee
bed7
7545
3770
0003
7e68
e9b3
2a72
b724
51b6
456e
6ca7
3474
dadc
b2e4
65b5
79a3
8019
3a6d
6d91
c04d
1151
5344
9a4d
2693
454d
1344
5049
e1d6
1781
f36f
dbdb
5afd
13c3
afe2
0452
3325
77a6
f4df
d34f
f0d3
ff81
ff88
ce29
ffc0
0000
03cf
cfcf
cfcf
cfcf
0733
3333
0733
3333
8733
3333
3303
3333
8733
3f3f
3f3f
3387
3333
270f
2733
3333
ffff
ffff
ffff
ffff
8733
3f87
f333
3387
0c9c
9c9c
9c9c
9c0c
e646
06a6
e6e6
e6e6
077f
7f0f
7f7f
7f07
fffe
fefe
fefe
feff
ff17
f737
f7f7
10ff
ffc4
b5b5
84b5
b5ff
ff21
afa1
3dfd
e1ff
ff08
7b1b
7b7b
08ff
ffff
7f7f
7f7f
ffff
ffc1
f7f7
f6f7
f7ff
ffe1
efe3
6fef
e1ff
ff7c
7b7b
787b
0bff
ff42
5a5a
435f
5eff
ff10
f711
d7d7
10ff
ff8f
b7b7
b7b7
8fff
ffff
ffff
ffff
ffff
ff8c
b5b4
8db5
b4ff
ff2e
e46a
eeee
2eff
ffc6
b6b6
86b6
b6ff
ffdb
dbcb
d3db
dbff
fff8
fefe
fefe
feff
ff38
fbfb
c8fb
fbff
ffc2
5e46
de5e
42ff
ffec
4bab
e8eb
ebff
ff6d
6d6c
6d6d
6dff
ffbf
bfbf
3fbf
bfff
0632
3232
063e
3e3e
0e64
6464
0c64
6466
1cc9
c9c9
c9c9
c91c
3093
93f3
1093
9333
7026
2626
6620
2626
ce44
404a
4e4e
4e4e
4e44
404a
4e4e
4e4e
4266
6666
6666
6642
6664
2404
0444
6466
1fcf
cfff
8fcf
cf1f
0999
9898
9899
9909
909c
9c1c
1c1c
9c9c
20e6
e6e6
e0e6
e6e6
e14c
4c4c
cc4c
4c61
8632
3e86
f2f2
3286
0e64
6464
0c7c
7c7c
1cc9
c9c9
c909
c9cc
3093
f3f0
f3f3
9330
3fff
ff7f
ffff
ff3f
8632
3e3e
3e3e
3286
0f67
6767
6467
670f
f8f3
7373
1273
73f8
7e3c
fcfc
3c3c
3c7e
19c9
f9f8
f9f9
c919
9893
9313
9390
9393
6626
2220
2024
2626
7f7f
7f7f
7f7f
4f4f
8399
9999
839f
9f9f
3f3e
3e3e
3e3e
3e02
0c64
6466
6707
6767
c8cc
cc1c
3c3c
3c38
4ccc
c4c0
c0c8
cc4c
c399
999f
9199
99c3
8632
3232
3202
3233
6664
6466
6767
640e
18c9
f918
c9c9
c918
10f3
f333
f3f3
f310
7f3f
3f3f
3f3f
3f7f
ffc3
9999
9999
c3ff
ffe7
c7e7
e7e7
c3ff
ffc3
99f9
c39f
81ff
ffc3
99f3
f999
c3ff
fff3
e3d3
9381
f3ff
ff83
9f83
f999
c3ff
ffc3
9f83
9999
c3ff
ff81
99f9
f3e7
e7ff
ffc3
99c3
9999
c3ff
ffc3
9999
c1f9
c3ff
ffff
ffff
ffff
ffff
ff02
cece
cece
ceff
fff7
6707
6767
67ff
ff0f
6767
0f67
67ff
ff86
323e
3e32
86ff
ff67
6707
6767
67ff
ffe7
e7ff
ffe7
e7ff
ffff
ffff
81ff
ffff
ffff
ffff
ffc3
9999
9999
9999
9999
99c3
ffff
ffff
ffe7
c7e7
e7e7
e7e7
e7e7
e7c3
99f9
f3e7
cf9f
9f81
99f9
e3f9
9999
99c3
ffff
ffff
fff3
e3c3
9393
9393
9381
f3f3
ffff
ffff
ff81
9f9f
9f83
99f9
f999
99c3
9f83
9999
9999
99c3
ffff
ffff
ff81
9999
99f9
f3e7
e7e7
e7e7
9999
c399
9999
99c3
9999
99c1
f999
99c3
ffff
ffff
ffff
e7e7
ffff
ffff
e7e7
ffff
ffff
81ff
ffff
ffff
0400
0000
0000
01f5
0050
0570
8b20
3403
e870
2480
7d8e
0afb
1845
7017
e440
4bf0
3678
1beb
7036
b813
e880
ef06
4f08
bea7
0653
812d
c09b
e069
0086
117d
1016
e0ca
7027
df73
813b
c0d2
e04d
f025
7928
337c
15f5
7822
9c09
be04
b707
4f92
80be
9611
5f81
a3c2
1f4b
81af
c0d7
c229
f034
f823
9c25
9e0c
af02
7dca
28fa
9c19
7e0a
cf03
5b82
afc0
df7d
2e08
d702
7df6
f812
d845
9e04
b702
7d3e
069f
037d
0e04
9f02
4b81
a3c0
df6f
833e
ef04
7dbe
04d7
044f
81ab
c09b
e0ed
7047
df53
8227
c09d
e049
7047
df67
f800
0601
0000
001e
0200
0067
8298
0808
2003
9e1e
6070
6044
0678
b9e2
f88b
9478
108e
6fb7
0060
2fbd
caec
c180
3eff
2bf3
0600
fbfc
b04c
1803
eff2
c330
600f
bfcf
14c1
889f
7f96
2983
007d
fe38
e603
3d2c
f4bc
52e4
0120
17e0
9d2e
09d7
e09d
7e39
9325
c13a
fc13
a5c1
3afc
13af
c732
60e3
2a06
8a9a
2aa1
2ae0
b292
8a2a
b8aa
5949
4415
5c96
664c
0c85
e051
5d15
7f16
0ba2
2fe2
c174
35fc
9866
4c0c
8640
5163
1597
166c
6232
e2cd
8c36
5c59
e606
7b59
ed78
b5e9
fc00
0501
0000
0008
1230
8052
0a28
9c05
a414
6139
0a0c
0040
1815
c0a2
3adc
491d
8e04
c318
28c6
0148
a8a6
7036
9151
8ce0
6c31
a88e
bf12
475f
8923
b1c0
9863
522a
319c
0da4
5453
381b
48a8
c670
3618
d447
5f89
23af
c491
d8e0
4c31
818e
7814
8a8a
6523
639f
c109
c351
1d6e
04cf
1a48
d44e
8c7f
0426
0d50
08c2
7016
9051
44e0
2d20
a309
cc50
601a
90cb
f124
75f8
923b
1c09
8635
22a3
19c0
da45
4533
81b4
8a8c
6703
618d
4475
f892
3afc
491d
8e04
c31a
9151
8ce0
6d22
a299
c0da
4546
3381
b0c6
a23a
fc49
1d7e
248e
c702
618d
44e8
e7f0
4291
514c
a46c
73f8
2138
6a23
adc0
9983
012d
1063
2604
c47f
8000
0502
0000
0001
0e00
6040
1008
0281
0060
200e
0402
00c2
4e12
308f
846c
22e1
1308
6021
f828
e392
4965
9a69
e7a2
8a69
8344
19e0
cd06
5832
418f
8840
2204
02c0
8060
100d
0201
c040
3c08
0801
851c
2861
3f09
d84d
c267
22c1
2918
35c1
b20d
b06e
837c
1c20
e307
0837
c1ba
0db0
6c83
5a1f
c000
0600
0000
0000
1500
a884
1401
4540
0a21
0100
51e0
280d
15c1
e2d8
0072
8020
c0e5
08a0
01ca
2083
038c
62ff
0600
0000
0013
3601
42a0
1a21
4044
5804
7f00
0600
000a
0012
4292
6871
592a
8ba1
49c4
38be
9528
00e5
1945
7f00
0600
0000
001b
3cf0
1013
f800
0500
0000
000c
3c04
05fe
0700
0000
001d
3cf1
e024
1aa9
80a0
1209
0e09
29a8
1201
e3c0
8114
280d
c1fe
0400
0000
0000
150a
6202
017f
0601
0000
0018
0610
10e1
8502
9038
6178
06a4
0e18
5e21
a143
0302
0030
8403
1440
1c05
4511
845c
511c
45c9
8623
8c70
f0c4
0510
7014
46c4
1dc4
78d8
a3b8
8f99
0c44
08e0
cf23
3c8f
1234
067d
be34
8920
1200
4f39
2ce7
1a44
9f7d
1814
819e
7a79
ee27
ae83
3d04
f41c
505f
fe00
0000
000f
2420
0000
0000
fd09
0430
fffe
0a00
0004
6436
0000
2c0c
6436
0010
2c0c
6436
0030
2c08
6436
0050
3c0c
6436
0068
3c0c
6436
0088
3c04
6436
00a8
2c0c
6436
00b8
2c0c
6436
00d8
2c08
6436
00f8
0004
6436
0110
0800
000c
6436
0000
000c
6436
0020
000c
6436
0040
000c
6436
0060
000c
6436
0080
000c
6436
00a0
000c
6436
00c0
000c
6436
00e0
000c
6436
0100
ffff
ffff
ffff
ffff
ffff
ffff
ffff
ffff
ffff
ffff
ffff
ffff
ffff
ffff
ffff
ffff
ffff
ffff
ffff
ffff
ffff
ffff
ffff
ffff
ffff
ffff
ffff
ffff
ffff
ffff
ffff
ffff
ffff
ffff
ffff
ffff
ffff
ffff
ffff
ffff
ffff
ffff
ffff
ffff
ffff
ffff
ffff
ffff
ffff
ffff
ffff
ffff
ffff
ffff
ffff
ffff
ffff
ffff
ffff
ffff
ffff
ffff
ffff
ffff
ffff
ffff
ffff
ffff
ffff
ffff
ffff
ffff
ffff
ffff
ffff
ffff
ffff
ffff
ffff
ffff
ffff
ffff
ffff
ffff
ffff
ffff
ffff
ffff
ffff
ffff
ffff
ffff
ffff
ffff
ffff
ffff
ffff
ffff
ffff
ffff
ffff
ffff
ffff
ffff
ffff
ffff
ffff
ffff
ffff
ffff
ffff
ffff
ffff
ffff
ffff
ffff
ffff
ffff
ffff
ffff
ffff
ffff
ffff
ffff
ffff
ffff
ffff
ffff
ffff
ffff
ffff
ffff
ffff
ffff
ffff
ffff
ffff
ffff
ffff
ffff
ffff
ffff
ffff
ffff
ffff
ffff
ffff
ffff
ffff
ffff
ffff
ffff
ffff
ffff
ffff
ffff
ffff
ffff
ffff
ffff
ffff
ffff
ffff
ffff
ffff
ffff
ffff
ffff
ffff
ffff
ffff
ffff
ffff
ffff
ffff
ffff
ffff
ffff
ffff
ffff
ffff
ffff
ffff
ffff
ffff
ffff
ffff
ffff
ffff
ffff
ffff
ffff
ffff
ffff
ffff
ffff
ffff
ffff
ffff
ffff
ffff
ffff
ffff
ffff
ffff
ffff
ffff
ffff
ffff
ffff
ffff
ffff
ffff
ffff
ffff
ffff
ffff
ffff
ffff
ffff
ffff
ffff
ffff
ffff
ffff
ffff
ffff
ffff
ffff
ffff
ffff
ffff
ffff
ffff
ffff
ffff
ffff
ffff
ffff
ffff
ffff
ffff
ffff
ffff
ffff
ffff
ffff
ffff
ffff
ffff
ffff
ffff
ffff
ffff
ffff
ffff
ffff
ffff
ffff
ffff
ffff
ffff
ffff
ffff
ffff
ffff
ffff
ffff
ffff
ffff
ffff
ffff
ffff
ffff
ffff
ffff
ffff
ffff
ffff
ffff
ffff
ffff
ffff
ffff
ffff
ffff
ffff
ffff
ffff
ffff
ffff
ffff
ffff
ffff
ffff
ffff
ffff
ffff
ffff
ffff
ffff
ffff
ff3f
4d41
494e
424f
4f54
5553
5200
0010
18fe
fdff
f80a
20fd
1f2a
000a
008e
871f
004a
00e8
f44d
fa37
bc42
6efe
f1f8
42ae
0004
6100
011c
fc70
083f
c0b8
0002
8003
08f8
eafa
41f0
87f9
faf7
0030
3c02
3f72
c5ff
f0c1
51c8
fffc
2f0e
4eb9
db80
142c
8ff1
5f4e
fa01
b6c0
7ccc
884a
87e1
2e00
0667
d5c8
30f8
004e
e3d0
bb00
1ae8
6452
a804
d2fd
101e
10d2
42e6
034e
7560
c2f0
e1a4
fc1a
18fc
0fa6
4e34
fc71
f037
22c0
00f4
6732
41ff
f0fa
0052
21c8
5f36
13fc
89ff
ff80
4880
0f80
7a74
d33e
7a08
38fa
66f8
86fc
70ff
003c
0082
f8c4
9c66
77d8
90fc
0460
bab2
fc18
94fc
1038
f4fc
010f
34b0
fa8a
0641
ee0f
78dc
30c0
50d0
f25a
0267
081c
0aec
0202
befb
f0fc
2142
fa50
e003
f6a0
fa69
74f4
fca6
36a6
6af2
f100
f20c
e322
bcb4
0ed6
ba1e
8531
4298
fefc
de41
f85e
d084
e1e1
45ea
0e43
f410
24e2
dfd9
fefc
d220
7003
22d2
429a
d4f1
1346
fa08
5058
3606
d280
803c
300e
3c88
102e
f2ea
f007
10be
f0b6
be2e
703b
4258
ffff
a4f2
43fa
0022
2649
2019
6706
d08b
20c0
60f1
c3f6
0846
003e
1d7c
000e
4270
8070
18b8
5f1c
d0ef
313a
02e0
fce4
fc40
f102
f0ba
f8fc
56f1
0308
23f2
3a42
6a1e
8085
708c
d608
e6f1
c4a7
7f67
1070
05f2
6508
4a00
6b04
1d40
40c6
e086
aafa
3e1e
01a4
fe30
3c00
0478
e24e
f822
c6d6
432e
2a2e
f0c3
0343
0810
5c66
0a4a
5170
1ec6
1407
2491
2660
06f2
7080
02f6
5449
54f7
4e80
71f4
b2c4
819e
2247
f81f
d044
2f0b
3213
36d0
36c1
26e2
1066
08fc
0c16
fc07
01fe
fcec
fc10
26a8
0014
26f0
ff5f
d048
e700
602f
0861
c820
5f08
000f
9045
2a30
1280
6a3b
3e82
6650
50fd
1412
3c6b
0e08
aef5
31f2
706c
e903
0e60
3482
02fe
7ffc
0330
1b34
c032
1b02
40e0
0066
16c4
ffde
4067
0ed6
fc00
0a34
db11
7024
dbb2
62f6
544b
1f8c
fcfc
4cdf
0600
9270
f1dc
211c
d607
3467
f646
367c
90e2
5820
2462
1c1e
f187
3011
ea30
4259
3211
349f
7f38
4000
ff36
004a
036b
8854
0c03
6c87
ac66
0c88
f502
eaf2
0443
3e30
0c6a
f6d3
0cf8
0962
877f
dee0
d643
fe4e
fb30
0260
00fe
b218
63fc
01ea
fcf0
fcee
638c
20e9
aef8
d0f8
a6ed
43fc
acf0
fdbc
61f1
0666
700c
9c96
1c3a
c2be
02ba
7fbe
f809
00b4
c618
fc72
fcc2
fcb6
6374
fc9c
fc98
fc88
e900
908c
8dfc
8cfc
88f8
f80a
4431
c6fc
78fc
3cfc
38fc
1863
34fc
30fc
2cfc
288c
31fc
24fc
20fc
1c1e
9b90
c162
1492
3f92
f80a
8edc
8faa
e6f2
fe46
72f1
4132
0242
017f
3c5e
7e20
6e00
6a60
1afa
6e60
147e
84c8
2167
0862
daf2
6878
7a04
fa76
d241
fed0
c14e
d3c0
e1cc
f07e
35de
004e
af1c
9355
c115
41be
e2f2
fce6
7a86
87da
61d2
f636
0102
81ec
871f
0fff
0283
faf0
00e9
8b02
82fe
10f8
ff00
4842
e84a
82ff
8360
1bba
8efd
7aa6
f1d3
9ee1
aeb0
079e
fab2
b8e9
8f72
01ee
6dec
52d8
0c42
d809
0fc2
e101
f302
3fd9
0310
db30
fc04
ec82
02e1
440c
e91b
863f
6a58
c2e9
06f8
6740
4687
1001
0067
12fa
03fa
2c21
bc3a
fa26
fa05
0066
380f
23aa
e961
671a
b2fa
5067
227e
eaee
2653
0167
22f0
661a
e107
11c4
3c02
bafe
32e9
aed0
04b0
3a40
0ee9
eeae
bfe1
ee70
1960
1670
15f4
e980
f260
123d
4270
11f6
fd08
7012
f61c
3f87
e0c6
d15a
3dce
44cc
aaea
1db0
1141
9830
81ce
e922
3050
6d18
f8a6
fc7a
e1f4
f809
06e0
fd80
0a31
f82d
5a5a
b682
a670
e814
be2d
be5e
4201
f3ec
aefc
20b6
7003
fa78
ea22
30f4
3dd2
1e3d
de20
26d9
ae0a
47f8
1242
6e0a
f640
fc7c
4bf9
fde0
000c
cfe1
2d04
2c49
eee8
74e2
3cff
6114
bf46
0246
0f00
671e
0838
0a67
631a
22d2
e4f6
09f6
021a
7363
f60b
f63c
84f1
8afc
fa5f
68d0
fe66
3408
14da
d1ee
2e84
e1b6
df6c
a8f1
010a
2166
b0e9
0c44
42e9
168c
31e8
2ce8
02e8
08c6
ffbe
5efc
cc2b
6e1c
8e04
263b
e3ff
5404
023c
4443
ed04
0422
d858
8801
e058
89fa
fee0
05e4
7878
3b56
042a
1bfa
1504
102c
7884
c448
0c86
ffff
7ee3
a12b
4604
bcfe
f455
ce40
f0f1
66d9
6a08
674c
0807
fa0c
0c10
0a53
1566
58d4
a6e9
6212
e8e4
d992
0eec
66f3
810f
f2ea
f20c
0894
1279
f2d2
daee
d2f4
fc08
ed00
9030
7d84
d2b4
c820
c4c4
b414
ec02
ece0
e1a6
bade
fd10
1302
cf70
6746
012e
c1f1
1090
0af1
56e1
18fa
2220
6618
dc05
6620
dc42
ad7c
a8e6
40ef
fae6
c6cb
426b
f8d2
fc66
180e
3cf8
03f8
7400
14c3
77ea
5216
fc53
2f0d
3202
d0e2
dac1
801f
f822
fdf6
3801
4a04
fcc3
144e
e980
2ac0
2800
b403
f452
5f83
4260
e442
9d2a
f0d1
94fd
f6cc
fe7b
c0fc
c6fe
43ee
0a22
d2c1
201d
62e9
e022
0000
fcf8
16f6
d624
0094
1fe2
8122
c260
ee20
d654
f0c6
7090
90f2
c042
99b8
56fc
bfe1
100a
660e
4a13
3af1
94a8
422e
498d
0a14
10ec
e1b0
f10a
e91e
43f0
e009
6728
d4e4
3af1
ca1d
8060
41e0
ee70
acf2
0522
7128
e0fa
f1ba
6708
7a80
c866
1860
06f8
4751
8c66
10b0
c4f3
ba04
0612
c094
fc0b
d4e2
9ef2
2c8a
e8ce
fc67
f0d9
d4ba
c117
2ce0
0567
16c8
ed86
c6f2
218a
ca50
28fa
ac03
b80a
58c1
2221
feb2
d2cc
1efe
6c36
3407
4940
0c66
00fc
a010
4f60
fc92
bc0f
676a
08bf
965c
fa0c
675e
0c6e
ff63
7fb7
d967
56d4
0a06
e99a
43ee
0bb6
45f8
fffc
ba48
402f
0034
c072
0012
2d04
fb21
2f32
818c
e9f4
201f
3011
eab0
fc9f
8848
6428
4841
b2ae
0a1a
6220
601f
12a4
027a
4ce9
de4a
4167
2a6c
fa5c
06fc
f6f2
9002
08fe
f548
bc43
fa01
6742
94fd
3a20
ac38
7ad3
b862
3006
808a
c900
f463
87e8
2470
0010
e837
b6fe
b102
78c1
7edc
3410
0156
f1f8
ace1
b106
fc2a
a804
6ceb
d6e3
67f0
b814
ae04
6712
ccf3
fa09
deaf
3053
6e0a
1e08
c9ed
0007
0401
e2f4
c539
30e1
1e96
eb6e
6736
ce30
0368
cec2
da0d
d9d4
eb21
1cee
8a31
32f7
4100
0f4c
c9f0
87f1
e640
c0fc
d0d0
41fa
3c3d
ac46
40c0
64e4
7ec9
4ce7
9eac
741d
7232
e601
861c
e1f8
f100
8eff
12f8
0166
7c10
136b
7844
f392
eed5
e801
5ad2
d9be
4a01
e2c1
24ea
e0f5
c150
3007
9066
f106
e4fa
d6b1
ec38
fafe
a0c3
5e67
1001
900e
9dd2
34b2
be18
40f4
670a
1c9f
946e
d102
60d0
01a4
6018
ac10
beaa
d9ec
b0fc
b4fd
bcba
5e23
bc1d
6e00
6158
ecec
e964
d274
ecc2
5c14
f266
3af4
26f0
ee00
1863
92f2
5c9e
12f8
54ec
4ff8
0a4e
c23b
4005
6432
005b
90a4
6628
3ad9
f838
f4b9
38fc
b605
cc00
f686
fd72
8cfd
221c
f3f8
6701
c2e9
00c8
d096
f2d2
bb2a
8600
eee3
6746
5aec
d0fc
9ed9
dcf1
0c3b
c0fa
10a8
f9f4
f4fc
f9fa
c215
f436
ed00
0646
f1d4
f80b
8b45
14f9
98a9
face
38f3
e65d
b146
f39e
c1fa
4014
eb6a
e1ee
0378
6e54
e2da
fc65
1c74
081e
eb0a
57eb
fae6
f9cc
c4fc
ecf1
3ef4
1494
e944
ca0c
0e56
b0a2
d962
06fa
d0f2
b06a
d900
fa18
fefa
322d
fa06
4105
6812
3586
f910
e8ea
ffee
2f09
2c1e
43f0
dfed
e652
5132
11b2
6d05
6665
14e2
f03f
0d5c
4251
7200
6008
5341
3281
fe02
f804
1231
1004
2278
d9ce
f103
d4ca
1853
516a
0a1d
00d4
0e32
adc8
f208
00c0
dad4
d028
1ecc
d430
9052
40b0
0541
ac40
db56
c6da
4efc
d10f
da02
e278
007c
52aa
d3b6
e990
6edb
18fc
74fa
07b2
d8e1
183c
1138
1bf7
2d04
fe8e
b976
ec06
674a
f1ff
4297
0238
017a
00be
f5dc
04c0
8ce1
da48
46dc
3ef2
f8b8
602c
2c5a
5ab1
1806
3c0a
d9d8
40d8
b4b1
0ece
f194
c286
7fe8
f2e9
ced2
3d46
0bb2
426e
0bb4
0360
b4d9
06a0
68e6
161d
8a2e
caae
c90e
6708
5482
b16b
6ba6
01a4
d6f8
09a6
f538
2edb
56c0
ba5a
e160
8ce2
f807
f8b0
ba2a
6718
0c50
8a61
64ae
e968
8721
f60a
152c
fc16
2afc
1a36
0cf0
a05e
f320
e42d
454f
56f0
2b45
040c
d6dc
cb21
90aa
1cd9
d578
3cb1
dcfc
a6e3
0edc
bada
500c
0498
e00d
6604
b0b4
004c
9d45
0c85
f6c2
6606
a878
d2c4
efed
f4f5
220c
2df3
f12e
671a
66e9
f01c
db45
015b
34c5
fc38
18de
f512
b4c0
0920
c6be
62be
7c41
ef2d
46f4
66fe
58db
2ee5
40d8
910c
1f8c
3b46
0424
1d44
8676
930e
3dd8
fc0c
fcfd
402c
05b0
c0cd
1280
fdfa
e40a
b2d1
dcb9
f736
2c00
f6d2
b153
c75d
6710
5241
ee24
4a18
d160
1a2e
eaa7
c376
ca60
10fa
3207
0817
0ee1
6f67
04f4
0bb2
2206
6104
3c60
e941
fdff
62d1
5ed1
ba20
c022
c153
4853
4944
fc00
c30f
0481
09fe
40e7
6404
0410
c3fe
8a46
dff4
3010
aeea
04fe
41ed
057b
f100
600e
a4e9
6660
049e
eaf0
6848
102e
e764
7489
406b
12f0
c27e
b07a
18e5
41d4
b1c7
849a
20fb
003c
c901
0400
d222
804c
df0a
ff30
ba54
49c3
0a65
1c0c
11b9
651e
840f
c6c0
0811
7240
c101
031e
9412
8098
de03
6008
0202
f406
e28a
d8b4
4dd2
56d2
fe75
d2ff
25d2
f812
2573
c1d2
6518
aa1a
aaf8
09da
aef8
0fbd
b624
11c0
ac02
40f0
f4c2
a0eb
63c0
f1f6
fbff
a8f1
3f01
52da
e858
e308
1200
e508
d200
e9f8
1d58
f00f
d001
321f
86e1
012f
004a
acfd
32da
a0e1
f778
f601
61d0
32d1
4bd2
80f4
0061
c4f8
01f4
1194
d081
221f
fe76
87d4
0280
bab9
ff80
0c99
4840
b281
00e9
88fa
c0c8
30c0
fcec
4bc2
f061
61ca
dc1f
a602
20f0
3c31
8bf0
ccf0
01f0
d6d1
71f6
f0bc
f000
20b2
54b1
3232
bff7
1067
0c42
5830
108a
ba4e
fb10
4cf1
6000
61f8
f0ca
fc07
92fc
fff4
4dfa
616f
279c
3ef1
1242
8b03
6716
7685
0e1d
c3e2
7cf2
fc67
f8de
cafc
f2a3
b094
4a39
6222
b9f4
f56c
1d7a
28e1
a2ca
fd20
08e8
012c
810e
66ee
c1d8
cefd
c028
800d
75f0
0312
83aa
6104
867b
0682
d6f8
14ca
a18e
4a0c
0845
ff8e
8ace
9df6
5a79
0ce0
8042
a800
ffea
7c20
bc00
0aff
fc11
7c84
c952
d982
e9e2
4b5e
7012
3048
7bdc
d991
3c35
ff38
7cc3
bac2
b1c4
fcf4
ba0e
814a
d1f0
5c63
8c70
d2ef
e04a
76f8
eefb
30ee
6066
28c9
efce
6636
fa06
8ebc
fffc
04b8
67e6
a4aa
0bfa
6710
7e00
7aa2
1700
7ae2
f842
a901
4647
66a1
e37f
94be
6e92
4e93
65be
6112
60ce
4ce8
f490
6498
72d9
fdff
00e8
1018
6606
52ae
0bfc
9863
e3fa
0c04
7508
6cc9
0ef8
0951
0367
08ee
88f1
9499
00da
f6c3
ee26
4ec1
a854
48d0
40fe
4e6d
63fb
004c
929a
ea8d
e840
958a
fc86
638c
50b9
2ef8
7efc
7a8d
c5fc
76ba
8d6e
fc6a
fcc2
fc18
6362
fc5e
fc5a
fc56
8c31
fc52
fc4e
fcb8
3a16
fca0
d100
42fc
3ed4
d263
a4f8
36fc
32fc
ac18
a52a
fc26
e8fc
e9fc
1218
000e
dadc
28ca
dc0a
ed1b
fc82
d2fe
46fc
1e18
1a18
0ee9
057b
ff2c
38b8
f203
7443
92f3
323c
00d7
7426
bfef
22c7
51ca
fffc
d280
e951
c9ff
f238
d9e2
777f
700c
425a
6cf6
e080
4cf4
7004
3205
2407
4c30
c46c
b0f6
de47
8577
bce0
bcb1
7002
709a
f103
54c2
f8e8
f86e
fc14
4a2e
157c
0be6
2491
5ad1
f87a
9a03
7e70
00df
c696
ba03
a470
316e
f1f4
bac9
80f2
189b
ecfc
fad4
e794
f194
bbe2
d2e7
08c2
03c2
06c9
7ef1
f6a2
d101
7211
d010
f102
6ebe
8f1e
fa08
7014
fa98
f25c
5248
c5e6
e0ac
7196
3296
fd12
a2a6
d396
6a7a
76d2
6060
10ca
0138
8e84
ee2a
76e4
024e
cea5
f6be
e903
848a
1e8c
fd96
48d9
4e8c
5e30
8ecc
a9c3
3003
ce30
dce2
34fc
e436
0cff
fce8
38fc
f2c6
fc00
0696
400f
ff06
4300
0ac8
f60c
d842
0644
fffc
1d1f
33c3
dcf2
33c4
fa82
4e75
7eee
ffbc
027e
10e6
f302
d2c7
7e07
1210
3418
f7ff
3602
e409
f2aa
e50a
e44a
0242
00f0
e14b
ffbf
0243
0f00
8441
8642
32c3
51cf
ffde
70fb
ffca
f102
165a
f307
0205
0030
e54d
1c18
8a06
f18f
e84d
f40f
4a05
670a
ba39
f5ff
b284
46c2
98c9
7c78
0b1a
18e5
0d76
05da
0fff
0565
0412
c792
12c6
51cb
fff4
433f
eee9
01fa
51cc
ffe6
dee4
7076
9901
76d8
c6b0
f826
2cb0
f80b
bf19
b0bd
19b0
f80e
1c8e
94b0
76d2
1218
1063
7f56
0062
fc34
98d2
e149
d281
d081
74f5
140f
c1d3
c092
d2dc
ffe8
b900
1617
b0e1
89d0
4198
ece2
9404
fef1
d2e1
e0d4
3f90
6e0b
ea6b
0ce7
3363
3bae
0a04
40e0
7104
06fa
3400
aee1
1ee2
0069
667a
001f
d2dc
f4dc
01b1
8000
11dc
4126
e9dc
85d7
fac2
88f1
dee2
4878
004e
7a34
d9e3
0e08
0c02
fa02
7840
d1ff
fc1b
86be
e148
d8d2
c4da
d8d4
f8ff
f040
0642
0060
2602
0242
54e5
9a02
8f5f
433f
ff00
4399
0348
4282
440e
d1b0
cfef
46fd
34fa
e122
c732
c72f
440c
caff
f634
86d1
2070
20df
1642
fdc1
740b
76da
e2cb
fe59
e9da
e1a2
3bdc
f212
e459
3f06
bcfc
45f1
7448
fb30
e8a9
ff1c
b23c
a731
b2da
32da
b245
eaae
cec4
3fd2
3cae
3f00
1007
e94f
8ede
03fa
e14f
1eb2
b148
473e
faf6
c3e8
49d4
eafc
3014
322c
2d74
c347
0350
4038
07f8
b240
5778
ecff
cc07
e2fc
3e14
3981
7006
2982
70ff
7008
3980
7004
5047
0247
dc38
873e
dcff
c212
10a6
e907
3d41
0be2
1218
e861
8009
1df8
e614
ee0a
1f86
0f3d
420b
e414
ee0a
1df8
1e0f
e72e
d96e
0be8
fcea
0c6e
b0ff
01fa
6504
a0b1
ea04
6ec0
000b
ec3f
fc64
1050
ee0b
f053
f0ee
6a06
3d7c
0130
0026
f8d2
f2e8
e6d0
fcea
ee33
f806
d6fc
8431
14d6
baee
ba27
3062
faba
d2ee
f28c
81fc
f4ea
12fa
c598
ea8a
59c0
f2fc
f4d3
7dbc
11ee
3f02
7276
e1fe
4670
10eb
87d8
f128
9cf2
52d3
f067
643c
2eb8
e03f
7019
3ee3
670a
5346
6a04
0646
6c77
9e70
33da
e9e8
98c1
06e4
ecf1
007e
db87
78e1
f228
f1c0
08f2
0f80
363c
fcff
4396
42d6
43d4
4048
4234
0332
e4f4
873f
e6ea
e649
e800
1a96
4114
03cc
fc3b
f21b
d246
0641
e003
70c0
69fe
b8e0
1e92
9af4
749a
fce7
6708
3f42
9a02
7c11
7411
d8ca
4ef0
8f82
94f8
0d76
7e96
40ef
4bd4
7a42
3c8e
f809
96ff
ee76
269e
9063
db9e
fe20
9e56
4854
0b86
9145
92c9
fdbf
0c6e
7989
4467
1042
ae1c
8e4a
2e13
584e
0f20
d9a8
4101
04f4
660c
50ee
7beb
fa72
0e7e
c988
4ed2
c899
4b9b
e994
711d
0ba2
4013
59e4
8afa
fc99
c8df
8644
538a
4e92
6408
c34a
664e
9911
8c63
f803
8004
ea8b
ea65
523f
0130
c443
b85a
41fc
5eee
00e1
8cee
f614
f618
32e1
3f18
38f2
7e34
18b0
026c
0230
02c4
fdf8
b2f8
3202
34e1
ee34
1f02
611f
42ff
b802
c1de
a900
183d
42c6
189e
3001
f60e
f690
03bc
be8d
be9e
e058
6b10
bfed
1641
1274
1bb0
5852
eac9
5270
e174
bec9
70ff
ff37
6262
5640
4b9e
424c
3a1f
32f4
2cad
27ff
ff2b
2256
1e1b
1a65
1724
1449
11c9
0f98
0dff
ffac
0bfc
0a82
0936
0813
0715
0635
0571
04ff
20c5
042f
03ab
0337
426e
1634
fc1b
3106
8cd9
42f8
9289
bc2e
064d
fa1e
e0b2
39d0
b203
3388
a906
21f8
58f8
dfd9
f85a
5218
f0f8
60f8
0130
ff3f
f862
2d78
5f78
1c96
43fa
0194
21c9
f810
f67e
b901
8033
3eba
9fde
ee0c
1c9a
4298
bad1
fc98
e901
1cf4
b1e8
188b
32ac
82e0
22c6
ba0f
0dea
001c
a44b
daa8
8e79
febd
1bf8
1dcc
c906
3c42
10b9
801c
c04a
1c61
680c
6e1c
94ea
e7dc
c9ff
bb76
44c9
e76c
89e8
0464
898c
c9e7
de91
00e6
4cb0
5838
be34
1ca2
1160
f6d1
2ae8
36e8
ce10
1806
c89c
b0fc
9d67
aa08
18e6
9cf8
e840
4b80
e8b6
b2b2
2ce8
4d8c
cea0
66b9
d088
6063
65c0
00ea
d818
2482
c0f8
0fde
4aff
d0a0
9233
ed00
0e00
099e
e410
02c4
f4fd
0433
e89e
05fb
f8aa
31f8
58e9
03be
5103
6630
707b
4af2
9267
121c
fdf2
1cfd
1260
1871
7b12
b11a
6710
e6fd
8ce6
fc05
a452
6828
929e
52e1
07fa
6352
e1d8
6afa
b8a9
0ecc
f1e0
ccf2
32b1
a6f1
2168
11ce
969a
f1b9
a1c1
38b5
a3f8
64f2
8833
1d8a
59e6
a43e
5b21
5e71
e844
b8a9
5e08
e960
2940
4a2a
9f14
aa79
7029
04f6
4e73
deaf
5ae5
484c
bbd6
512c
323c
ff68
4afe
1eda
6a5b
c479
0036
436e
e8ae
f172
327a
f507
5242
d6d1
d8d9
ffb0
0027
ffd8
fc84
e8b8
fc28
f4f0
f80e
30f7
702d
000c
c14c
81e0
803b
b430
d06d
c01c
15f2
22f2
3263
8ee4
04f2
20f2
34e7
18f2
08c1
c1f4
36f4
3263
8ed4
34e2
36ee
380f
d1f6
26e1
802b
f658
e4b8
fe1c
1324
e43a
ee02
e037
92f2
3cae
ff3e
e8f2
35c6
92fc
4292
fdcc
fc44
be42
f29c
ac30
ac60
acd6
ff46
9ef8
0ab5
91ac
fc4c
9efd
c4fc
4e9e
ff50
e872
2466
24ba
68f2
e46b
1cba
fc52
90fd
befc
54f2
5290
da9c
ac54
8cff
6c1c
f80a
08dc
5630
d2d2
e670
e6f4
24d4
e744
d874
3292
000a
c1c2
dc18
e340
f43a
b83e
e040
3136
e188
e05c
ee40
6eff
48c6
8ff2
46e0
4866
0270
0131
d6f0
4af0
4c9a
50d0
ff20
7970
c020
ec58
d0ad
c6fc
87e7
60e8
8081
e64a
6808
e2f8
ff71
6002
e240
0640
04c0
32c0
dc64
9088
dde0
68fc
6cdc
f813
0280
bee9
0d34
a267
f6b9
7b39
d270
e773
fde2
f474
f4fe
e2b9
6d01
ff00
e103
0e3e
ec0e
612e
3b47
5ac7
1cf6
20f6
22e6
108f
39f0
1061
14f0
24f6
0686
f0f6
26ca
06fa
802f
0661
f702
47de
3c07
147b
0246
b241
007f
df5f
e34e
3c3b
6010
7a4b
0244
463e
062c
68c9
edff
a8ba
a439
0904
c10f
0012
0016
0019
001c
61ef
001f
a000
2580
e92b
002f
fb89
357f
e100
3800
3b00
3e00
4124
e9a6
4a00
ffff
4d00
5000
5300
5600
5900
5c00
5f00
6200
f0f0
6518
006a
006d
3c00
7300
87fe
7600
7900
2d7e
7439
8400
8600
89fd
ff00
8c24
1191
0093
0096
0099
009b
009e
00ff
ffa0
00a2
00a5
00a7
00aa
00ac
00ae
00b1
00ff
ffb3
00b5
00b7
00b9
00bc
00be
00c0
00c2
00ff
ffc4
00c6
00c8
00ca
00cc
00ce
00d0
00d1
00ff
bfd3
00d5
00d7
00d8
00da
00dc
00dd
00df
ffff
48e1
e200
e300
e500
e600
e700
e900
ea00
ebdf
ff00
ec00
ee00
ef29
31f1
00f2
00f3
00f4
000b
1ff5
00f6
db09
fef8
00f9
00fa
638c
fefb
fefc
fefd
b982
fefe
feff
fef8
0948
c91a
f0eb
fef8
0c35
6df0
73e0
79d0
f8fe
38e2
e3c3
fe48
323b
7c33
c114
e164
3e01
e649
39e6
5341
f45c
ead2
f6d7
6b5e
5347
4122
e1e0
b109
9e80
9a3a
5cd1
fabd
c0ae
d80f
46d9
a667
28ea
ffd4
6291
ea5c
c2e8
10da
fee8
6dbf
e09e
db2e
d2f8
0f49
22d9
302c
0006
b07d
b4a0
e16c
ccf8
1033
fc67
a0f8
f861
3b51
cee8
2a00
fa5c
29fa
0401
73fa
06fa
0e08
fa0a
ce39
fa0c
e80e
fa10
3776
fa88
9e39
80fc
84ba
f815
03c0
bd6d
baf8
2fbe
f1a4
e548
1071
0432
8201
ea89
073b
6c1c
710b
0c99
0ee6
fc12
f4e0
f80e
9674
e8e0
ac19
0b40
fc0f
2291
1301
861c
5314
2d04
52fa
d631
8834
e388
d4f8
096c
1aff
e2f8
c046
1cf8
daf8
b0ff
d2eb
d6bc
08d8
f80e
ce89
ffba
741c
ffde
1192
8ac5
00ff
aa62
8a54
3aa2
36ea
faf1
3106
9efc
5092
b4e1
5091
fc0b
30be
4447
b0e1
0cfc
0204
3461
ea20
4a61
0adc
cc1a
4d3c
d221
d6f8
0b94
d8d2
0206
4fda
d60c
6dae
d0f8
0dc8
b1b0
72c9
aad5
a47e
c178
c186
fc8c
f810
4a8e
feb8
f819
d2f8
0aa4
ea1c
d65a
fc5e
f813
1231
3279
f4f0
0d03
3a3a
60da
09fa
0903
64fc
b281
fea2
926d
f8f0
1011
fe84
f103
f251
042b
b84a
8104
ba09
fe61
fc38
1105
5676
d4b0
f00e
5a81
0060
f100
6ccc
2a82
aac1
b623
fe2a
82c8
4284
014a
81fe
4af8
6e34
9401
d8e6
795c
fc08
f102
2e76
d802
d00c
fc20
4038
fce4
4f98
0458
fb52
3638
fde8
ec14
08ff
98e9
6608
d442
2d31
10d0
f810
2292
f4ce
e6ba
5ace
66ea
6610
00fc
caf2
faf1
10c6
f809
e52d
b0f3
d0d2
c0fa
e290
f80d
6638
e939
bad2
70f0
0de3
4fde
82d2
8004
b873
aed1
caa8
cf22
39e8
8784
06d3
26e8
f80a
94e8
ea87
88d1
28ac
3090
74ec
e180
4246
6828
12ff
8256
fc5b
fa04
e4f8
0b2a
a5fa
62fd
3cf4
a8eb
5c15
103e
e226
f316
fcac
e4a8
4dac
5821
c6fe
58c6
fe82
0018
cc82
8aca
0403
de74
1e5c
f2e0
3007
e8f8
0909
52f9
f0e8
5c32
ec82
bf86
ecfd
d8e4
47de
4034
fdec
fec8
ec43
1844
41d2
8c41
8ce2
414d
d8fa
32fe
0c4e
fc82
84f8
1943
6cf9
88e3
c447
f4c0
86f8
0c76
b0ad
ec8a
f80c
628a
f812
528a
f816
1e82
d80d
aaa2
eaea
78f8
0dcc
f199
39d2
e00c
d4dd
ec6e
412e
f1d6
e4f8
f2d6
ed22
34e6
d4ec
3965
ad9e
e978
f009
e85c
f2ca
f809
bc28
e016
5675
caf8
0a8e
f1da
2ae3
80ab
28e3
92e9
1ce8
13f8
6ed5
b54c
e811
b2f8
0ff4
ea60
fe00
2400
f9b2
d1ff
c52e
42d4
0cdc
fef4
014c
daff
801c
eb48
55fa
f6f5
c459
e8f1
56fc
10e8
093f
aab4
eaf7
f2e2
47de
e4a2
deb2
eda2
ee4e
d2b2
ed7c
0649
2af0
13f7
b2ae
e815
f762
b19e
aee8
0bf0
8a28
f00b
f07e
bbd8
b6e8
39f7
3eb6
e813
f72c
b6ee
f41c
92f8
0eea
aa10
bee8
370e
f3be
e820
f6b0
d2dd
bee8
1a1a
e775
57ca
f809
7abe
c80e
c6e8
0cf8
5a62
d00f
021e
3421
2421
47db
66d2
f908
f862
d1f9
7ad1
0214
591d
75f8
f89c
54f8
f0f8
7ed1
aad2
f8e4
b41d
f88a
d102
0ac9
0364
5103
1cb1
4afc
e403
8ca2
4ed0
0b0e
c9a3
6be8
f8b4
f8a4
51f8
ac3a
d570
51f8
8d11
2409
5853
8cf4
94f8
e318
9801
84f8
88f8
345d
65fc
5c51
f87c
46c2
dcd3
d8c5
1aab
5614
fc02
8ae9
4ed2
70e9
60db
0456
e80a
8cbe
b162
aef3
f01c
6ed2
44ee
fa02
4551
f0f1
6af1
de74
e9fa
40d3
3df4
c081
62f1
6712
51fa
84f6
cb84
662e
0a18
50f2
6012
66d1
eec4
e142
3cee
04ea
cf82
1884
0640
e85b
f752
a186
f00a
0247
00ff
b041
fcbe
d4b4
45ca
20f2
0a4c
f712
72fd
d242
b1a8
fc58
b9fa
0e6a
a1fa
e2d6
816e
b11a
ff18
68d3
fa02
cb2a
88c0
09f4
a41a
d00a
ccb0
fdac
e1fa
e80a
a8a2
900a
f2ce
f138
c80e
16d4
e815
03cc
f516
c2fc
daf2
bc08
da06
177e
007e
deea
f67e
a4d8
0e54
d178
94e8
0980
f102
dc80
f02a
a280
f069
adab
f37c
80f0
1e44
80f0
1386
f01b
f32a
aefc
b6de
5a46
a8f6
42dc
86f7
0e86
f026
94e2
abad
faf2
10da
ffc8
f80e
10f1
b2c2
4b2e
8afd
aadc
9cb6
12f3
0452
e8f8
0e9c
f392
0ef4
d80b
730d
f26e
e444
5552
f108
e010
04a3
6dfc
f518
f80e
a9f5
00e1
028a
b1f5
db68
7ce1
02ba
b1f5
00e2
68fc
7ce1
0277
1d5e
b102
b010
e402
f434
e192
b1f4
e0a3
5bf8
3af8
96b1
0350
26b5
764e
b012
1b1b
fcd9
f400
e100
e0f4
00e2
826d
8df8
5861
0000
e1f4
3032
dea2
d4c5
14fc
f614
e174
01ac
846b
51f8
58ee
e00b
38dc
54ca
e9fc
b8c9
9baa
b8f3
0e06
fd22
1803
be61
dafc
aeb5
68e9
daf8
1802
dada
fe20
a104
fcc9
daf8
15b4
46ad
dafe
caf1
04b0
dafe
94f6
4294
f25a
d160
fcd6
c318
d218
129e
7ac0
0ac8
5cf1
3bab
0266
16da
feff
d0da
30d8
0bda
f812
545d
ee89
da60
daf8
1e46
e4b4
f818
0051
6ee4
5d54
70e0
0bc6
eaf2
a022
e00e
0c9e
9494
f00b
dcd5
f404
57e0
f016
0194
94f0
0bdc
f1da
f815
ba6a
6eb4
f80b
94f0
1701
48da
fee2
fdc4
e010
32eb
0e54
c9c0
80f5
58de
80f6
10ec
f156
d598
f2f3
303a
f80a
f2f3
d4f2
f2f2
dafc
5af5
a202
48da
f81d
7834
f00c
b4f8
16ec
81b5
daae
daf8
131c
dcb3
00c0
09a0
0acd
dafc
e29e
1cd9
dc04
6c91
a620
6b0a
f4a6
eee2
9ab7
98fc
20ad
aab8
d4d8
f50e
6cea
64d9
d0bf
5811
8ad3
6aab
3ef2
aadd
18f1
76e0
0d01
5089
014a
c18c
935b
b22a
e103
a66c
9403
e491
e8fe
ba02
6d6c
b491
0276
c102
0609
02d0
03d0
8103
b5ad
2a62
2ee0
0b62
e1f0
1089
032c
8903
7c91
38d6
06c3
c803
14e4
3064
947a
423a
5600
e2d9
6c96
f0b6
f852
caf1
3c83
4561
40da
1098
09fc
d2ab
3ced
c6ed
6a88
980b
ecfd
ae72
b200
c090
b222
9811
c0f8
0e86
d656
c018
abee
fd70
c4f8
284a
c4fc
2c8c
1b74
ecfd
3284
f82a
0ac0
9aa0
09ec
fcec
f2ad
6ac2
f80e
22b0
0b06
64ca
2ec9
928b
aaf8
0dc2
fdb8
5285
b686
da16
f216
d6d2
880b
dc55
d5ee
d838
e00b
eafc
1ad2
5cc4
5664
8afe
50f8
0ddd
55ec
5a10
f811
ec42
12f8
27ec
1c12
fd9e
abec
fddd
ad48
f1c0
f827
ebdc
16f0
11eb
c4c2
f828
9ec2
fc55
ddc4
f80a
8884
f810
d0e0
0994
f194
e294
f01b
eb4c
30fe
885a
5cd6
d27c
f812
aec0
0beb
00f9
d5ba
62f6
5edc
64db
9ca0
0cec
a619
ccf8
0bea
e801
e77a
c408
f2a6
6708
66ad
560e
6054
f40e
e2bf
5cf8
0ebe
f80c
a6be
f80d
c6fc
5054
beb6
fcaa
ec48
bef8
0ece
e80b
a363
eed8
0e80
fc74
c101
98fc
7a6c
6dfc
90da
6401
80a2
ead9
ed81
c901
6bdd
46e1
ec68
a232
e2ec
ead9
eed9
0222
1cc0
11c6
baec
40c2
48fc
582c
a5f0
b900
6636
6aec
fd14
a1ec
00c2
76f8
00c2
a499
00c7
aa7a
d900
cefc
ea1a
cbf6
600c
f084
1e6f
489d
38f0
090e
000a
1c30
0008
bc8b
0a11
59b2
e00a
e6e0
e6e6
5ab1
afb6
d00d
e00c
36b0
0be9
6044
4742
f4aa
e6ce
f6e6
ab82
d00e
02f2
5690
095c
c934
70ad
4582
5db6
ebfe
50d2
fca8
0b82
56c8
0a92
7565
8caf
32ca
5cd7
eb2a
d824
50e0
0d26
2157
34f2
400a
2608
26f8
0cd8
ea56
4de6
065a
f2f0
0a94
fc56
6011
70e8
ea40
e00c
f80c
e86c
0efc
9aee
0ef8
2300
8a8a
42e4
84ee
e282
0ef8
1894
fc68
adfa
0e14
f809
e900
6176
d980
7cdb
3ebc
a082
d681
e7e6
cfed
eee0
87e2
8754
a58c
ddec
ceec
fc98
81ac
83c4
15dc
cb60
ac1a
9c49
59a4
4966
f616
27fe
31f6
78f1
c060
4242
ae00
26da
507e
eefc
3667
084e
71fe
75da
ffe4
f01f
4ce0
0300
164a
4067
d63d
407e
17d6
5340
e540
45f9
e4a1
0047
da41
acdc
fa4a
e91a
c020
0ac2
fcfe
60ee
c1d6
6800
fac1
00fa
493c
eb8e
fc4a
52cc
fd43
04e9
22c9
012c
41ea
4010
43fc
00e1
ffa6
11b8
b85f
1665
0272
03d2
4135
e11b
7b10
0400
4229
000c
2a3a
803e
d8fe
0180
810c
6afc
ffe1
18d2
fdf4
8f01
d20c
40ff
ff66
0a0c
41bf
15fa
0470
0072
0035
d4b9
35d0
797e
0be8
5406
b00a
357c
c861
7e31
c405
f65b
426a
32c1
fcfc
43dc
322a
000a
4841
32d6
0a00
63ac
9dc2
090c
ca07
8286
cae4
2aff
f809
005c
616c
0120
de01
30e2
03ac
fd40
7820
4615
4101
2bd8
aaf8
11ac
012e
7e02
41eb
da08
a8fc
daa4
da30
e901
eef8
0a08
ee54
cfff
dc20
68c0
cee8
422b
c2e8
0400
05e8
be40
4408
beb4
e6ea
1448
dcc0
065a
eae2
feda
0a7a
422a
caf8
1141
76f3
503a
3fd8
fa45
e840
1047
e9fc
f4f2
743f
31ff
3178
1f7a
1048
d000
0f48
d1fc
d286
7ffc
d3fc
d1c5
d3c5
51cc
ffea
7f58
ea12
0018
6100
c98e
fcca
6406
f17f
10de
11d8
4852
6e1f
28e6
00f0
0000
0000
ffff
ffff
ffff
ffff
ffff
ffff
ffff
ffff
ffff
ffff
ffff
ffff
ffff
ffff
ffff
ffff
ffff
ffff
ffff
ffff
ffff
ffff
ffff
ffff
ffff
ffff
ffff
ffff
ffff
ffff
ffff
ffff
ffff
ffff
ffff
ffff
ffff
ffff
ffff
ffff
ffff
ffff
ffff
ffff
ffff
ffff
ffff
ffff
ffff
ffff
ffff
ffff
ffff
ffff
ffff
ffff
ffff
ffff
ffff
ffff
ffff
ffff
ffff
ffff
ffff
ffff
ffff
ffff
ffff
ffff
ffff
ffff
ffff
ffff
ffff
ffff
ffff
ffff
ffff
ffff
ffff
ffff
ffff
ffff
ffff
ffff
ffff
ffff
ffff
ffff
ffff
ffff
ffff
ffff
ffff
ffff
ffff
ffff
ffff
ffff
ffff
ffff
ffff
ffff
ffff
ffff
ffff
ffff
ffff
ffff
ffff
ffff
ffff
ffff
ffff
ffff
ffff
ffff
ffff
ffff
ffff
ffff
ffff
ffff
ffff
ffff
ffff
ffff
ffff
ffff
ffff
ffff
ffff
ffff
ffff
ffff
ffff
ffff
ffff
ffff
ffff
ffff
ffff
ffff
ffff
ffff
ffff
ffff
ffff
ffff
ffff
ffff
ffff
ffff
ffff
ffff
ffff
ffff
ffff
ffff
ffff
ffff
ffff
ffff
ffff
ffff
ffff
ffff
ffff
ffff
ffff
ffff
ffff
ffff
ffff
ffff
ffff
ffff
ffff
ffff
ffff
ffff
ffff
ffff
ffff
ffff
ffff
ffff
ffff
ffff
ffff
ffff
ffff
ffff
ffff
ffff
ffff
ffff
ffff
ffff
ffff
ffff
ffff
ffff
ffff
ffff
ffff
ffff
ffff
ffff
ffff
ffff
ffff
ffff
ffff
ffff
ffff
ffff
ffff
ffff
ffff
ffff
ffff
ffff
ffff
ffff
ffff
ffff
ffff
ffff
ffff
ffff
ffff
ffff
ffff
ffff
ffff
ffff
ffff
ffff
ffff
ffff
ffff
ffff
ffff
ffff
ffff
ffff
ffff
ffff
ffff
ffff
ffff
ffff
ffff
ffff
ffff
ffff
ffff
ffff
ffff
ffff
ffff
ffff
ffff
ffff
ffff
ffff
ffff
ffff
ffff
ffff
ffff
ffff
ffff
ffff
ffff
ffff
ffff
ffff
ffff
ffff
ffff
ffff
ffff
ffff
ffff
ffff
ffff
ffff
ffff
ffff
ffff
ffff
ffff
ffff
ffff
ffff
ffff
ffff
ffff
ffff
ffff
ffff
ffff
ffff
ffff
ffff
ffff
ffff
ffff
ffff
ffff
ffff
ffff
ffff
ffff
ffff
ffff
ffff
ffff
ffff
ffff
ffff
ffff
ffff
ffff
ffff
ffff
ffff
ffff
ffff
ffff
ffff
ffff
ffff
ffff
ffff
ffff
ffff
ffff
ffff
ffff
ffff
ffff
ffff
ffff
ffff
ffff
ffff
ffff
ffff
ffff
ffff
ffff
ffff
ffff
ffff
ffff
ffff
0f01
0000
5e80
fc02
fdc2
18fc
06fc
5f40
fc46
638c
fc4c
fc52
fc58
31c6
fc5e
fc64
fc6a
fc3a
c670
d8fc
fcf8
2f5f
76fc
7cfc
1863
82fc
88fc
8efc
948c
31fc
9afc
a0fc
a6c6
18fc
acfc
b2fc
b863
8cfc
befc
c4fc
ca31
c6fc
d0fc
d6fc
dcfc
1863
e2fc
e8fc
eefc
f4ac
fffc
fa70
f835
fcf8
0953
4547
4120
4344
9eff
20ff
fe28
4329
ed31
3939
322e
41e1
bf55
47e5
2d52
4f4d
2042
494f
539f
f8de
fd38
2f20
342d
e1f2
3033
3bea
3a30
30e7
fc31
2ef6
d0f8
11ff
f81d
4240
0152
bdff
33ad
571c
c1e9
bbe0
f80f
67f1
ff57
fffc
3ffc
75f1
07ff
ff52
41f8
20ff
fe00
01ac
ddfc
3fff
9ff8
24ff
f80e
55f0
f80e
4ef9
faf1
fc75
56fa
504e
754e
7390
fcff
f839
2e79
fa3f
fa42
3880
3346
fc27
004c
fa7f
7cb8
4dae
4e60
11fc
ec80
3708
e3e1
26f1
8001
f402
8000
3980
03e1
6108
10f6
6706
0890
fa60
f47c
f1f4
0167
0408
14f1
e00f
803c
0d05
ce07
31fa
0c70
47c8
ecc0
800f
ce51
c0f9
effe
80e8
3443
fafe
420c
9151
f266
ffff
00ff
3e22
2900
a452
8141
faff
2e92
88e2
3ffc
8934
0153
4248
41c6
d058
51ca
ff1f
42fc
51c9
fff8
32e0
8e92
b0da
87d4
1220
74e9
5800
223c
fac7
8360
0004
81f4
01e8
89d4
f1c3
a2fd
c0d2
f630
3c4e
f9b4
feff
63ee
43f8
5ee0
720f
32c0
22c8
eafa
bcf7
eed6
7208
f2f8
0ad0
7216
f2fe
6100
6118
0316
fc0b
e4fc
1bfe
867f
fc28
dafc
2c16
46fc
2000
4e71
6138
f6f2
425f
7650
000a
4d84
1ffc
168c
01e0
02e8
027a
3f00
fc98
02bc
02d0
f87e
367e
e00a
e0fd
0ce0
c002
3802
4ade
31ea
1643
64f1
481a
e806
c6b4
e8bc
ee1c
ee3d
1631
edee
fdaa
ee22
ee2e
18ee
fd98
3dfc
0838
98f2
67f8
00f8
1480
3308
ad0f
f700
0258
343b
0e1e
5a2c
aaf1
0480
2110
371b
f480
ee64
fc87
5c01
e210
2d5a
2e67
f60c
cdef
05ff
6700
fdf8
4ef2
fdfc
22e0
f1b6
48f1
de22
7e28
daaa
423f
7840
31c0
5ea2
4eb8
f2c8
fdaa
3038
3efd
f02e
64f2
e60c
40ff
ff66
c363
e80c
78a0
5ea0
6706
f806
98e3
f866
d8b2
ae28
043f
1e60
b242
4f4f
545f
ff53
5953
8c0e
c2cf
e809
ecfc
1aeb
fd82
8011
02fc
fa00
823d
8571
deee
6618
70ee
08ee
f7f0
0110
670c
d8eb
fa01
90f4
66fa
2000
c349
dc5a
7006
725a
a38f
5665
ca6c
80f1
004e
7007
b7c1
f046
65f0
92e9
07ca
eb03
c096
ebd8
c70c
c008
c6fc
6006
01d0
f229
1efa
43c0
08d0
1665
8ae3
f1c4
d6fc
0e70
09f0
0660
f0e3
38e6
fef4
303c
0081
1c22
e1b1
7001
ec59
f24e
75e0
b248
fdec
fef8
eadc
92f1
075e
8066
88ff
e4f0
c659
cc65
da60
c422
ff7f
0960
0a48
c0d0
8130
fc4e
f920
c030
1966
3816
c4d6
3011
ee89
eefc
86ff
f248
e72b
6020
2449
d3ea
0018
fffd
4a2a
000b
6704
4e91
6406
3ef1
0460
c222
87f7
4a20
2900
6214
d3c0
45d2
ea08
20c3
7f1a
b0b1
3f67
d232
1a6a
f44c
df44
080f
1d75
794d
4149
4ee2
f829
b4f2
fa55
42fa
4441
54e3
c200
ffff
a804
2a42
f1ff
61e0
2d9c
d482
e975
08f8
1cd1
a4ec
ea0c
b0fa
66f8
f0de
fffe
100b
defd
a3e4
3634
68e2
f0c6
e4d2
7fff
4e73
e2f8
0b0d
fc61
1820
ccfc
2936
fc27
1cbb
0f04
4adc
f811
18b2
ecf8
0f4a
2d58
3ab0
c332
e61e
d8e6
fc3b
7c6a
581e
0f04
80e9
0458
06fa
0058
02a1
307c
30dc
04ce
ead8
3b40
e001
f0f2
02b0
6de2
b00f
0ef2
0650
e907
5800
4243
98f0
0842
e801
0208
2d1e
fef0
6710
0240
f8d0
404e
bb00
0a21
fe11
ede8
8026
603e
600c
603f
7e20
6048
602a
604c
fc0e
08ed
0001
4011
e6c0
30e1
0830
08f8
f260
b0ea
fc3c
1afa
ea61
28d8
e6f8
0c41
b68c
b209
10f6
da16
c6fc
e818
09f8
e808
e8c6
ffc3
8053
1064
0e10
bc00
0c01
6801
0718
6604
0610
f6b4
42ac
fad3
2c29
cec1
2941
0008
2948
ee48
0f61
e738
0034
2cea
36fc
0638
f8ff
fc0a
43f4
3010
d66c
0002
b644
650f
ff02
9644
3943
ea72
0030
0290
4364
871f
02d0
44b0
e808
6410
7201
d463
08e0
b4e0
94e0
422f
c6c6
4cdf
001c
e0f1
c090
e8c3
9064
04d0
fa0a
399c
0632
3da4
28a4
a841
f420
1036
c4c8
00c8
f809
b4f2
06c4
b0ff
14d8
3f01
d6f1
ffe8
58e3
0812
001f
3fe5
08d2
00e9
58f0
0fd0
0132
1f7c
38e4
2f01
2f00
10fd
0261
daa4
ff78
32f6
0161
d0c0
fc00
4bd2
78f8
80f4
0061
c4f4
1194
d081
0134
221f
fed4
5bd1
ecd9
801c
06e2
0a48
40b2
e988
fa02
c0c0
c8fc
ec00
874b
c2f0
61dc
1fa6
29c7
0220
f03c
f0cc
f000
3801
f0b8
f800
20c3
0fba
4a20
4241
fa00
86ff
30fb
610c
613a
4641
9359
5a42
046c
dbe8
1019
14eb
3af8
fd32
f8fd
2af8
fdb6
f522
f8fd
1af8
fd12
f8fd
0af8
fdbc
e9e1
59ff
7f42
4214
00b3
0242
01d4
4234
3020
00b5
411f
e3aa
e201
2222
4890
1690
9cff
ed61
9a61
9861
9634
0146
42ca
e180
cae2
10f0
ff21
7230
6340
8450
a560
c670
e781
ffff
0891
29a1
4ab1
6bc1
8cd1
ade1
cef1
ef12
ffff
3102
1032
7322
5252
b542
9472
f762
d693
ffff
3983
18b3
7ba3
5ad3
bdc3
9cf3
ffe3
de24
ffff
6234
4304
2014
0164
e674
c744
a454
85a5
ffff
6ab5
4b85
2895
09e5
eef5
cfc5
acd5
8d36
ffff
5326
7216
1106
3076
d766
f656
9546
b4b7
ffff
5ba7
7a97
1987
38f7
dfe7
fed7
9dc7
bc48
ffff
c458
e568
8678
a708
4018
6128
0238
23c9
ffff
ccd9
ede9
8ef9
af89
4899
69a9
0ab9
2b5a
ffff
f54a
d47a
b76a
961a
710a
503a
332a
12db
ffff
fdcb
dcfb
bfeb
9e9b
798b
58bb
3bab
1a6c
ffff
a67c
874c
e45c
c52c
223c
030c
601c
41ed
ffff
aefd
8fcd
ecdd
cdad
2abd
0b8d
689d
497e
ffff
976e
b65e
d54e
f43e
132e
321e
510e
70ff
ffff
9fef
bedf
ddcf
fcbf
1baf
3a9f
598f
7891
ffff
8881
a9b1
caa1
ebd1
0cc1
2df1
4ee1
6f10
ffff
8000
a130
c220
e350
0440
2570
4660
6783
ffff
b993
98a3
fbb3
dac3
3dd3
1ce3
7ff3
5e02
ffff
b112
9022
f332
d242
3552
1462
7772
56b5
ffff
eaa5
cb95
a885
89f5
6ee5
4fd5
2cc5
0d34
ffff
e224
c314
a004
8174
6664
4754
2444
05a7
ffff
dbb7
fa87
9997
b8e7
5ff7
7ec7
1dd7
3c26
ffff
d336
f206
9116
b066
5776
7646
1556
34d9
ffff
4cc9
6df9
0ee9
2f99
c889
e9b9
8aa9
ab58
ffff
4448
6578
0668
2718
c008
e138
8228
a3cb
ffff
7ddb
5ceb
3ffb
1e8b
f99b
d8ab
bbbb
9a4a
ffff
755a
546a
377a
160a
f11a
d02a
b33a
92fd
ffff
2eed
0fdd
6ccd
4dbd
aaad
8b9d
e88d
c97c
ff0f
266c
075c
644c
453c
a22c
831c
e0ff
ff2b
ef1f
ff3e
cf5d
df7c
af9b
bfba
8fd9
9fff
fff8
6e17
7e36
4e55
5e74
2e93
3eb2
0ed1
1eff
fff0
3f02
6100
fcfe
342d
580a
80c2
d040
207f
f86d
580c
3230
0002
30fc
0092
4048
ff0f
40c2
c082
c248
41e2
4ab2
4265
0603
bef8
5241
fcfe
40d0
4134
000f
3ae9
d2fe
3b7b
0014
ff83
c630
3b00
0c41
fb00
082b
48c2
07ff
aee9
b811
94ea
fcf8
0e00
01d6
039f
05ff
ff5c
070e
08b4
0a52
0be6
0d71
0ef4
1070
11ff
ffe5
1353
14ba
161c
1777
18ce
1a1e
1b6a
1cff
ffb1
1df4
1f32
206c
21a2
22d4
2402
252c
26ff
ff53
2777
2897
29b5
2acf
2be6
2cfa
2e0c
2fff
ff1b
3027
3130
3238
333c
343f
353f
363d
37ff
3f39
3832
392a
3a1f
3b13
3c05
3cf4
3de2
fcff
173f
b940
a241
8942
6e43
5244
3445
ffff
1545
f446
d247
ae48
8949
634a
3b4b
124b
ffff
e74c
bb4d
8e4e
604f
3050
0050
ce51
9a52
ff3f
6653
3153
fa54
c355
8a56
5057
1657
dafe
ff5c
c403
7b05
2706
c908
6109
ef0b
75ff
ff0c
f30e
6a0f
d911
4212
a414
0015
5616
a7ff
ff17
f319
3a1a
7c1b
b91c
f21e
271f
5820
85e1
c321
ae5a
23f6
2515
266b
49ff
ff28
5e29
702a
802b
8d2c
972d
9f2e
a42f
a6ff
ff30
a731
a432
a033
9a34
9135
8636
7937
6b7f
fc38
5a39
473a
333b
1d58
eb3d
cf3e
ffff
b23f
9440
7341
5242
2e43
0943
e344
bb45
ffff
9246
6847
3c48
0f48
e049
b14a
804b
4e4c
ffe3
1a4c
e64d
b04e
794f
4150
0856
92ff
7752
5653
1953
da54
9b55
5a70
00b2
bc65
360c
7bf8
07f8
622e
24c9
8020
7ce1
e102
a942
4800
1903
fc11
b263
8c80
6714
f409
f80c
317c
f001
f804
c860
284c
df01
6d74
e0c9
c0fd
08c0
fc63
e63e
c201
5803
c6b8
f80a
c8b8
fc11
fcf8
8509
fc01
2b40
5830
c4fc
dced
f0c0
8068
c922
7cc9
2012
fc21
673c
3ffc
0c40
0029
6568
20f4
28b0
ad58
2c0f
e954
c03f
0032
f424
dcb2
401f
9664
083b
6d58
26c4
3001
3ec9
e27b
ec30
f826
301f
66ca
c27e
6032
bc3d
c421
652c
c4fe
654e
b900
6860
a6fe
e4ff
e0c8
cec1
2166
0455
4007
2160
0648
40fa
b8d1
ec74
86e1
7a03
7a1b
41e6
e908
87ff
e948
e088
fce8
8832
00e6
4990
418f
0fe9
88e8
48e1
fce8
0852
8063
745a
8080
d208
d224
ca00
fee7
e152
c100
78b0
2a06
8c10
6018
f310
ecb8
ec64
ec16
e83f
54a2
56d2
9240
0c41
0080
650c
1c09
faff
8064
8ae8
0721
d6d0
60d6
92a1
f6fd
51ff
c8a6
2cfa
c110
2200
303c
033f
0c80
d041
30c0
d040
fce4
4841
7ffc
48f4
eef8
0da2
d13f
0234
3c01
ff1a
0fa0
8242
a8ff
6708
bf1d
f6c2
42b2
4066
14ec
f80a
0aec
fc67
02f4
8f9a
a8e2
40fc
fc68
0440
0514
64d6
7dec
caf1
1e34
fcc8
c900
24a0
b1fc
4cc1
428c
e1fa
46e6
1cf6
b042
ffc7
623a
4241
9440
b46d
5814
6372
fa63
8810
630c
fa12
fa94
e3b7
f460
08fa
1460
02e2
4a7e
f11e
c7c3
aeb9
1c64
0af6
14e8
48ce
65ff
e344
603a
323c
00ff
9042
3400
ce1a
3167
6334
fa16
c218
c231
0d98
b1fa
1ac2
0c6d
e6eb
72c4
fd1a
c408
2002
a4c1
4ac9
44b7
5bfc
0001
60ea
a980
dcf1
001e
dcf1
d436
c9e8
7fda
3bde
e936
0241
000f
6706
1001
126e
dc82
b9e0
0f66
0e44
b900
581b
e667
12ec
fda0
ba36
b0b9
03f6
38fa
2041
ccfd
0666
0cf6
3b83
f4ab
fc3c
94e9
3b43
ed58
5440
c210
f1bb
6898
994a
00d6
f2ec
480a
b982
62f1
668c
31fc
62fc
6cfc
bac6
18fc
b6fc
2afc
4e63
8cfc
4afc
46fc
428d
31fc
e0f8
993c
f836
fc32
0a4f
fce8
99d8
2008
4840
f831
a444
b830
08e0
48f8
b0d8
7bf8
eefd
a60a
bb36
8241
28b9
9942
51d5
2ff2
f809
cafd
fc91
6ba1
0567
0c42
91e4
f809
fdf0
ba08
8000
0767
0abe
f7d0
08d0
57c0
f660
06b1
f7c6
6156
a8fc
08e9
f16e
1cb1
eeb4
6144
caf8
0961
0aa2
f80b
0c08
17c0
011c
6406
2094
b10c
8bf8
28ea
33ca
04e8
1eea
1854
fcf4
0280
f2f3
9ce9
eaf4
df71
e2ea
3000
0c2d
b8f1
2066
a2fc
54b1
a12e
e23c
fc44
e265
f838
fb3f
62d1
4822
28a1
fdba
6520
2400
32c1
3002
9e5b
12c2
1002
14ba
34f1
0c7e
f809
2028
e0f0
f660
a4a1
1896
f81e
f3ea
6a61
9418
f80b
ef84
f638
2010
98fc
f69e
98b7
6b24
6464
0c50
f182
e2ca
2398
79e1
20f2
38cd
69d2
fec6
e182
dc20
e0d0
c030
ecc2
32f1
14ea
5a12
cef1
0fb7
0456
c120
80d0
fed0
6a91
b8c6
1402
b4e9
7ba0
3ece
d2c2
6fce
18ce
660a
b0c9
63f6
2eb9
0af8
c5f2
5948
4200
60be
5372
d8a2
5e78
baa3
faa4
ed96
ea39
67f2
2cab
5864
562d
5a32
aaf6
e680
98f8
e6d8
e602
2b40
e61a
ee8b
e6fc
f8e6
beed
6cfe
8934
e901
6ad9
f5c4
12e8
fca6
2ae7
705a
5ae1
f820
e830
c606
c867
8e82
7ad4
d29d
98d4
fdec
00ff
7a44
fcf5
823c
bdea
d8f1
2024
4860
34c0
e048
f5c7
c8e9
04ec
89a4
d966
2214
ed5a
2bb2
3a3e
2a90
8b5e
f100
90cc
4e14
c024
c4af
e822
fc26
603c
70ff
80fd
f71f
7cd9
ff76
3f96
e1ff
58e0
9830
1fe1
9898
bcb4
e418
0af1
ff0e
2444
c1f0
fc22
f018
f072
fd0e
0e1a
5efc
f4f6
a86a
fcf4
ecff
91f6
34ed
587c
6006
24fc
ffff
6343
c805
d604
6cd1
7ec8
2027
3c26
9904
0046
68aa
6504
3934
ca38
f534
66fb
527c
9b34
2c8e
1a00
429e
a94a
021a
f70f
463e
6528
1cf1
6e42
0072
04d0
1876
dcfe
fc7a
4663
f20f
6646
009e
aef1
3086
f4fc
043e
f482
a2b5
e710
807e
840c
f334
f4db
0458
37fa
ef7f
3830
3c01
0060
9101
8037
57c8
fff8
6646
fa61
aa43
f880
3820
d9fe
30d9
240a
7ad6
fa38
73f7
5e40
e7cc
342a
8466
1614
8337
678a
8308
2684
449b
e244
df9e
c678
eefc
30eb
caae
64ae
4222
d858
3cfe
32d8
4af3
ac67
5e02
04e3
f8d0
f888
d93a
0e6e
d735
1b40
5878
d49b
82e9
4efb
6a71
94dc
acc6
18fc
7efc
aefc
b263
8cfc
2cfc
c0fc
ce31
76fc
c6fc
d2fc
da8c
dc00
ea8c
31fc
a4fc
08fc
9ce7
1c1a
0644
059a
7a3f
06fc
7b42
ad58
7e88
9f32
83c6
e6f1
c2f2
56e9
98f2
39f6
82d8
1a42
ebf6
70e9
fc1f
4eeb
7a84
396c
f1f0
ea20
670e
f8e2
8b8f
2066
0a40
79f0
526d
5822
432e
be80
5024
3ad6
37d0
c1a8
2be6
ecd9
eef8
0bc4
fc66
06e6
fcea
fe9f
4098
3761
82d6
f2d0
fd80
0b7c
ee00
ff70
2ab1
4167
cc48
f4e4
fcce
fc61
18f6
c4eb
3ade
4e61
0ae8
fee4
e1ff
c7a1
2b40
5a22
fc26
3bfc
2aef
a0a6
f538
6758
493c
f110
2c9a
b0f2
8d8d
a8f1
79ac
f00a
98fc
fa60
d122
31c6
fc58
fc7a
fc9a
fc88
63e4
e8ec
001e
fc1a
748c
fcd8
6900
12fc
0e1d
82fc
0a3c
d401
e89e
12aa
c6a3
7989
fa71
1afa
0367
14fa
bed7
a2e2
6fd9
660a
0c91
22ea
6602
22d4
d1d8
f81a
06b1
12ea
f1ff
52b6
f14c
1b7b
17c6
895a
2bd8
dd38
665c
6cec
41ec
da89
3eb6
bfa0
e188
1010
2216
84f5
04a5
cfde
b128
acf5
f42c
b12d
5835
0141
c635
9e18
f4ab
b1b0
d79a
a679
74f6
ca16
8443
28e1
ccf1
0a6d
4c1c
f4a4
dd9a
229a
f80a
3a9c
fd1a
8caa
d426
d45a
f2fa
e9dc
e5d1
d9dc
fc26
565c
d9ff
2c52
e6ef
1f15
1018
e908
8018
c0f8
f80c
f2d5
1ab0
9a1c
bef8
0ad4
e250
7e95
b474
c98c
36f3
00dc
daf0
d2da
feae
a3d6
74fc
587a
dcb6
d9dc
ff44
dcfc
f8db
db9f
3867
36d2
e143
26f2
b02c
0008
6628
60c9
f2a8
f088
1cf2
ba34
d231
e2d2
c052
62b2
e422
9223
c02c
7bb2
a4f0
0aff
542c
d05d
14a0
3767
0c88
d906
6542
e228
14d8
3b84
81ea
f8d2
f543
63f0
66d1
423e
e136
a837
7bd8
d251
036e
d9b6
0811
fb67
1828
6be0
f40e
4e8a
d930
66c2
0358
3400
8060
ed58
9887
c6f6
6708
02e0
cfca
e9ac
cae3
3105
662e
fa04
6712
c601
d257
d4c0
1c53
2d5a
2108
794c
ea03
4122
d901
58e4
fdb8
8c61
d601
a406
f403
260e
8f9c
5450
f992
e058
b7ad
5a0b
672e
50b9
3fb8
e9ff
7261
8104
c1c9
1fa4
c1b0
ae38
522c
536d
5840
64c0
58c3
603c
f23b
8488
b6f3
8ab1
f67e
7209
26e7
22c0
42db
f0f1
ce7c
e88a
e12d
0c6d
4058
5466
0cd4
f157
9cbb
c4eb
ecee
1054
1028
6a49
9af1
12db
c33b
0012
8339
98d2
b107
d241
fe4e
ff1f
fb10
1283
0081
0104
8004
8203
0384
6e8c
7605
800f
e0e1
50fc
54f1
b6fc
60fc
201b
68fe
f121
ba69
22b1
6e90
d928
fc2c
fed9
3ee9
123c
c279
4c1c
8efa
ff4a
ec6e
6614
0718
fa72
660e
7e9a
5876
fae8
3c54
f451
602e
50ed
fa0a
59f8
01e0
9a12
b3ce
7a03
0860
c7c1
8664
f336
aea2
f882
c006
0b01
30cb
02de
5ca1
3fce
d91f
f01c
363b
7c02
ee02
984b
58d6
3f3d
5cdb
3e42
6b20
f166
0a2b
5058
5c2b
dc0e
6c04
5860
3af1
64cc
c903
d049
153b
d8fc
924a
c8c9
9eb2
4ae1
ff02
085c
0c10
000a
6630
7e99
3924
b884
0480
8cf3
f621
7a87
eab1
2af8
1746
b903
6004
1ad2
532d
84fd
5a64
8a92
e33b
600a
4e71
fefe
86d1
368a
f4f1
ee7e
f4d4
4c21
7c78
5442
a8ec
f100
9ddc
ff56
92eb
3666
f824
d967
4ecc
99d7
7839
6748
52dc
e9fe
bb21
0e03
6506
f0ee
f448
e921
e748
32da
203c
c62a
602c
370e
f8c6
61f8
027c
cb36
ebaa
9ef8
69a2
fcfe
f88a
e3ea
fcd8
5b8d
7de6
ffde
deeb
365e
43ce
b958
e908
e86d
4cac
ac60
6434
aad9
44e8
5ad8
ace8
f445
94f1
8434
b4a2
2d06
10c4
1e32
c516
e8b2
5a01
44bd
8a8c
bb86
ba0c
6742
92cc
70b2
9ca9
ab05
5f72
0916
46fe
f80b
78f1
eab2
f1aa
118b
94e2
5cd7
045c
fdff
b25a
00ac
3b7c
05dc
5846
22f0
0b60
2340
9ea1
fe1c
889a
1403
6dbe
1ad0
0a72
a268
76a5
6a60
3766
2043
6be2
e146
64d0
98be
d342
86d9
ecf2
3bb1
4b68
f4d4
b4d4
e6fe
521e
dbad
6df6
481c
fdbc
16f3
64f8
0903
48f7
6802
fd9a
6c76
f803
48f1
9262
56b9
0080
8c7f
d27b
6444
b010
6302
1010
0c51
f27a
f664
f6ac
f28c
25fc
43e4
45ee
fcd6
550d
dafc
9cf2
20aa
10eb
caf2
90fc
0576
31fd
60ab
437c
a248
4072
ea62
ecbe
8036
0058
7866
2ea2
84ab
e350
fd98
dcd4
9a31
30e2
43b0
9e64
d4d3
12f6
72e6
9204
c101
8860
f6ee
a270
c342
5cab
3466
34a0
42f4
cae0
a116
439b
3b7c
04b0
4cdc
e14e
0ce9
e4b0
da82
9a86
7afc
4f21
cae8
0972
ecfc
16b6
07ec
f80b
5efe
f484
fe90
0cf1
3b3f
a864
f2fb
9c53
6d5a
2c7e
b0f3
fa30
0cbf
f65a
ab08
49ed
5a6e
39ac
c986
5210
0881
302d
66bd
5a86
e180
e87a
525a
5104
6704
45cd
e299
04b6
b2dc
94a1
bca1
64e9
b7c2
18ec
40e7
46fc
2500
d0f8
0c6c
d0d3
6ef2
b866
f8c1
ea4a
60fa
44fb
1366
fa32
34e1
e059
303c
092f
5a86
1de2
1cf4
0803
40b1
0280
5f80
9e59
4058
4188
e2e8
f47f
3f06
4001
2047
f880
07d6
2305
1680
e048
3cac
fc16
81e0
49fc
16bc
a5b1
d0f1
8ae9
da02
ed19
2010
ac06
4690
aedf
6a18
46d2
4e71
fcf8
1b79
8820
e9de
4a30
45a4
0803
84a0
0432
80b2
13be
ee08
5646
a967
646a
fd20
32d4
de78
fcd4
817f
61ac
6efd
06f2
1161
9efa
83d0
602e
3012
32c0
30fe
6207
fafc
94f8
14d2
91b6
b260
ceda
8c2d
a007
a0f8
bcf3
28d4
f436
1b28
011e
2338
1cf4
fc3a
40a3
f436
56da
98f4
0c2e
15d0
d2ff
07f0
1ed0
ea70
d8b6
c224
2807
66ce
e2f8
96ac
f0fd
ea86
e8c4
fe6c
82e5
49f4
e9c3
ecb2
2883
26f1
c6e4
d118
12db
7eeb
ce48
48e7
0738
eef1
058e
f262
9162
3d06
14bc
9729
d352
48f8
04f8
b1ff
fef8
09f0
0cf4
fe4c
ed1d
e05a
324e
6758
d020
5f48
f650
1ce0
6eda
d2f8
86b0
f80b
d699
50ac
3070
0075
1572
06a2
180b
f6fc
3080
70d9
7df1
7819
3e08
fa30
207c
4344
feb8
ea77
45ca
e7a6
61ba
a1ff
fc1a
fdd0
c208
af86
5831
0580
33c2
f017
14d0
09fe
fd75
a23e
fe0f
f2a9
600c
0081
f9f0
e859
4841
0bff
2001
72de
2960
61ae
2b41
5a5e
e96f
bc98
2200
e880
86b1
56fc
5a02
011d
dad4
f109
6521
811b
e430
80a1
313a
f809
1571
018a
d8e0
09b0
297a
eca0
3e18
4648
1e3c
fc05
3afc
2b74
f471
f4be
ec70
b9c4
6bce
d9c0
5638
f6cc
6360
18d6
840e
6a01
dced
6d64
0c8c
f331
40b9
e460
ceb0
f10a
30e9
a44c
d8fc
d8b6
beb2
7ced
187f
18be
6abe
6857
cfff
ea67
5131
a4da
ca7e
9a8e
f80b
dc30
2e09
dc0c
6736
f288
f0c1
18ef
3aba
6c94
5265
0e84
f15c
ae8b
6554
927c
64b0
6186
fc67
dc6a
d21e
8fdc
047a
ee65
12d6
a465
0ce9
6ddc
325e
0252
644a
d8ff
4060
fda7
8cee
fcf0
cea4
1abc
6534
a901
0d98
7265
a8aa
01da
f4ac
bf28
9e1a
650a
6010
faa2
24b2
b259
dcbe
7662
7e94
eb46
fe32
b2fd
d8f1
a3fc
b0c8
f00d
fdbc
d662
6542
ef1a
f2fc
bd65
b6fd
57ce
ffb4
0901
eb58
be64
b6ae
fd9c
8160
aab8
0ffa
da31
265a
eaf8
3af8
08f0
bb51
ecfd
0cf4
fe4e
758e
fda0
fc0a
21ae
5fbc
6d88
a166
da6a
670c
5345
72f1
b17e
4cd1
6218
b2f5
4cf2
f067
1453
470e
8ae6
02e6
88f4
a07f
0a3b
c0e2
f817
eed2
54e5
a2b8
e952
22ec
1ff4
560c
8eea
ff67
1a92
8063
203c
9ff4
5fd1
0463
14f8
4b64
1c6e
5f06
6026
5888
ea5a
8e82
5346
6418
f8c2
8cd4
760a
f4a2
04a2
f814
8637
44a2
fd5a
aa67
3065
0eb0
fd12
d7bb
b01c
baf8
21ac
ed48
662e
f6fd
0366
7055
96f2
e06a
6708
6ef2
1875
86f1
f0a2
63d4
7ae9
ee14
12b2
0ef8
14b2
ff84
c206
c43a
daf8
144a
e343
d8ee
22ed
4232
fc68
12f2
e11f
704a
4166
1412
ade2
2e5a
b078
b7f8
5e64
2852
4ce9
601e
3adb
3158
932e
ea2c
e7e4
7336
dc31
d2ff
18b4
fc00
1800
6000
a803
c047
d051
90f4
fefd
b9f4
7619
dd7b
fe27
e900
7022
d12a
2848
d8d9
0680
33db
0e88
d9ae
88d9
058e
dbfc
7679
b045
ff1f
eeba
4dfa
ffb8
207c
5043
4b54
6116
c3f0
f841
f761
0ef8
5143
4fed
f744
61c0
1954
c8e9
24cc
201e
2272
e1e3
225a
7dd9
d0c9
f8d9
aeb0
fcd0
c4a8
d226
0061
e8a1
7fb6
c162
ae8e
e1b0
426d
5ab4
eb49
6d63
dea2
c8d9
aece
1180
e0a9
b6fc
b7ec
43c4
b818
c1ff
5ab9
28dc
bab1
45c2
dcf6
bef6
ffc2
aedf
a0b5
c738
ca7e
c21e
f1b0
7ac1
b448
40fa
82e4
ae96
84f8
84f8
09c8
96c7
205e
5c22
36e1
e2e6
6798
a2da
66f2
1e7a
78ff
fe41
e9ff
f4de
c1fe
6004
0057
004a
a601
a6fc
ce72
b0b6
fe24
b6e6
5abe
b6ff
1cb6
9cc0
fcba
ffe8
baf8
0f16
fcc0
f88b
b4f0
69b8
4240
10db
7f38
8069
0a89
072a
d9b0
6002
6056
1200
b278
6848
b767
3492
fab6
acd1
7f2f
2cd6
9162
6426
5cdb
ce0a
d2ec
f169
b0ee
d282
daf1
41f2
7ae3
ae17
c89a
a1b9
6068
4892
f4e6
c4f2
48f8
06d8
beda
b741
f807
e181
0041
f09d
b6f2
58e1
98d0
92d3
e0b1
98c1
0250
f80b
feb1
5814
f1ee
48a0
caaa
9016
d2f2
8c3d
d068
d0b2
98d9
1467
0416
1196
b450
c936
f686
f84e
f424
0856
0658
40e7
0f43
102a
0018
80fc
30c0
fc48
7a35
2e56
c012
2931
a1e8
c9b8
7b0e
5ed8
fa02
6708
b27b
181e
136a
09f1
1860
18fa
0860
12d8
083b
69d8
f002
6a80
01ec
7e6a
d6f1
c2f3
3952
1354
fa4e
32c1
f846
b7e6
fa40
f2fd
3800
14f2
fd2a
fae6
e624
f2fd
1cfa
16f2
fd0e
fa00
f108
f242
4342
1018
77db
e508
e351
faf8
294e
d622
e3ae
58f1
88fa
d35b
edae
6778
3cb2
26fa
e9aa
f2f6
ef5e
e2ea
23bf
fd00
4a2d
5aaf
6716
de81
af0c
ed00
e07e
57c2
d8ef
f8ea
4cc7
4cf2
14ac
f1e0
58b3
f6e2
fe00
66ec
5cde
fcf2
e6fa
44d1
5064
0c9c
f1b5
d2f0
ea2e
fa44
d766
aa52
b4c0
cb74
e9ff
ffff
58ff
9aff
d500
17ff
bcff
8aff
ee00
07ff
ffff
60ff
79ff
92ff
abff
c4ff
ddff
f600
0fff
ff3f
68ff
81ff
71ff
b3ff
ccff
e5ff
feff
a30c
1f9b
41fa
f460
1a6b
0490
c6f1
560a
d052
6a04
fa0a
10fb
2f34
0010
8099
3f12
c030
1866
e243
48e9
f4ff
a47f
2e51
020c
071a
0320
0d23
0830
ffff
1b12
0418
2110
0e34
2436
092d
3126
1c29
ffff
1338
053e
190b
221f
112f
0f17
3533
252c
ffff
3728
0a3d
2e1e
3216
272b
1d3c
2a15
143b
ffff
393a
0102
0408
1020
0306
0c18
3023
050a
ff7f
1428
1326
0f1e
3c3b
3529
1122
070e
1c38
f8ff
cd09
1224
0b16
2c1b
362f
1d3a
37ff
ff2d
1932
270d
1a34
2b15
2a17
2e1f
3e3f
3d8b
d739
3121
c1f8
3e16
ed5a
c640
d809
9e2a
df1f
48e7
3efa
2449
a8f1
1447
faff
6249
d269
fc1e
dc10
1880
fe10
673b
efb4
2101
ea99
5acc
ee10
6666
c101
daf1
bec8
625e
c13c
eeb2
40e7
ee22
4afb
776d
5aca
864a
01b6
40c0
8157
4470
f15f
7ce1
ffa2
d151
0608
0a0c
0e10
1214
1618
ffff
1a1c
1e20
2224
2628
2a2c
2e30
3234
3638
ffff
3a3c
3e03
0107
050b
090f
0d13
1117
151b
ffff
191f
1d23
2127
252b
292f
2d33
3137
353b
e0ff
394d
3ad9
0c10
1418
1c20
2428
2cff
ff30
3438
3c03
070b
0f13
171b
1f23
272b
2fff
ff33
373b
3f06
020e
0a16
121e
1a26
222e
2aff
ff36
323e
3a05
010d
0915
111d
1925
212d
2961
f835
310e
0008
4a20
2830
38ff
ff03
0b13
1b23
2b33
3b06
0e16
1e26
2e36
3eff
ff05
0d15
1d25
2d35
3d0c
041c
142c
243c
34ff
ff0f
071f
172f
273f
370a
021a
122a
223a
32ff
ed09
0119
1129
2139
312f
0a26
d17c
f0f2
4310
86e8
2547
fc02
49fc
7ff7
0310
1a10
8012
8016
f1f1
4240
d2d9
1610
7f88
1112
b600
c010
1316
fa00
10fe
52fa
40de
b110
b111
b113
fd80
b114
9af1
e224
5f4e
75b6
fd2e
baca
7461
cb47
fafe
eabe
fc70
0094
da46
c6c2
b3c8
ced2
447f
f2d2
8e42
4316
1810
3430
98d3
a118
12fa
14fa
1088
7f16
fae2
e011
0311
0111
0284
48fe
f800
fa02
e0f4
8f11
fe6e
9ccc
e448
34a8
c241
1233
a6f8
7bf8
9eb3
1951
caff
ec84
c940
4241
4200
a0a2
e89f
b801
d617
6012
90d1
2d62
423c
e812
facb
ee03
1600
84f0
8c10
c634
ca92
4064
ffd7
0406
4100
3f94
4165
06b7
3220
ded9
c8c4
ffff
1511
1f0e
05ff
1c01
0a16
ffff
131e
02ff
f7e3
14ff
2527
62ba
26ff
1d24
04f8
286f
0c07
ff03
0bff
d6a1
33f3
12c3
27fd
0d10
fc39
ff09
ff08
db94
00ff
aeea
767c
0810
285c
28fa
f085
f9fa
1203
1002
8afe
a0e1
851a
3378
1204
1003
eefe
e43e
69d2
9a12
3f65
0404
f2e8
ff3e
e16e
58c7
3210
06e2
f80b
1ed1
d012
c087
31bb
011b
74fa
5ad1
22d0
a680
18c6
28d2
aa78
2ee6
f2c7
b101
1406
b6fe
6102
e8c6
d3d6
e44c
32f6
d2e0
9ec9
b402
86ea
e6c0
d0f8
3d4e
d110
a2f1
b300
b0bc
6630
868f
a4b4
f216
f8d2
6118
40e7
bd2b
f0d1
f0fd
d361
08ec
e44e
75ba
f00f
1223
a0d6
daf0
2cf2
68e1
0368
e64e
826d
ef5a
e252
bbe0
6895
e0e8
590f
6714
40c1
e230
7c3b
6ae2
32f8
e4e8
49c2
fc87
519e
31c0
c2c2
e282
f672
c3c3
84cc
9201
fa48
41de
f103
d6ec
fcea
e859
e989
ee56
b2f6
e4ac
fffe
baf8
bcc2
e0ca
0e18
5bf0
f80a
d6b3
f084
b902
0131
c6a0
e5fc
ebfc
edfc
4600
e9ea
fdad
eafc
ea00
40fc
eafc
ea31
2886
fc9a
f094
6cfe
78fc
cde1
8030
017e
ec4a
e848
1f2c
9041
6404
446d
d820
41ee
becb
1abc
9640
b1e2
e6c6
f1e0
e409
50f8
ae8d
685a
eabb
704c
3038
8016
fa34
0013
427a
c3ee
0c12
fc67
2061
a55a
3860
c49a
f402
ee11
30fc
0a10
a3ea
20ee
50ce
f1e4
b094
30b9
1ea5
92e6
31c0
b8aa
8a14
0c70
6dd4
e8e2
e85a
eac0
60f0
f8ea
f6e8
ff0e
0c05
f0e4
ee02
3859
f811
1fe2
fdf8
b0ee
6b14
901f
e142
6514
7200
222e
99d2
cf69
40e9
9960
16ec
ecee
7000
9bd4
3eb1
f0f0
f7e4
18f0
d104
69e2
c1f5
be04
2a54
6370
6304
610c
2c42
00de
4cdf
dac6
e8ea
146a
201b
680e
6d64
680d
a0fc
d886
a6fc
b0f2
69f2
0499
96fc
d161
f176
fc18
39f1
30fc
ee9e
0cb1
fcc4
fcef
ecf0
8db1
1439
f51e
71f5
d0f5
d8f6
6ded
3a71
f640
51f6
0839
f6bc
2a10
09f0
3a71
fde4
f782
fc7a
9df2
56c0
e208
78e9
f85e
bec7
801c
6a30
ed5a
fca0
6901
e148
fa7d
1b03
3088
41e3
8264
04ac
1114
5af2
205f
dff0
ee50
2080
2e6a
70a2
e236
0c90
dc33
baa7
f4e2
f15c
c1e2
54d2
f141
5804
fa61
7b5b
36fa
e858
7a69
12bc
5b06
43fa
63c0
8031
0afa
1808
faef
dd1c
e958
4ed1
4cd9
f232
c096
b260
10f4
fec0
8660
d6f6
50eb
f2bc
873f
2b5f
5afe
fa4a
6d5b
4c67
0453
8e8b
fa20
6df0
d032
60b3
0718
987c
8000
4efa
1194
e0fd
90fa
0101
5b0c
b4a1
105b
0a61
dedf
c84e
e12e
67f8
02a3
f261
ba32
3c04
aab9
1fde
fcb0
0c6d
800a
aa66
1461
a8a4
e305
c0f2
6754
61fa
8ece
7cb0
ac8e
fc30
2df4
72f5
b01d
3a84
416c
70f4
02b8
fc03
e999
03b4
7418
fc08
7a59
08f0
fc07
8663
e8fc
6efc
5cfc
0b28
210b
68d7
b6d8
8829
03a0
f108
c290
f15c
f16e
8800
68f1
0072
4a59
24fc
046d
c7e8
04fc
1904
28f1
0478
2904
3cd4
1053
ecfc
0ac8
0ae8
268c
31d4
46fc
42fc
3e46
c7fc
3afc
50f1
0032
e068
c77c
fc2c
f101
e019
01fc
c8d0
1894
fc05
f0e9
06f8
06e3
18d8
0980
07f4
dcd8
161e
fc0c
48e8
f271
5b48
6006
c3dd
f805
f82b
5f5b
dc31
feb6
c0f1
8793
4864
f620
fa02
4ed0
ec3b
dc7e
eafe
a076
d920
320a
340c
4136
f150
7804
f280
44e1
e8de
8c65
e27b
c3d6
f80e
76e4
f14c
6710
2041
42f8
6418
46ee
f80d
f865
e6ce
3740
e8e9
de5c
d2fc
61fe
d64c
ab18
98f1
10a2
f162
528e
f3f6
8e83
71dc
22ac
eee9
0a6a
0a5b
698b
7a21
ece0
825c
f100
3a7a
e3f8
ea00
5858
ee58
f601
5b2a
c23a
2b86
51ee
5b2c
2a81
8e91
e05a
6dc1
d867
40b2
eb3a
6e4b
4e4e
7a56
3c2e
1a3b
88b2
33d6
09f8
0e67
f03a
e26c
a439
ddc8
c464
ddc3
68aa
65f6
8866
b666
9491
20ed
18ce
e97e
c105
5eda
5b0c
d620
ddc6
de9e
09fd
9654
fd68
42fd
60e8
806a
7020
c668
f1da
f110
8207
e843
ce67
dcf1
0023
3b40
3e42
88b1
0e14
fc1e
fc34
c618
6aaa
caa9
ffe8
40fc
2a0e
83f0
df46
2bf8
2c42
9caf
221e
4a03
5b3c
6064
e970
c952
e92a
02c6
0290
fc78
d8ec
8e80
3252
e1fd
6a7c
ea5b
4231
e8b0
38da
28da
d841
cefc
01ba
1458
eada
ce71
df52
fef3
d23c
5343
e825
dc01
dcfc
02dc
3b40
8ec6
84e8
142a
b6de
5c52
acf1
88fc
c416
d4f3
1031
2ddc
f30a
fa09
b8fc
f490
f3ee
2d6e
fcfe
8a31
585b
3ed6
e18a
e2dc
ecc7
06fc
d6ca
e93e
64ec
600e
daa8
9b04
7aac
ea58
f3de
c86e
f328
9b3b
ac4a
80f3
1ca6
1682
f4dc
4ac6
c6b8
42f8
2c82
f3c8
c8a3
6353
5b4c
e4de
e9dc
2ee4
26c7
3bda
eefc
72ee
0665
ec96
f2ff
7ee4
8dd8
4052
fc06
e0ff
5242
c792
00f2
98e2
2422
67dc
fae3
b508
67d6
fa07
67d0
0ee4
d2e9
05d8
3100
e23a
243c
ca5b
42e8
03aa
0650
eeda
c2f1
e6f4
4259
5fe6
1472
b2dc
1a44
3cac
36ce
6044
3044
d038
69fd
87b9
1069
fb88
fcdb
7246
d023
ce30
fcdb
7aea
56db
5cb5
50ea
baf8
f288
f324
c2d9
8a8e
f0fc
e331
da41
a494
145b
0694
5cdf
1a7a
305b
2844
f1b2
2ef3
a0c2
0064
80ea
deca
e46c
e44a
b518
5efd
4af2
cafc
cafe
52fc
20c2
665a
e9b6
ebaa
2a60
deea
03e0
356c
b4f8
150e
f2b4
fc26
e060
1af2
ff27
54c1
f2f6
f698
f816
22e1
de46
ebc9
1ddc
8c90
82f6
fad4
3ce6
faca
5b2b
e4d2
80eb
424c
ebc0
f20c
c0f3
981a
d9d8
ec7c
e101
62e2
0ef8
32ca
daf5
31fa
40d2
e1b6
e1da
3c65
f2f2
32b6
0ef6
1cc0
f3a0
f8e3
c8e1
fb76
15ba
f608
c6f1
46c2
7a67
a0e9
0808
1167
b8f1
1ad2
c0dc
6290
a143
50f2
9006
d81b
ae22
562c
0c4f
aaa0
e2d9
e665
d833
f89a
f9da
ecfc
9619
d9d2
65e8
76ee
ee04
e1dc
26d8
ea66
6c59
dc8a
8b37
c8ea
640c
09e0
9c65
e096
eb20
4cbb
96ff
ff7e
faf4
4ef1
065b
8883
c4bb
7e06
002b
f020
2c78
33ea
72e3
dc05
6282
1a74
47f2
66cc
f101
0190
e660
34d4
59d7
76f1
d446
e5d8
fd1a
41aa
c9a6
c9d8
b114
7452
5ce0
0b60
1444
2568
5d62
7a94
b4da
268a
f152
e1f9
8670
ffbb
ae5e
61f9
aa91
d8f2
d6f2
62e6
f960
bafc
5e7b
7ee9
6e22
0c67
2afa
e300
da06
e6f3
0166
be1c
36e4
7865
d622
b0d4
e967
14cb
f81a
30f2
c612
f4e2
ee9d
bc28
91db
7ef4
f392
60d2
b0fe
dafe
73ce
b024
b032
b008
3b4c
b000
ffc0
41db
26ae
f8d0
e146
ae63
f8c8
7000
9af1
2aa8
1320
b2ea
13ac
ecdc
79ab
74a0
f23e
60ce
aaff
a8aa
f80a
dada
8eed
aaf8
0938
49da
d0aa
7aaa
fd72
60fe
f8d8
d77c
e6de
b4fc
fef2
60d8
cef4
745a
3789
5b42
602c
f2fd
adf2
6c5a
a22d
ecc4
e2ec
3ee9
cf28
e2da
eccc
4422
fcd4
f48c
f455
b7ce
d4ba
19bc
eba0
c150
ec00
bacc
cdb2
7bc3
50ec
00aa
20d3
4266
0a10
e170
c0d7
a343
8a60
08f6
44e9
d780
fcf7
77d1
56d1
d762
70f2
60a4
0e7a
d826
eaa2
ed80
cca9
7838
f390
eaf1
3a72
eaf7
c676
4cdc
f13a
d048
0cea
f7b0
d1d7
2843
ad0c
eb46
5203
16ea
30fc
2e36
fd6a
618a
fc52
21c8
f2ca
e914
70bb
c81c
60e8
98fc
6ce6
f6f7
62f6
29bb
5af6
5eee
eef7
4eb0
fc2c
e976
e202
46e9
120a
160a
ea08
209e
0a8d
ad2a
f70c
d206
f80e
78f3
14c4
ffdd
16ec
eff7
96e9
d96a
8cf3
e2d6
a9e6
aca2
b4a8
70ec
dc86
cd28
78f7
564a
fc76
4c3a
eae4
f2d6
54e9
f65c
f846
5ab5
1e4c
e9b2
f20a
58d3
ecda
9aca
ecda
02d5
569c
f5fa
12fd
e2b1
62f5
586a
f350
70d3
e809
19ba
ecdc
1262
4ab2
f2f5
fedb
69be
dcd5
fab2
f2f5
c039
d5da
9467
0ad3
6e66
c94a
4c00
9ac6
e6f7
2a58
a922
156b
42da
c6c4
b0c0
0f20
2020
fc06
cafa
020b
847c
50da
01b2
bbd0
e8ac
ec44
86f8
0a84
86f6
e9d5
1cb3
8086
76f6
6086
ed0a
cef1
f69a
a1fa
38e9
f69e
48f4
b0aa
6e37
aa42
f009
f55e
7aa1
ae68
fef6
9288
f6f5
925e
5466
ece9
4cba
0867
3860
f3c1
3b20
da76
3ae2
0466
d43c
9b30
661e
ed7e
e54c
5244
b2e9
38d6
e136
5072
63c2
4826
b3b8
ecc1
d7b4
6fb5
4af3
a460
ce52
f19e
ece3
f6ca
6eb9
5bbe
eb5a
c226
d12b
6d5a
5aec
c2f9
b636
f4b4
ca06
18aa
8017
96c2
cdca
393a
e355
c714
d900
c291
bcce
48dd
4a49
f49a
c67e
ac7c
ccff
95d0
ad5b
10cc
108e
f182
6890
c106
a2f4
94c7
a2c6
f80a
6063
abca
ff94
9616
96fd
2a4c
c97c
91ac
4b56
ff5c
ae51
3e99
f914
98aa
f0ba
caf0
cca6
5480
30d1
8cc1
e4a0
70bd
aaad
dcb4
6410
86f1
d8f2
0167
1487
c5ee
8900
6618
caf4
38a0
b009
b242
180c
e6f2
ec1b
923d
538e
82e8
3c65
e2be
7e71
6e63
ab6c
f4f3
cae2
1ad4
f19f
26e8
1216
d163
ec26
e80d
d38a
ce82
f86c
26ec
d526
5bd8
26e8
0b00
f2c2
dad0
26ed
c860
8a55
4126
e9dd
1928
eb6e
e25c
ac4a
f8e9
77bb
acee
f330
32ec
d32c
acea
f32e
b1d3
0c6d
1532
e80e
7eb6
916e
dae9
0540
eb7e
cd58
f36b
ad22
f3a0
fc4c
e80c
fe2c
c2a0
fdf2
52b9
53b7
4cea
d2cc
a0f2
5049
d2ac
4cee
f3a3
abce
99fd
d6a2
0ea9
f3e6
38cc
1412
995c
f2f3
2aa2
b658
ebf2
f27e
fc58
b5d6
d4e0
58eb
a4da
58e8
0e64
e80d
f276
af42
e264
ebf2
96a1
d518
64eb
b060
da02
880d
1f54
a495
2864
044e
bbaa
028c
2c99
3489
8d51
cbe9
0c9c
22fc
54fc
3089
d17f
bc93
aefc
8306
7204
600a
7203
60f8
1ff8
0660
0272
0530
385e
a003
be20
824e
56c1
e249
c87c
f426
91da
afb8
caf3
4e96
eb4e
8241
6004
8a25
8577
defc
2082
d3f8
0e2b
485b
4219
00c6
3d00
f0fc
d2f8
1626
0c78
4698
4298
0ef8
06f8
6616
eeb6
ca2b
495b
e811
00a4
88e9
90cc
f812
24b1
becc
f80e
14d0
7048
b39a
f810
48e7
0100
bdc3
cafd
1ae6
d34e
670c
0ee9
504c
ec80
7740
5b54
4e90
d0fc
4cdf
f2d4
b6a0
ecda
e150
c86a
ea30
540d
0fc6
6bfa
2ce9
87ee
31fc
ffff
8217
90f0
ab96
06da
4e61
d054
cb8a
a2a2
5278
22f8
6c12
7878
63b2
74f8
0260
dc2e
51fe
c0c7
74ff
aedc
e101
f8ee
eb4e
60c4
0101
0200
30ff
aed2
ae60
0ec6
18f8
02f8
06f8
010c
58f8
8a61
e63e
fade
94e9
87f1
5ae1
01c4
fcff
68f4
814e
bb6a
b85f
22b4
7a10
28d9
e925
61f8
e1f8
ea40
ec17
f80a
e291
f067
6260
d4c2
4a30
60fe
b600
b684
82c5
f08a
e3e6
f260
60b8
4e53
45bf
f447
4144
4953
4320
fffd
f042
4f4f
f2fa
54ec
fee0
4154
dcff
d0fe
5359
53c3
ea54
454d
f00c
78fa
f294
b97a
f365
c6d4
9c14
9101
6483
644a
f8b9
c5fd
ff3c
d499
ff5b
5e92
d95e
e188
e7f7
1f88
2240
2272
6108
002b
6d5b
685b
74a3
5730
10e6
10c1
c81e
04d4
d328
c187
fb22
8a68
430e
6470
0334
e9c0
7203
fb87
b388
564e
614c
df03
0067
18d2
34ef
f110
51c8
ffe8
6af1
5e0c
90ce
0f63
16e2
a422
89c4
18e9
e206
fa02
e1bb
6612
ca80
8041
e802
b8d9
01f8
7f8d
c071
0165
de58
4031
c052
f1f6
d24e
fd2e
ea7a
5ef5
1641
fafe
88a8
f400
6ce4
f446
37b4
3880
8ce9
013a
80e9
747d
e174
2268
0030
b3bc
f1ae
660e
8575
0ca8
e3e1
fd34
662c
c95e
4200
50ed
c2b2
f436
99d2
10f4
67f4
ccfd
1628
312d
0044
1870
1800
287a
ab6e
b1a0
fdd8
a8e9
58de
f2cc
9e34
8228
baf4
65f2
caea
e90f
fe7a
5824
2009
e088
e688
2070
d837
884b
4840
d6c7
2a96
d1d3
7f7c
2001
ea02
4107
ff67
0252
8021
6892
1204
d0f1
66d0
a67a
1e4d
b83e
3c02
58a8
d0b2
8a7f
9bf0
54cf
fff2
65de
11a4
e980
c8b2
8b3f
8c94
cee0
48b0
2db2
66c6
8db9
8c74
50d1
78e6
8ce6
b4de
fb72
f2e2
fda8
7201
c6e1
04c1
01aa
e975
6502
49ec
7000
7eec
f2d2
8d94
fc00
43e8
0652
ad84
53fc
62ae
d166
edbd
668a
3cfc
2200
f9d2
fc02
8442
5f20
d916
7cfe
fcc6
e1f6
9e6a
e0c6
d2fc
a641
fa6d
a472
b9ca
ec28
baed
20ec
481c
6397
76da
da80
f298
d592
e2f4
38ea
3852
ccfd
0ccc
fd2c
5b70
f261
c918
86fc
e033
21fc
fcd2
80c0
e11f
006a
e202
c1b3
4856
c8ff
fc54
0cd6
fada
bce9
f6d9
e60a
7dff
aa03
0861
057a
600f
60ea
0c22
0e44
0e66
7ff8
0e88
0eee
0aaa
0888
d508
ae04
6afd
ff00
0e59
e904
0e20
803f
8005
1815
1b26
39ff
ff36
3845
1754
0864
0972
0083
0516
8603
03ff
ff16
3a89
0302
1519
263b
48f8
58fa
677b
75ff
ff1a
8a04
0a8f
0778
1779
377a
ff00
23ae
3a87
ffcf
2f37
7ec3
eda3
ffe0
0efd
71d6
ffff
7979
dbdb
f400
c258
005f
abbb
2bbf
c2f8
ffff
00c7
f5b0
fe9a
85ff
f03f
8dbf
d363
a0bb
ffff
e181
c3e5
eddf
abbd
bbbc
785f
afc3
45da
ffff
00be
6101
bd7d
6142
009d
6817
850d
1080
ff3f
2eb1
fdf6
0003
e5fe
17cf
2ed5
1577
693c
fcbb
4d5d
da15
1ecd
d6d5
f3cf
ffc7
9c79
7e11
b7c3
0038
64b0
0397
daff
ff02
8411
98c8
0069
1d88
4643
5f00
1d84
66ff
e150
0bf9
efc1
2c21
da6a
ee7e
a8c5
ffff
a680
8a9b
6296
d52c
596d
58c5
4559
70ac
ffc3
0a17
ffc6
1367
1459
dfc7
e163
17ff
ff7f
ef01
a25a
96b8
7e55
d46b
7f40
01f5
bdff
ff42
104a
2502
0944
eb40
17ec
f8e7
e000
58ff
1f44
a940
108c
6610
04a7
faf4
43b4
d1fe
ff78
a395
e572
a2a6
c8bd
4d91
7a9a
4005
ffff
ff35
1f93
baeb
f5e6
ece2
82ce
28e3
d63a
ffff
f1fb
6e56
3d80
0a75
a000
cc64
02ea
1615
ffff
f200
2254
2002
50b8
d73a
0021
0a32
0214
1ffe
663b
bf60
0420
f435
5357
769a
22ff
ffd3
442e
5115
3645
ea6c
88b6
6b8b
6edc
7e1f
3ee4
008a
5e78
a2b7
2ce2
8c7b
dffc
ff25
1ecd
001a
8d00
1bd6
8944
2774
f8ff
ffcb
df7d
719f
e780
d4b5
2f31
d76f
d766
11ff
ff2d
4b52
f31d
670f
d7ee
4008
d680
034a
d8ff
fff8
c597
08ab
d62c
b8b1
0b9f
dcf3
eed3
401f
1e06
b1fe
60b3
8ab6
a330
8014
feff
e001
1404
250e
3518
4513
5639
6779
75ff
ff14
8103
0016
2f27
7882
0405
1636
8305
0cff
fd16
3728
f984
0515
177b
8518
f105
0d16
3aff
ff87
050f
1776
8805
1018
fa89
062e
8a06
32ff
ff18
f88b
0511
177a
8c06
388d
051a
8e06
33ff
ff17
778f
0512
ffa5
289b
26f8
5af6
706a
07ff
ff3c
dee0
6f21
195b
56d5
77fc
ffee
efcf
a0ff
ff49
7f04
c860
10ef
07bd
ffd4
f54f
99f8
dfff
ff9b
d93d
98ed
a637
9ee6
d5b5
6c58
59fb
14ff
ff6a
3c8c
5518
4310
79dd
cce5
7b9b
b46b
6cff
fff5
6e21
61f2
1e8c
731b
8ed4
a384
db8e
cc87
ff20
fed5
ac2e
3bce
f413
0a9b
655d
ffff
936c
f9a9
cdd6
af78
22bf
5f99
1f09
1cbd
ffff
4da3
9d35
f7e3
f3bd
3bd6
9af4
89e8
381d
ffff
3bae
0647
ebf5
959f
bb0b
8b07
e57f
33f3
ffff
d412
2cb7
6878
8350
41ed
f398
8eb8
5d28
ffff
8e5e
260e
7205
4e64
6767
4bbd
b025
97ec
ffff
8eac
b3bf
98af
c7af
84cb
8610
8f39
8520
ffff
8877
0ad2
dcdd
7491
a250
2ae7
c0c2
ec69
ffff
f9c7
f551
bad1
bb0f
3289
be00
b0be
1703
ffff
b990
4604
e977
3b04
6395
2e31
73db
15b9
ffff
ca8b
3fd1
5294
a53c
fe75
ed5c
0c86
5cc9
ffe1
aed0
b366
c6b2
09f9
dd86
083f
dcff
ff5f
7763
2bcc
1a92
d703
bbd3
f3f9
895d
a1ff
0f97
af86
111f
e8c4
6581
c3db
fbcd
ffff
c9a6
a94f
3af3
5fd2
fbdc
7c87
a31c
c6e3
ff0f
b51c
2936
e3b3
083f
b56b
363e
0eff
ff2d
04c2
d6df
d24d
a724
5a63
3afd
455b
faff
ffca
a649
eec2
e95f
f95f
ccb2
43a8
246e
1dff
ffa1
79c9
a820
f05f
369e
1788
5cd9
4724
acff
ffc4
b0a7
b89e
61eb
8ce4
9fa2
223c
d7cf
d6ff
ff51
aae9
70f3
2537
c016
17c2
e077
3208
c0ff
f69d
2ee7
608c
72a5
c62e
45d1
0309
e101
05ff
e110
12c2
0488
5011
0480
14f5
9a21
ffbf
5442
6005
0501
3438
1140
5111
8114
04a1
ff64
c9c5
f15c
35a1
401f
0200
8810
07c3
7fc3
80c8
eba1
38b4
9401
00ac
580e
f8ff
ea1a
1393
b1a9
a81c
5d8d
42e2
68f7
ff6c
0ff0
05b5
da00
390a
4106
0181
8090
29ff
ffaf
f850
524f
4455
4345
4420
4259
204f
520f
8320
554e
4445
fa4c
49ee
3034
87c1
d720
46e1
4dad
c320
0408
ef54
e6d2
49c3
fff3
532c
df54
442e
ff14
1108
0d17
0338
1100
0df8
fe19
ca00
1c84
80f8
80ff
1ded
8731
ffae
1107
4400
adf4
3f8c
31fc
0b48
fc66
fc84
c678
fc93
fca2
fcef
01e0
f8c7
d30a
c90c
f280
0580
39fc
ffff
0cef
00f0
0a01
0208
a91f
8001
a540
e7a5
df18
02f7
0008
5d11
e2f8
0fb8
e2b5
52e0
e2b5
e27b
e2bb
8f3d
05c4
0ce0
40fa
39f1
fc0a
8007
421e
f1a6
34f1
c112
7e1c
f3c1
3ff2
f232
01ff
3f1f
fee3
ff19
0604
0708
0505
0419
ff11
7ffc
8918
8704
3772
7749
e81f
070a
0700
c30d
69fe
1f0f
fe23
20c0
80fe
82f2
fffc
57ff
81a6
714b
c619
a772
4cc7
1af2
ffbf
eb14
3a38
121a
063b
3913
1b07
015f
d457
fff8
09e3
40d3
f25f
4344
5fc7
f1ff
f187
7f91
7941
4df1
4152
5452
4944
4745
8ad6
dbfe
ebfc
a424
fca0
0902
ac76
ed24
02ab
0002
4101
d6c2
3956
3103
5631
03ba
2e68
f239
8491
05b2
2241
da39
0274
28c2
7e61
fc12
227a
ffb2
3ec9
2049
61e8
e349
32c0
aa00
3026
48ea
9c7d
1b24
49e8
fe0c
7801
4acf
2993
a2ce
0c61
6c9c
d820
38d4
40d6
c17e
3170
7aba
f882
f8f0
8600
6cf8
4af8
8af8
fd8e
db0e
e8fd
92f8
fd96
e8fd
d8f0
fde8
24c1
1f98
08ee
24c9
9643
fafe
ce26
06c7
f886
28fc
d491
07da
e660
8c06
dce6
fdc8
e68e
f163
e692
e6c0
42ad
5bae
fcb2
0c1e
fce4
6efa
b20e
2a65
8231
5b90
4a68
c1d8
ceb6
463f
a260
3e0a
b90a
5a22
4a24
fa31
eaf8
b1b6
b588
670a
fc06
188c
fcce
795c
d2d6
fd40
3b84
d60c
349c
c10a
2ed4
45d8
1dfb
7e32
7049
0ba6
dc58
d4b9
aee0
8031
14ea
8004
0096
1c74
2960
f0ca
d6d4
42fe
9ec1
5222
03c6
7120
00f2
c20d
d000
f6ac
c4c8
dcf2
60ec
910d
c8eb
8a64
0a70
e2ba
1a31
ffce
ccaa
b6fe
315e
f0be
f00b
dcda
65e6
eafe
3c84
ee02
60c2
d249
aaff
c300
4a06
4e4f
545f
4558
4953
fa5f
7f84
0055
4e46
4f52
4d41
f5f4
071f
48e7
3020
aa6c
f1e4
6526
36ff
02f8
0d08
651e
4a40
6c48
b96a
4c18
70fd
c638
7622
c30e
7603
5204
0ce8
0aff
ffc0
f1ea
fc68
ecc0
3a26
f8e9
48c0
a432
006f
6602
5341
b8df
9126
0040
44b9
f834
0053
42d6
f27f
d44d
ed5b
9a26
1642
96ba
8eb1
90f1
d3fe
d065
0c4e
224b
def1
9067
082c
83ff
8751
caff
e460
2620
7afd
7434
2ab3
428a
6f46
e1c6
d1b8
80c3
10e6
f812
ec0b
30fc
0e22
377e
5c7e
86f4
cee9
12d8
4e5c
28a1
7e58
f164
c8a2
0030
3018
989a
5340
8824
f1d8
c48c
a28e
ea92
62f6
7b21
880a
247e
f13e
d4c1
f4a1
9224
01d1
dcd4
dc78
087e
0084
f6fe
09fe
6618
d49c
3eb4
d6da
5af4
485a
f1b8
b260
c6b1
06fd
58fd
ea80
024e
ea4c
319a
a102
0048
a731
d7c0
0076
4876
2676
f809
7cfc
b107
06de
b2f6
8ca9
9a08
286f
07c6
8aa1
1060
1e84
86c4
1b0a
e496
9f00
9af1
4039
b492
9cf0
a03f
b0a2
c00e
f760
913e
990b
6ca0
011e
3a5a
f1fe
8afb
f665
14da
38ea
c0ba
6800
1f51
01c4
8101
0a3a
c660
6692
eefd
00f6
d010
707e
a8ee
6cf2
3200
6e04
7cb0
2c64
f00b
eab8
28ea
5afc
66e3
e2f1
063a
d0be
3cfd
d780
f1dc
38b1
207a
fbe8
3406
6f0c
78f0
0b34
f158
17c0
c8c4
74f1
5cf2
924a
68f1
3ba6
1216
36fe
0766
be7c
324d
c660
0e22
ff8a
f084
f182
e409
1d60
524a
7076
f80e
c045
0eeb
76c8
43e9
ef45
eab1
1934
eb08
e4e0
ae92
98a1
c813
72fc
d133
1082
468c
33f6
0c66
0b6e
52fd
fa65
6c11
e242
ea08
bee6
e9fc
f761
e6e8
0938
3e6c
ea0a
104a
405a
0108
751f
8ef8
1168
e80b
6ae8
0905
3a6a
e809
07fa
6708
1b4c
0ee6
2cd9
c8e0
e6a1
20ee
1f5e
00e4
0814
f6e1
0136
0096
4255
43bf
502c
9626
7afa
be4a
eaac
d7d6
f7b9
e3a6
fc8e
80a0
fe04
dad2
7ad0
8e28
d290
d2fc
d9d2
ff74
00fb
1fee
0ec4
8ce9
d442
220b
92ba
fa6e
82fe
0bf4
8048
414a
4167
0606
814b
d2ab
1ff4
3541
c711
fe01
52ff
fa65
2c35
44de
61ec
c74a
224c
a2da
079a
f6d6
c2bf
6206
0a51
cbff
8810
e0d9
e2f2
e8a2
581a
ec7c
1ce4
f009
3e09
4e1d
bf76
3a71
0974
f876
43fa
f9ce
7c7d
dcf3
2206
da70
c4d2
3ada
3030
003f
f883
8640
301f
2048
01c8
c2c9
16f8
eb08
f6ac
71ac
dcfd
20dc
f817
abf5
aa88
f2d0
0a4e
f20c
dd08
10d1
72fe
3c3a
87c3
2849
3801
223a
0174
770a
1fc6
2448
0c1a
002a
0c52
423c
e02d
f6f2
94f1
4c36
0096
e958
b681
eaef
b43e
f446
e809
2649
4a44
6f44
a2fc
0306
fc7c
1ae1
02c4
983e
661e
4a3f
8d45
6f04
5345
6010
2cc5
4ce1
77ec
60fa
d8c1
5344
0c42
4ee9
0890
b11b
a2f1
9ec4
70fc
5c3c
70f8
0921
1e3d
3202
3001
34ca
5891
1f61
28fe
f0fa
0120
4f61
2054
fc10
62fc
35fc
4299
fefc
1079
84cc
3200
e049
120f
e3c1
ed48
5d42
f461
f2a6
08ef
ff64
f872
0892
29b9
1018
e368
5042
5347
64c2
00e8
26ca
ac10
19da
3b6e
fce5
4888
89a8
e9f6
e858
ea89
a93c
1ca4
2a74
029c
611a
e801
03ec
e8e2
aadc
8cfd
f6e4
48e2
ab9c
f809
10c1
e148
18d2
519c
60d4
f09a
6268
68f8
2a98
fc19
985c
98ff
03f7
fe48
f282
d0cc
e29e
7e07
64da
1010
7c07
120f
6f11
e308
e311
5851
ceff
f658
da50
d80d
b4cf
ff1c
c900
c0cc
f814
8098
46ac
cc10
cc10
81d4
a844
caf4
aceb
ccff
d0c2
f0d2
d07a
c872
0414
e408
12a8
ffc0
d654
89c8
7a72
0012
3b00
1c12
0fb0
3010
00e4
098a
f800
3031
fcf8
fd38
f881
c02d
2e2f
0811
fbce
1a23
2cb8
f810
19e5
0810
b8f8
0a3f
0029
40b6
d2e8
116a
b91f
fa07
ce12
2d5b
a4e5
0911
81f1
ccfd
f6a5
f638
38fc
4842
7e00
ff1f
1687
1087
1887
7001
7e01
1780
7000
00c2
cafc
3819
f000
1f06
5247
b447
64ec
de42
33f4
18fe
fa7c
00fa
4a31
6000
670e
7f88
3207
9246
5341
1033
a2b1
3f0c
e652
46bc
4265
e4e0
11b3
6038
f4fe
c8fc
beee
ca32
02c0
30dc
a43c
07e0
1030
f481
ecb0
f659
6518
11b0
fa60
4c9e
fa10
34d4
b491
e3f2
19f2
bcd8
c841
dd8e
65ce
9cf6
2100
08d1
9edc
51a4
5302
fe5c
ea61
ccb8
4a40
6716
123d
3e34
0068
d961
1cb1
2ac5
4961
1406
f8f8
a5f8
c20c
4700
061d
fe65
d6fe
ec10
31d4
d041
6002
9042
1f40
b042
64fa
5240
52cc
aaf8
09c0
44ae
a8a6
aad8
e0ac
c0a6
b651
1a6c
73b9
40c5
fc90
47ca
f80d
e2a7
a408
65d0
386c
4aca
6742
7630
02b8
f1a7
8898
7810
9cf6
a6ea
0ff6
9092
ffe6
6908
6418
7207
92d8
1bc0
e4b1
2cf1
08ee
00fc
9952
fe42
f2ed
6004
08d6
0004
5cfc
72f1
f776
42b1
40c0
8421
0824
08c2
e100
7e71
80c0
fcd0
fcd4
4020
42b1
58e4
dac9
de6e
ec36
c9e4
2248
3af1
e8ec
41ec
2f68
d282
8707
ecae
0106
fa20
5f2f
09ea
a8f8
c201
42c2
4cb3
d8ed
7e07
50e7
76aa
0362
711c
e1ff
0af6
3b1e
4a52
4370
e9ec
4ae2
6706
1dc4
ead8
5e69
8c40
30b6
caf8
0c7a
39fe
5cac
d4f6
90ca
f811
8e08
b2d9
031c
bc41
fc5a
f4fa
b5ae
b28e
3af2
a867
0c1a
6999
8853
ecb4
64bd
eeaa
ee3f
6948
53ec
225f
17a2
4c5b
ec67
185c
5bf8
10e2
7e1f
2cc1
2e5b
ec52
6e00
02ce
7102
2449
36fe
f896
e634
0894
43e4
429c
e8d2
c2f1
3fe2
4118
d822
4ad2
c1d2
41d0
c108
eefe
b053
c2fa
a51c
8ffa
a300
1ffe
5941
6d0a
0548
ee22
c250
8860
f2c3
2158
4153
f008
12e8
f054
5887
f276
e100
e4b9
92f6
0c41
0c10
bf6c
8988
f440
2408
2608
fd4b
82f2
3684
f00a
d640
2043
9488
e49c
f3b0
6e7e
6e26
4876
b6ca
c202
f0e0
c120
5c1f
d202
323e
d170
e902
5241
c2fd
bdc8
bea9
b690
81b0
886e
8c69
fe26
10db
7e08
912c
83e8
a502
2839
07bc
b1b0
d4c2
d442
0ef4
3008
34a4
204b
c1c2
bb49
42f2
eeb4
6a20
5fac
f4fa
b2af
076a
f245
faf3
6a66
f66a
f6fb
bc43
eaa7
2d02
61fc
e4f2
fc28
66f3
e806
f2d6
18d2
2a02
f6d2
ff26
d20e
7377
d8b6
f24c
d2fc
225f
c0e8
0b00
24f0
85fa
32d4
0302
40e7
a2f2
62d7
5ed2
c146
dfa8
f422
d3e4
a2f6
2419
0560
c977
fca2
f009
1159
a2f0
0d40
60da
06b5
8966
331c
1260
f6de
f409
6606
8485
f428
62dc
0602
dcfc
e82a
7e14
6062
04b1
eefe
ca04
24d9
60f8
0e60
cc04
e2f6
e4f8
09d3
e7ff
46ca
01d5
fa14
9154
4954
4a55
41ba
826e
18d9
e0fc
f8e0
4ae1
76c1
107d
9bae
f15a
6cc1
e836
0053
d6b3
457a
c138
e2fe
ea70
ead2
8654
f148
434a
4366
af70
0252
40d0
695c
b17c
c50e
46fc
27f0
dcd7
52c0
1704
3f04
e84a
e8f8
0d4d
6346
df22
b974
8c00
e6a2
7480
3a8c
aa52
98c3
8afe
00fa
16ea
e85c
8af8
096c
908a
f842
58f4
07ee
ee1f
8ac0
097c
7802
c101
78cc
e126
4abc
b302
fdc6
284b
e2b3
0230
13b0
5210
0914
faff
0f04
3012
6028
5244
b244
6e00
ffe4
3ff6
583a
0352
45b2
45f4
d0aa
f302
52f7
ae42
3a02
54ee
fcbc
600a
9cfc
1e3e
509c
bbf6
b2a6
60e0
c6c2
3401
20be
80c9
dcbc
9afc
88df
5832
02e2
4122
4a9e
d974
6606
76e3
dbe8
d4f8
0d20
d4ff
5cd4
ff48
d4ce
ebc0
7e1a
004e
41fe
4000
5bba
f83f
8044
6fce
3e42
f0a8
227d
5bac
a6e9
037f
ff12
f809
8060
227a
f08c
eeec
1011
12bc
005a
618c
0c11
fc66
16f6
a56f
ddf6
a566
0c12
d6b5
0688
51ca
fee0
c08e
e9fe
b819
1251
2630
18b4
1865
fc63
06b6
5e96
a47a
e9e8
04ed
07d0
fec6
f139
415a
ff7c
0500
fff8
0900
f000
0000
0000
ffff
ffff
ffff
ffff
ffff
ffff
ffff
ffff
ffff
ffff
ffff
ffff
ffff
ffff
ffff
ffff
ffff
ffff
ffff
ffff
ffff
ffff
ffff
ffff
ffff
ffff
ffff
ffff
ffff
ffff
ffff
ffff
ffff
ffff
ffff
ffff
ffff
ffff
ffff
ffff
ffff
ffff
ffff
ffff
ffff
ffff
ffff
ffff
ffff
ffff
ffff
ffff
ffff
ffff
ffff
ffff
ffff
ffff
ffff
ffff
ffff
ffff
ffff
ffff
ffff
ffff
ffff
ffff
ffff
ffff
ffff
ffff
ffff
ffff
ffff
ffff
ffff
ffff
ffff
ffff
ffff
ffff
ffff
ffff
ffff
ffff
ffff
ffff
ffff
ffff
ffff
ffff
ffff
ffff
ffff
ffff
ffff
ffff
ffff
ffff
ffff
ffff
ffff
ffff
ffff
ffff
ffff
ffff
ffff
ffff
ffff
ffff
ffff
ffff
ffff
ffff
ffff
ffff
ffff
ffff
ffff
ffff
ffff
ffff
ffff
ffff
ffff
ffff
ffff
ffff
ffff
ffff
ffff
ffff
ffff
ffff
ffff
ffff
ffff
ffff
ffff
ffff
ffff
ffff
ffff
ffff
ffff
ffff
ffff
ffff
ffff
ffff
ffff
ffff
ffff
ffff
ffff
ffff
ffff
ffff
ffff
ffff
ffff
ffff
ffff
ffff
ffff
ffff
ffff
ffff
ffff
ffff
ffff
ffff
ffff
ffff
ffff
ffff
ffff
ffff
ffff
ffff
ffff
ffff
ffff
ffff
ffff
ffff
ffff
ffff
ffff
ffff
ffff
ffff
ffff
ffff
ffff
ffff
ffff
ffff
ffff
ffff
ffff
ffff
ffff
ffff
ffff
ffff
ffff
ffff
ffff
ffff
ffff
ffff
ffff
ffff
ffff
ffff
ffff
ffff
ffff
ffff
ffff
ffff
ffff
ffff
ffff
ffff
ffff
ffff
ffff
ffff
ffff
ffff
ffff
ffff
ffff
ffff
ffff
ffff
ffff
ffff
ffff
ffff
ffff
ffff
ffff
ffff
ffff
ffff
ffff
ffff
ffff
ffff
ffff
ffff
ffff
ffff
ffff
ffff
ffff
ffff
ffff
ffff
ff1f
6d63
5f42
4e4b
3032
2e53
3238
201f
aeff
4efa
0906
fc0f
9400
fff8
fcaa
aaff
f8fc
fff8
fcff
f8fc
fff8
fcff
f8fc
fff8
fcff
f8fc
fff8
fcff
30ff
f819
4eba
06ae
522d
0006
f802
fc0c
63fc
0376
fc05
5cfc
7e18
fefc
04f6
fc00
0a19
6d00
020f
ff00
114e
7542
dc0e
47ed
0080
7e07
e1f1
d6fc
fa4a
136a
04e2
2451
c303
cfff
f2ea
0500
1b7c
ec80
89e0
e4e8
fd0c
dce0
3fe4
c853
2b00
0b66
1408
9300
85f1
e816
fc01
08f8
d260
6378
0005
64f4
10f8
00b2
246b
c01f
e4e0
017a
001a
1a0c
c67f
b5e0
6574
06ea
60f0
4a05
6a0e
0c8f
d414
ea6a
0653
4a31
0ed6
28f2
6cf8
2004
c30f
da80
67be
0241
fa06
02da
ff43
a008
0245
007f
e34d
3770
50e4
1018
428e
274a
b017
ac0c
18c6
8808
13f6
6636
36f8
10e8
f00e
000d
27fa
2830
e04c
fa1c
bcee
30c3
0f00
3127
48ff
2001
0018
4271
18f2
14fc
1642
b212
170e
87ec
0700
13b8
1005
12f2
ff03
0253
0167
04d0
0560
f817
40ae
8670
fc0b
e84a
ea0d
670c
1c1f
280d
6656
047c
584f
023c
ec08
f2ba
0066
263a
0c7f
f810
10fc
0f48
80da
4032
05c4
c3f6
ea00
c019
c80f
610c
1941
4fe0
49fa
0784
37d2
ceba
3266
0cc8
fd04
e623
2a64
ec31
6708
a640
86fa
4724
dee8
c201
4adc
fdfd
4041
f952
0ef8
4670
0072
5bec
e549
20ff
8730
1000
2200
e148
4841
1001
32ee
e11f
1437
9814
b041
6406
046b
1efe
80d2
1602
401f
ff06
40de
6138
e616
ea62
02a0
066b
0286
0ee8
2cf0
208c
f124
20e9
88fc
18b8
e309
d20a
f100
9c80
620f
203c
ddf0
ffda
aabc
8064
0220
069c
8092
8053
ff0f
8010
da52
4851
c8ff
fa4a
8167
12e1
ff82
20d2
1c90
ab00
2c95
c0dc
8020
bf0f
0160
d64a
8666
0eea
f80b
2c00
2746
c60f
f17a
f124
3613
6b06
2748
8ac1
986a
f196
f52a
12d0
9cf1
8010
06e4
faee
1214
fee4
8ef4
84f2
f441
fa08
8a20
18ff
df67
6c6b
6a53
4022
58d3
ed00
104a
2990
f143
0c58
2469
68d5
f232
9f0e
f20e
3a01
e959
5002
450f
f0f7
9bf0
0436
02e9
5b02
439c
f30f
38c3
c302
0c42
0c63
0438
3cfa
d45f
1845
9845
5344
47ca
f186
d6c5
c221
fe16
384b
51cc
3804
f6b1
de52
90e9
51cb
ffce
289a
87f0
86f1
ad00
0a9c
43a0
0a16
2d87
3f00
0378
0330
1011
1200
4219
0c1c
878b
8165
34fa
8f63
fc78
8c3c
f8b0
6526
faaf
f118
f238
f8e0
6518
fae4
3ffc
f234
600e
1430
f9b4
0365
0616
21fe
021b
7809
98bc
4a03
6b04
10a2
1b68
03a0
04b8
c778
52e9
5e60
daf6
b0f6
5460
d08c
3ff6
e0f6
4a60
c67e
001e
0cdf
8a09
67d7
066a
0002
d0b4
e363
a409
0c07
8624
fa86
0891
20f8
8616
fa22
4486
bef8
8608
fa1c
1c86
022c
a244
e172
45c6
7fb6
0604
cc02
4700
7fe5
4f24
7270
0c3e
d2f2
204a
a42a
0120
db12
fc76
a305
f0fd
c3fa
015c
4a34
e243
fa00
6861
f814
3cf8
5347
d230
1ad0
88e1
d727
40da
375a
0008
1019
16e9
46ef
310e
eb08
fa0d
fc0b
1910
c366
ff09
faff
5519
00e1
6bf6
dc17
1602
170b
6d42
000a
3ef1
4c00
30f3
0b04
e5ae
2308
ced9
8034
d486
e9ff
3067
0102
0304
0507
0600
5805
5836
1e58
b058
f814
0358
0258
4a56
e168
ffd0
68fc
a4da
74f1
ea01
ef1f
ee48
d6c0
224b
30ea
1f42
994c
f1fc
5544
369a
4cf8
0e94
e00a
4ef8
2654
fa10
62ff
72ea
ff0f
4c92
4038
5692
4814
670a
3e4a
fa17
6706
53fa
3cd9
f0c1
eed1
0e1b
6d00
16f0
fad3
61e8
081c
ec15
ddfc
180e
d920
705b
9d84
0964
0840
e909
38d9
070a
e00c
b6f0
8cee
f5d6
98e9
ce0f
6718
43cc
6b18
0cf8
02f6
0c45
cd66
11da
f1f2
eada
ccf1
0fc7
23da
0067
208a
0166
1a8c
8c7d
ff01
418c
32ee
f170
0852
28d8
624a
d0c1
fef1
f85e
d996
0138
a9e6
0208
eb8e
f0f8
094c
d6ee
0e00
dbe6
f301
ad7a
f210
0786
f1e0
e543
2198
fb70
f2fa
92e1
fc62
c618
fc1e
fc22
fc26
0342
7860
16fa
b216
0e8c
6c15
ccf2
a286
6c6a
ebf8
4efc
f8fe
225c
ff0e
1020
4d30
3c02
3f42
986a
f22b
412a
1ef0
0cf4
3aec
64ea
08ba
0006
0ef7
a7fc
2616
3e81
7207
3ada
3e01
eefd
1950
e174
ff30
f1ff
10c2
a2dc
5443
51c9
6911
ffe4
ce00
1ca2
fcfa
7f18
8c41
faf0
5491
eeec
2b48
feb0
a460
b04d
fa02
f04b
ee4a
49e8
fff4
d20c
e3f1
0401
1301
2401
3501
48ff
ff01
5b01
7001
8601
9d01
b501
d001
eb02
08ff
ff02
2802
4802
6b02
9102
b802
e103
0e03
3cff
ff03
6e03
a303
da04
1504
5404
9704
dd05
28ff
ff05
7805
cb06
2506
8406
e807
5307
c408
3bff
ff08
b009
3d09
c70a
600a
f80b
a80c
550d
10ff
ff0d
e20e
be0f
a410
7a11
8612
8013
9614
ccff
ff16
2417
4618
de1a
381b
e01d
941f
6520
ffff
ff23
3025
2627
5329
b72c
632f
6331
e034
7bff
ff37
7b3b
413e
e842
0646
844a
5a4e
b553
79ff
ff58
e15d
e063
c068
ff6e
ff78
3c7f
c283
fcff
ff8d
1497
809d
80aa
5db1
f9bb
bacc
77d7
51df
37e3
33f0
b504
456e
f14d
4efb
506e
f27c
c618
fc8e
fc90
fc92
6363
fc6a
fc66
ecfd
c4fc
c68c
31fc
56fc
c8fc
cec6
d8fc
4afc
46fc
42e0
fc31
c601
48fc
44fc
40f0
586c
2ef8
542a
f2f8
4cf4
fc01
1c63
b001
78fc
88fc
8a24
d7fc
a8fa
7101
9ec4
ec4a
ee6d
1017
52d2
e15a
48da
17fa
04f2
daef
fa04
f6ed
05d6
f80d
101a
6b0a
d108
e965
a6f5
123e
c908
f664
080c
ec3a
eb14
678a
13f8
eee2
7ae3
ee08
d3b8
c608
a20d
a80e
ae51
ecf6
01a4
3af1
fa0a
84e3
1a7f
7741
fa02
8a58
48e5
4819
c900
d1e6
d917
6873
ec36
c130
fa31
fa0d
ecc1
36d0
c722
f800
e6ca
2749
0028
fce1
1c24
27f0
0400
1cfa
20af
0efa
0800
2c28
c730
c00b
48f8
0a30
286f
3880
3200
e048
d8da
20f4
08d0
4166
c9f6
09f0
1ec1
4c4e
bc71
e8fc
9e3a
0e67
ca06
66e1
03c2
f050
5ee1
5ee1
48fc
d4c0
53fe
0f4a
50fc
121a
4a33
0040
6604
1781
69e1
fa53
f6de
54e6
fc92
0a59
0b77
0027
8aea
d1ac
0a60
c8ee
fc24
7380
acf0
e058
eca2
f3ad
e06a
e21a
c8f1
0806
c91c
e1f4
1ae2
74a1
8508
11e0
021a
e1ca
1ae2
4a31
3692
e2fc
befc
e8f4
fdca
c600
fcce
34b0
f84e
cecd
ecfd
e280
ff98
f192
f0be
43fc
f9f1
0106
0143
dae1
26f4
fc58
8c43
fc8a
fcb0
c8fc
fc18
e0f8
012d
f8e4
d019
9f0f
ef00
e0ff
8060
c6a4
6030
f0e3
f6fb
a40c
e706
a406
fc12
07c0
0c80
2480
fcf7
f401
e0e7
0cf1
ecfb
f6ff
fb43
e1ef
01ce
ff80
30e6
38e6
19d3
f700
4095
58f3
ea03
00ef
f80c
18b5
c0ce
4803
f7d2
fdcf
ef03
c2c4
00e9
06de
0ee7
0887
d7ff
f602
fff7
dac3
74eb
ef02
e6e1
14d4
d060
e786
1ffe
d2cd
30d4
cdd4
e268
7a1d
bfe2
02bf
e203
e111
808f
ead8
d4d0
e110
cb08
e1f5
d9f3
d3fa
30d2
3f40
12d0
ce0c
24d0
3cf0
b4ce
018f
2af8
1177
7306
8012
c808
2f2b
f4f5
0050
f1f9
facf
e283
f809
f1fd
c9fc
84d0
d7f2
f29e
f104
0001
9418
6348
fc58
fc78
fc68
6cbb
fc88
bbb1
c8c4
a216
b0ea
01ab
3b76
89a9
192b
b3a3
0140
fcc4
12e9
08ac
0a38
f105
45f0
cd28
0c43
fb32
bffc
0d2c
f4a0
f8ff
ec0a
8232
0c21
3f06
1d4a
8a04
2bff
ff08
2123
a21e
8417
421b
2430
2223
1b37
31ff
ff3b
a316
5581
c88e
4d2c
c0af
209e
0e9d
85ff
ff4f
2398
1416
b226
4c37
a6af
b8a3
1da1
cbff
ff9a
bc08
b1e7
9694
d7c2
b0e2
ecd7
deb5
caff
ffea
dbd5
e7e8
eae5
e9e9
e4e2
e4e5
e3e0
e1ff
ffd8
c7d4
dadb
dbda
d9d7
d6d5
d4d3
d1cf
cdff
ffcb
c9c6
c4c2
bfbd
bbb8
b6b4
b1af
adab
a8ff
e1a6
a4a2
9f9c
9c97
030a
8b4e
0707
ffff
0c24
2d17
1c2c
2e38
4839
1f23
3b49
6467
ffff
3a29
4142
446d
5c63
425f
525d
6f52
5359
c3d1
2b63
79ff
7870
76fa
ffff
ffff
7775
7472
716f
6e6c
6a57
5057
4540
585c
ffff
4233
4649
424c
504a
4930
3e25
2e48
4f45
ffff
434b
3b1d
1383
8a11
290b
0510
919c
06a0
ffff
9f8a
aea3
8fa1
b9c4
c0b1
b3b9
c0bb
cac0
ffc3
cfd8
bfbe
cde7
c0c1
d5e3
e8f3
df0f
f0e8
d7b9
d3e1
3e55
dbde
e1ff
ffd4
beca
cfd3
d8d6
d9d3
c5c6
c6ca
d3c9
bfff
ffa9
bdc9
bbbc
b594
9bae
afab
988b
95a1
a7ff
ffa3
9799
0005
040a
0d0a
0a14
1d10
8282
06ff
ff07
1d2b
170d
1b1a
1823
151c
2926
2f34
2387
ff24
3e33
107e
352e
282d
3e41
3a37
7ff8
2f36
3f39
3825
2934
f71d
2e2e
34ff
ff2a
2228
262c
2814
1922
2314
1f0f
131e
21ff
0f1c
0f09
0e1a
1609
110d
8482
8185
ffff
af03
8a93
8a85
8897
a59e
8a87
9fb4
9f95
ffff
9ca6
9f9c
a09d
a8a6
a5ad
abae
adac
b1b0
ffff
b0b2
9bb1
b6a3
a9a2
adb1
aab1
a8b7
b1a7
ffff
b1ac
a4ad
b3a8
a2ac
aca8
9a9c
b0b8
a8a4
ffff
a4a5
bbad
a8a7
afaa
9e99
9a9b
958b
8a99
ff3f
a7a1
968b
939d
9990
8b99
9c9b
9692
9afc
fff1
9599
9591
9fa2
959a
9493
959f
a9ff
ff9a
8e8f
99af
9d8c
939e
9f9f
a394
98a0
96ff
ff94
9590
9291
8e96
919a
8500
8c87
878e
90ff
ff90
8c89
8b81
0684
898e
8506
0381
8205
12ff
ff01
8306
1014
0f10
1714
1615
0f1f
231e
1fff
1f22
1e1c
2726
2933
2b23
2321
2327
24fe
0ffd
281a
1a20
2129
271d
252e
1ef0
ffd8
1f11
131d
1613
1813
0c1a
0a04
f0ff
10fa
0604
0303
0784
0001
0700
87f0
3f85
a384
868d
908d
8c8f
8f8e
8d1c
fef5
8d93
8c12
8f98
928c
8d8b
c310
909a
9a8a
9296
4f8e
20fc
6c4f
91eb
a39a
8485
a37f
38a8
9592
8a93
9298
9f39
949f
9304
f8d1
9058
258e
0090
87ff
ff01
0082
8584
0408
0805
8e0a
1317
0c88
09ff
ff1f
150d
0a1c
1916
2106
111c
171e
1820
2a0f
c314
1725
251b
6d22
20fb
29ff
ff25
1a13
2731
1f10
0f1d
2026
150b
1a15
13ff
3f24
2210
1220
1e24
1c0e
171f
171c
2313
fe1f
3014
1c1f
160e
090d
1413
0b0b
3f0c
510a
070a
0f03
a582
81ff
e10b
0302
8301
8284
8b00
8875
8801
f087
05f1
0589
8187
8685
8183
7ff8
8183
0508
8302
0602
ee01
0204
8710
7e89
d881
f409
0b81
0703
0408
e1cf
02e5
06c5
8206
c3ff
0f81
0906
8202
0a02
010c
0d0b
0410
0004
d20b
d39b
3e84
d505
0e0d
0c04
d506
f8fe
0083
b6e9
0d05
0004
0609
c7ff
c38e
070b
0a03
070d
0686
0506
2109
f085
0190
0a00
8388
874f
a98d
f087
84fd
8988
868a
8c8e
8cff
ffff
858b
9391
8e92
898a
989a
8a87
9689
8d8d
8787
928c
8b8f
ed93
819b
8e5b
ff10
8b89
878a
8888
8a8b
85ff
06c2
1049
01f7
0805
a40d
fe0f
b400
0812
0a83
0a0b
1311
020d
0fc3
0515
0d17
1884
0d11
950f
a1c3
1216
4016
fd91
1208
4409
0ff0
090a
0e81
10db
4509
008b
0f30
040b
0085
8627
8588
817c
8867
0382
8984
8309
887f
f8a2
8c90
9394
8d8f
92fa
8e91
9c92
7f0f
8e93
9899
9696
9796
33e1
9498
9cff
7f70
a19f
9d9b
9e9d
9091
9699
978f
9096
8e18
fee1
958e
6091
908c
8a8e
8b07
f881
918f
8c61
3281
8485
8230
dc88
9384
8433
0007
81fc
9a3f
1c00
8105
0c08
8107
8304
8507
7e18
0f05
0b05
0a85
0106
0702
e031
790b
0484
0409
db01
1cd6
7c05
0609
3309
03c1
e982
f13f
0690
8704
0782
8583
e183
ebf8
1fa2
8d96
9a94
8c92
9d92
9491
e0c1
ff8f
898e
9092
e940
e921
788d
90f3
85f8
94e9
8e94
9008
f08a
8ae1
7f8f
898a
7038
8c36
8d87
8873
8a8a
8586
d874
0020
0085
043a
f1ff
7f08
0c05
0909
0c13
0b06
0e17
1912
1819
1af8
fffc
1f19
1413
1320
201e
1f20
2529
ffff
241c
161a
2825
1a15
171d
1511
1617
1512
037c
0e19
1cfb
da15
1615
1010
38c0
ee13
0e08
f936
0c1d
0e15
0236
e183
0043
0086
821d
e076
85cd
f187
845f
5b8a
86f0
ff8f
ff94
9390
9594
8d92
928d
9499
0f7f
9793
8d95
a04e
8f93
a39c
8e93
9738
0ce7
9197
8e6a
9293
f0c3
f8fe
8891
928e
9291
d28c
e15f
8e88
1388
8986
0000
8282
04d1
e9e1
fb6f
e962
0f10
0c08
14ec
8911
0e10
ffe1
1d21
1817
121a
1c18
1d20
8118
15ff
0f1e
231a
0f19
1d14
0f0f
1114
1212
e107
720b
3a06
0c0b
0504
09c3
f8df
7208
0484
8481
0500
8503
0633
e961
0809
080d
0806
ad02
7780
f484
8383
a9e9
8700
f7f1
3f02
0182
8a82
0685
8aed
3a3c
04ea
8502
0181
ce0d
8b00
78b9
85d2
0505
0203
18fe
270a
0db4
0613
0a84
8681
ff7f
060a
0408
0309
0482
0301
0007
050a
080c
0008
12fa
dc0a
0f0e
5e0f
0b02
04ce
50f1
0906
63c0
9307
024c
0a8c
96f0
e186
8907
0708
070e
fb07
0987
3011
0b08
0b65
0aa9
030a
0c70
c50d
0efb
d80b
0701
0c0f
d201
9a83
0581
04d0
6176
7e81
df79
0286
c983
89fd
ff40
f120
f297
9499
9496
9895
9694
9294
9b0f
0797
9692
9397
ef94
9798
ff80
c3ee
f18f
9199
ee96
700f
95e5
8d89
8ba9
d98a
8c8a
c200
c741
da35
8988
2e6f
e1c1
8585
8b8e
a8d1
88c7
e927
8401
1000
03a0
0d66
891e
fe8e
090b
100e
6b14
0b05
0c0e
0f21
2012
0d36
0f5b
5940
d865
7c0c
f804
0e57
e183
0885
0208
7025
e1c2
8fff
ca83
008e
936e
8d8f
8b86
8c88
871f
0286
8a8e
8e86
00ac
00a1
4080
91f9
8894
9387
0e82
848d
8ee3
87c0
d185
8fe1
ff91
0131
8282
8782
0100
0184
8483
217c
8101
b800
f90d
0082
0204
8120
c9f1
eaae
ef86
c001
edb7
8987
8458
20c0
44ab
8cc6
9d94
1086
8e2f
8f1a
958e
3507
2895
918a
8744
af8e
4ae9
3404
af84
24e1
8cfb
8a9a
c380
47e9
859d
8103
fbd0
009e
b289
4ef1
8291
c10d
2f05
f7b0
e104
0548
e102
be10
357e
f108
0e0c
07a5
d930
1002
04e4
0827
ec10
f708
c2f8
06e9
b9e9
f80e
f010
096c
120b
0303
e50a
1400
cd87
f19a
b968
aae2
012e
810e
8302
05ee
10b0
3d41
9dec
8408
00be
b940
fb2e
6100
fb86
0187
8850
5e08
0762
8df4
9091
8d02
871d
2fd1
8b8b
3b8c
8d47
e98f
920e
02f7
888a
9054
14d2
1d80
00c1
6291
e9fb
000a
c3a7
fdb0
f1ae
d921
fe5e
0671
0477
0d0b
0c0a
11f0
ff14
700b
1014
1110
1117
1412
151a
ffff
1b14
0e17
1d1a
1d1b
161a
1c16
171a
1719
217e
1d18
f318
e817
1212
0d11
f81f
2e0d
0d0a
0809
0900
080d
0500
06b9
a952
8203
9718
2e7a
8482
8102
838a
5ad9
3c38
8b8a
8a86
846d
d4d9
8986
8c20
fb83
86fd
e212
e9e0
00d3
2184
8710
8000
757a
1420
8720
ee06
0b08
1a04
f8fe
d98c
0071
0509
f660
4318
fe07
05d0
01ef
0383
020c
4f83
a1ff
0183
3a18
512b
d10e
e909
06f7
f1c1
072a
86ca
86e2
c93d
f1ae
81d8
3802
8678
8985
7985
d4dd
0589
55d1
2af1
898b
faf1
8b8b
71d1
df01
8e8f
8c8b
8c8d
6fd9
928e
fbdf
bfff
9190
8f8e
52d9
9093
9592
8b8d
93a0
05b7
f1df
e2d1
bde9
8b4e
d9c6
0f82
7ae1
0083
8784
74e1
a980
c2d5
f271
8f62
d105
0c61
c708
0afb
0f0e
8ce1
090c
f401
1a0b
09e5
6d09
5ae1
0550
8dda
3173
c96e
b97d
e100
0011
f1f4
3d04
150a
f142
8729
e154
8361
8c87
7008
86f3
8a90
8e9c
8d03
c28b
8d8f
f772
fa90
000f
8c66
fb94
9493
932b
08f2
9391
afd1
32f1
ec2f
f101
6e62
8e3b
388a
8887
23f1
8731
2389
e928
8a25
fc0e
0df0
8384
ad85
a5f1
8550
0151
a786
11f1
9ce1
9904
00f8
bfe9
8fe1
3aeb
100b
f181
41aa
87d9
0282
3381
84b8
ff10
d16d
0263
8683
0a02
8ee9
43f1
f2e1
f189
f24a
8200
503e
7069
0f03
78eb
0408
dded
64f2
0106
05d0
1afc
3aa9
78b9
8375
b976
d982
845f
e9e4
d9f9
8286
8984
0184
b0b9
00ab
f3fa
eee1
00e5
e154
e930
0845
f1ae
0a09
acca
c901
82b5
0bb3
f60a
fafd
3e1f
c90b
f1e1
0809
0609
0fbe
e906
0a0d
0fae
50f2
0c0c
c1f1
0ae1
eb09
9bf1
0580
ffc9
5ed9
fce3
e90a
2a08
d6e1
efd9
d7eb
daa1
f29c
f10a
6843
f1da
2d21
cad1
84bd
02ef
f29d
e985
898a
a5f1
51d2
fe88
0af1
7de9
e541
f10b
e900
42f7
55ff
0f93
6902
4483
3744
e2c9
062f
0200
a4e1
b7e9
ddf8
fa60
08f5
1903
0402
80d8
d77b
955c
0526
b900
3d08
5981
08da
d10a
0e0d
140c
7c0c
cad1
654a
e10b
8218
e8cc
e1f6
c6b9
440c
7740
db0d
100f
d10c
0ffc
f910
14e2
b5c1
4baf
bb8d
d154
14b7
20e1
c0f1
30e9
fcfb
e154
00fb
45b9
28e9
15e1
3132
4531
6cf2
80f1
26a8
f252
82ac
0cf2
8285
d8e1
29d9
ff20
6833
2e2e
e91b
62d9
f0ea
8db8
b1fd
908f
9056
c990
ff94
0f87
8dc1
9394
9295
ff96
9795
f743
8096
9592
f392
e5ff
6e2c
8fbf
a992
8fba
e990
d08b
4bb9
5854
c4bc
ea85
d0e9
b577
e941
f1ab
02ea
d186
c3e9
b7f2
f6d1
5ee1
02b4
2af4
0300
d101
28e1
5a62
0be9
84c9
08a0
36fc
f13d
1579
f1be
e2f7
f154
d10f
110e
121a
c917
cafe
14ff
0115
1414
1618
1718
1a18
15fa
1e3e
f317
1513
14fe
1111
100d
0da8
60d3
0ed9
f4f2
fbf1
1b28
d987
611a
adc9
3d8b
8a3c
9192
0002
5a52
4d97
491c
fe45
9698
98fd
9d9a
999a
9c9d
f03f
9bfb
9ea0
9e9c
9ea4
a29d
9ea1
0c78
ffa0
9ff3
f29f
9e9d
180e
e69c
9bfb
9a9a
9b47
01fd
9996
931a
40a9
b50d
6828
07e9
83fe
4b3e
f104
bda0
8df2
45f1
060a
0ab1
b146
60f1
02f8
66f1
4ee1
72fb
5af1
0d11
1300
a110
f863
105d
1210
023a
c136
13fa
12e5
6204
eedd
0efb
fe1c
06d5
0b0a
ee0c
0612
4120
06f1
bb7b
eaf9
b808
01f9
0ced
0cfa
0104
ebec
9bb3
c198
1bb5
def1
03d6
f102
fc00
d114
f107
2a58
d589
1a51
8cd2
0ae1
0f3f
f189
6bd9
058b
fcfc
82d9
fd3d
f18c
c9b1
e23b
fb3d
c9f0
8c8e
8f8d
a0c9
908e
7658
f790
66d9
8f91
f58b
8df3
9915
004f
d982
c1d6
d918
ff00
bcd2
19da
f8a9
8585
840a
4530
ca06
d93e
e90a
044e
e973
5028
6063
d965
f13b
0f67
f1dc
1f30
1415
1574
f117
1616
1718
1702
00f8
19fb
f5f6
6021
ecfa
1645
f2e8
1500
80fa
ffd0
cf8a
5a59
f11f
f191
e1b7
2ed2
f5e9
814f
d105
03c1
d9a2
daff
82e9
8746
1a40
fadf
d287
47f4
81d9
0504
adea
83f1
5d2c
3b4b
829f
b18b
73f2
f802
aacf
a2da
fbc9
6cc2
b95d
e258
d1a5
e981
4be2
5555
8282
8bea
3fe1
2ac9
15e9
ece1
3ed2
58d9
0144
b0aa
df8e
a4c2
cd04
1188
bb36
d2fb
0444
a91c
f1a9
aaf1
1050
f90d
e2a7
fc15
e144
19da
ff2f
ead0
8040
fbd3
fcd5
e4fe
4056
fbe3
2fa2
e189
c9d5
aa64
f1ee
da5d
d1c6
f106
5ec1
85da
18f1
8260
1ef1
d7e9
ff1f
f1ff
16f1
0b15
001f
e27b
d9bd
eaec
ff40
55fb
d3d5
b1dd
f133
e986
f1ba
d992
903c
c2e2
4f7f
5455
8c1a
f2fa
f1b3
91b1
b9de
f111
f2d4
f101
8964
c2f2
faec
1404
fbf5
ebd0
f1f4
cbf2
f291
81a7
f114
224d
096d
f1f0
3004
e186
f2f1
8555
00c8
f1ad
e96b
b1b4
d144
4d41
02eb
d14b
68eb
54ff
4651
fc5a
faea
f311
9954
2047
40e9
b2d1
50d1
1255
cc78
e1f9
f589
18f1
11da
5405
b4be
e9ba
eaeb
f1eb
baec
4540
4cd1
f0c9
f322
f644
22e1
d912
d640
55f4
d8d3
fccb
d1b6
c9c6
d155
2436
f135
f454
db65
ecfc
ff59
1506
f1f1
0cf2
00f1
ede1
83f1
4505
fcfe
3b97
0bd9
2dd1
7610
10fb
73ba
65f3
1119
fb64
e9f1
1145
e9f0
fa7d
c966
5545
45f4
0791
90fd
d2e9
2ef2
b0d1
f355
5476
f3f9
fc18
f28f
eae1
99e9
08d1
2052
fc3f
3308
fca9
b164
451b
2e28
fdff
fc6f
5916
bcdb
fd33
e170
0ff3
9140
6cfd
e8db
e2f1
9295
0871
f285
8efe
24d2
24ab
eef0
eb02
5bea
8480
e951
e9aa
aae3
e933
f21b
f4b8
e20d
f208
f3ff
f80a
c6eb
440a
28c2
fcf0
41b9
2dea
9548
ba85
00f1
b9f4
314c
52f3
0512
3bc1
d6f3
55ff
6299
5552
ff0b
f1ee
e94d
e9f3
47d1
5adb
1545
05f1
abf2
bcc3
fff6
f139
4555
b1ea
5adb
442f
a963
b9bc
e38e
e5ac
2a7c
8a54
eb52
e983
d987
c93c
ea4b
92ff
4aeb
4190
aa36
22aa
dedb
8bb9
0f07
55ea
eef3
a8aa
ddf3
9b1d
cabe
ec9b
f310
f22b
f32a
2203
f29c
f379
e168
eaff
5692
c438
ff71
d9f6
44aa
45d9
ce48
aa50
f363
99b2
4a2f
c2f0
e23a
7ef6
fceb
f8fc
2ac9
2e83
eb7e
ecff
fce0
46f5
1231
c538
eafc
ad71
4baa
6b4d
c176
cbe2
c2f4
a3f2
8ab2
9df5
34c9
2cc3
e0e7
ea63
aca4
37fc
c45e
fc5b
fda5
f25b
2aab
f9f3
dded
fffd
ceda
ffe3
ea31
dbaa
2a1b
e2ff
fc57
d920
d2c4
f30e
eb5f
e20f
f229
a95a
bef2
bdf3
fbe6
e244
eeaa
aaf8
fda5
e21a
f538
ea8b
f31d
e5f7
b343
eaaa
c870
fcfb
f301
f3ff
fc4c
f45e
92b2
5943
e571
22b1
65fe
4fac
aa7a
aae4
18e6
86e5
a7f6
47fd
65f3
aaaa
c481
03fc
fcf6
8fec
52e6
fe82
fffd
89fc
aaaa
4ef3
53f7
6afe
dcff
30f4
fafd
9bdd
ebf8
0eca
aad7
fe98
f657
fc38
a0f6
d2ff
d1df
aa2a
60fd
52eb
dfcd
4ee9
caf2
35f4
d8d7
d3eb
abaa
e1e6
ff9c
f484
f626
eb65
f4ff
f809
aaaa
5cf6
d2fd
3fe3
abd4
b1fe
d8eb
53da
e0f6
2aa8
a5db
f6f5
35f8
0b7c
f6fc
0fa2
fffc
a82a
2af8
0bd3
dfd4
75f3
684b
06f2
beed
a9aa
6248
eb90
e276
a1dd
cabc
c922
ca2a
a9c0
c9d5
b3fb
c3bd
caff
bbb2
bbdb
ca5c
f7e1
5ee4
58d4
2e3a
ffc7
f655
f5ff
f83c
dde4
fff8
7b7e
f881
d2e3
c6e4
fffe
0210
ffff
301e
0523
1f17
1b07
5755
0ea2
bc30
a9ef
ffff
b959
0ce4
f2b1
bde1
cfce
b5c3
b5ad
a09d
7fff
010a
1872
7979
6c75
6e41
6155
6c33
264d
ffff
3e4c
0c95
4a02
8aaf
b747
66bc
e796
2286
ffff
bbc8
f8c1
14c0
eeda
9699
e1ad
2eba
dab2
ffff
8cb7
bc8c
b6de
baa0
acb6
b9bc
cdb7
a0a2
ffff
9ba1
9439
6c46
292d
7079
5f76
796e
3562
3ffc
3d83
3745
25c6
dde9
c5c1
b4bd
8eaf
ff20
3739
4073
1142
0444
7757
2b2f
4126
aaff
ffb7
94b3
e2fa
f8a0
bdf6
f9db
dcc9
8e0c
99ff
ffa4
a4b7
9fc5
9985
d1b0
cb97
92a4
b1b0
96ff
7fd3
ce18
c4bd
c6b0
009b
bb01
1937
5934
5ef8
ffc2
556e
6d31
3136
364b
6b23
8582
ffe1
a9cc
0407
aebf
92c1
d8b6
bbcb
c0ff
ff87
16a8
bc2f
0699
8ab2
dbcd
b9b4
b9e2
ceff
ffc2
effa
f4ee
d6b7
c9d1
c8bc
b1ba
a5cb
d1ff
ffdd
b78c
9ea0
068f
a229
2f51
702e
544c
29ff
ff1d
585f
3730
0ea3
1283
b89e
8d94
878f
17ff
ff90
151c
3608
9c36
4362
7850
3c05
0700
967f
f897
87a2
9291
1994
ce20
0987
9d92
ffff
101d
b6cc
a8d2
f3e4
b110
a3d4
a592
9d9b
ffff
a6ac
afa7
bf82
2a3a
122b
0385
0492
1c35
ffdf
6439
0187
4c79
3b30
4c49
7766
5371
1b39
ffff
4644
6844
4144
1384
07bb
a7ba
b795
a5c3
ffff
d0c5
0519
0599
bb09
0e87
a531
8f89
a289
ffff
979a
0cbe
d298
0e35
83a3
c29c
3c0c
1013
ffff
2d8b
073d
86a9
8e2d
a903
1681
aa99
08a1
ffff
ab8c
2059
102b
0f39
281e
1626
2329
5485
ffff
1052
a6a5
0c81
161c
9694
0c05
4123
8d1c
ffff
8fa9
8712
9887
980b
bdc0
8dcd
c5c7
c9a7
ffff
bed9
c00f
b3ab
86d0
934b
9593
85b2
0f9b
ffff
bc95
3c99
22b1
c088
4824
ab15
843c
563c
ffff
8505
1c31
aa22
5b92
9ba3
0e15
b8c3
3c06
ffff
cf0c
479d
0a1b
5d2d
2443
5103
134a
2311
e1ff
4f9c
6d18
94ca
bfbf
c0bb
ba9f
ccff
f0c4
0583
9c00
0e95
171c
b903
2baa
ffff
0a8c
acac
8302
84b2
4116
002f
328d
3750
ffff
721e
0e3f
0f2a
a81e
b002
38b6
b01a
8a87
ffff
2192
d6c0
472a
8fc4
940f
1184
928e
d014
ffff
b5b7
ccb1
c3a6
18a5
b4ae
8f8f
1e42
8899
ff3f
811b
182f
87a7
c416
9e36
99b3
06c4
adfc
ff1e
bb8a
9b00
85d2
a41f
ab22
0fc1
8eff
ff62
0ac9
cd21
948c
910f
b42e
8604
628c
4aff
ff5b
1d2d
1e50
08c4
1910
93a9
12a3
21b4
a9ff
ff96
1b9e
ba37
989d
1f2b
0b9a
b59b
23a9
08ff
ff97
a842
9ece
b2ae
b78b
b309
0cb4
8254
8fff
ff1f
101f
949a
1278
0e93
361b
20b4
8d12
3bff
ff87
8922
b50a
44a3
0f1f
35a8
2428
a7c1
12ff
ff11
33a5
c80e
7340
ba87
2702
8801
a694
08ff
ff96
8aa9
068c
a414
9c09
99c8
9195
0f04
d0ff
ff99
0b9d
b313
4092
cb1d
a90b
3ea4
100c
19ff
ff8a
2929
2b21
1d21
8f52
88a5
1b08
118e
a0ff
0f09
1294
1b16
8d93
a826
0f03
8288
ffff
2a88
2887
11be
2019
ac87
03a2
cc25
2599
ffff
2ba8
aa0d
078d
b191
3892
9727
1411
0f91
ffff
a130
0f9d
1ea6
afa1
1305
8c07
a48b
3706
ffff
b00d
05a2
1618
a82d
0e01
3e91
4642
2383
ffff
3c32
391e
1f97
2e8b
9539
0ba0
9d91
1002
ffff
8ea4
3013
1198
1186
271e
158c
a69e
0813
ffff
b339
00bd
97a7
93c7
b603
0588
0687
8739
0fff
0115
a998
3236
1912
230b
979c
1bc3
ff25
88a7
a704
4d06
9f8c
050f
2005
ffff
9a07
8582
8e2c
1082
108f
3590
8c1b
098b
f0ff
171f
8104
2391
9710
83b2
ae32
a23f
fc05
8dad
909e
b290
c1b4
a294
92b6
ffff
0708
0483
050b
4311
1b0b
0f00
1baa
210e
1fe0
0e85
8326
1e9c
d5e9
02a9
ffff
9f20
9906
0ea6
0d12
829d
1415
8e14
1297
f0ff
05af
2106
150f
222f
9216
2596
20ff
ff83
170e
1206
0c0a
1488
0c82
b498
39a9
a7ff
ff90
ab8c
98be
121a
af08
8dab
a38f
9d82
01ff
ff90
b292
2798
84a3
1723
9702
0a29
8383
1eff
ff8d
2a1c
2585
a314
812d
0d31
0490
1303
b7ff
ff15
0db4
0410
2ba6
aa88
8fa3
8a92
999e
0d1f
fe9a
8735
8da7
020b
328b
8c0e
102e
ffff
8312
2187
1f81
2482
869f
a38b
168f
d397
ffff
01ab
9bc6
b8a8
a911
a7ae
1b0d
038d
8e9f
ff1f
8f0c
9e9c
1632
9f09
050a
870d
0801
feff
4b1a
240a
0a93
3c07
2322
1310
2302
1ee1
ff18
1f0c
120d
169b
2d83
8a0f
1b93
fbff
9f8c
9400
8993
0588
9102
10af
122e
0784
1ffe
a224
2382
b2ae
27b4
cf12
1cc8
bfff
ffa1
8706
919e
b00e
9213
0c8d
1888
1292
8eff
3f40
2d86
1083
1622
0d8d
1f22
110a
9823
fcff
1708
892b
1707
1e10
0693
901e
2f05
ffff
a39d
1595
828a
910a
8c9e
8194
9699
2185
ffff
b2a3
9302
a199
0b91
969b
aa0e
338e
ca0a
e1ff
1901
b00a
098f
0808
0c00
899d
85ff
ff0f
871d
8288
9097
0e02
1a8f
1711
0812
09ff
ff88
2b22
830c
1f10
191d
1e85
3404
1511
81ff
ff8b
0e05
87a0
b100
0e86
ada3
859f
0496
8aff
ff19
16aa
8528
9209
1a03
9723
0ea2
a587
08ff
7f9d
968b
a887
118a
a515
849a
938a
0606
83f8
e133
072d
818f
2412
c590
0dff
ff24
8c97
8a81
a804
8399
251e
8406
900f
177f
ff0b
0537
159e
2516
173a
591f
8633
0a9e
00ff
ff0b
9297
8f0f
a885
09aa
9687
8ba3
9998
9fe1
ff88
9fb2
0a97
1084
960f
9211
1783
ffe1
0482
8518
8e9c
8d90
9c1d
e887
94ff
ff11
9810
0e10
9914
330d
0203
1d8e
0909
2efd
ff15
085c
29a2
0b1b
888c
0604
0f99
8405
15ff
878d
9b0b
0f0e
0719
8415
8e08
88f0
3f84
008d
85ab
ac83
8a1e
865e
ffff
11ad
ad88
a008
8796
9586
0a1c
8d0d
1b19
ffff
0e16
0d2e
0b83
2525
0912
0b1a
1d90
2425
fdff
8401
f811
0196
1d14
088f
961e
248e
880b
0fff
828b
8f13
1df0
8b03
8b87
1616
91ff
3f9b
9113
8d9f
8c83
0d94
a182
8995
878c
181e
a584
699c
6499
8809
9efe
fb1c
929c
878d
8302
9303
87b3
7118
8600
ff3f
0f3f
1b13
230d
0e19
2429
1f1a
2717
11bc
ffae
848d
0989
5571
8c95
a68d
a291
93ff
ffa7
a4a9
82ad
b096
948b
a993
8da0
89a6
8aff
ff02
9b05
8998
0810
098e
290e
0101
160c
07ff
8713
8901
061b
1b8a
0f05
1004
0b7e
ff7f
1012
2115
9607
0a81
0123
0ba4
018c
859b
f80f
f793
908c
0889
8f8d
0e9b
fff0
6794
9101
999d
8d8c
9a76
0192
92fe
0e8b
0041
8293
9b1d
838b
e459
830e
ffff
c803
0a18
0a1a
0a82
0b11
038f
0c0c
1808
87fd
1210
0112
9e0c
1b16
0913
0a12
09ff
c38a
0307
180f
848a
0b81
8517
b189
ffc3
0a01
909e
0807
88a1
8fa4
89af
a0ff
3fae
9893
8a8f
988d
8597
86a5
8f0e
8793
fc7b
ce90
0b0d
0482
0f02
0623
6911
2100
f8ff
6924
1d08
3517
8317
1719
0983
1eff
0f1c
8a1f
1506
9285
0486
028e
0097
ffff
1a99
9b9f
898c
af8a
a188
8984
a896
8203
f70f
0587
0314
d079
8594
0d14
9394
8afb
fd1f
8601
0979
1b0b
020f
0878
890b
1c14
16fa
ff0f
7d71
4029
1102
151e
241e
070e
1e1f
18ff
ff0e
0620
088d
8d1c
869c
9791
9187
96ab
b0f0
ff83
69af
9501
a5aa
8c82
9aa4
a19b
870f
8501
a89f
ab84
9d9f
0f05
dff0
eb10
0086
1411
8d39
14af
8184
940f
b702
1682
968f
099a
8815
7951
167f
802a
6917
810c
1009
0392
c780
fbff
0883
86b3
4202
8b93
0418
059a
1386
8c89
feff
8e6d
699f
8499
9fa2
9396
92ab
9801
8ba5
feff
9690
0902
0c0c
8a16
1e88
1621
1508
0d1d
ffff
1a14
2126
1510
160e
1006
1217
0e1b
0c1a
fff0
1a82
0c21
0600
1204
8dfd
0f07
02ff
ff8f
000a
8391
9785
0b9b
9688
8d81
8d9a
01bf
ef00
9100
8d99
008b
08d9
9285
079d
dde9
95bf
c107
1304
0902
920e
0839
0415
3141
f0ff
175f
1703
0c18
1608
2284
8817
0afd
ff05
8480
718a
9988
038b
9c8d
9394
998b
03c3
f08f
9000
f183
15d6
948a
0af7
ff81
9089
050d
8900
8295
8f8b
8381
8c8a
13ff
ff82
8f86
8783
0787
9b0c
038a
0503
0b88
8ce1
010c
1230
0a19
8c00
e7fc
ff4d
4769
8d82
1091
890e
8885
0190
0486
c387
0a93
8eb4
8b84
058a
9163
f78f
8a81
0896
4b11
9509
0197
9487
81c1
ffea
83dc
e371
1315
0a12
1311
0e17
fff0
0085
0e00
0f01
0701
0c76
050f
83c3
ff06
1e06
4206
1107
9395
0e0c
848a
8770
8d03
9282
5a03
b988
0e81
f8fb
940b
0681
0408
8487
bc39
868e
82f7
d08d
8b86
8da7
4985
810e
978d
4151
fff7
0f06
8485
0006
0303
8384
0f05
1821
8112
61e1
0818
a614
04c2
09a9
8289
ffff
018e
8e81
858f
8790
9709
0d85
8b88
8f92
f71f
8b0b
8591
3e29
0587
9c86
008c
910c
fef0
7e02
8105
1808
0b0d
940a
8406
ffe1
018d
8a87
828b
928a
9501
0b84
9a37
8482
0807
81b6
4101
0601
45e1
c382
861d
098e
860c
89b1
8dff
bf81
0091
8d87
840d
9397
0a87
9f85
8892
0142
7711
03bb
c70c
7704
0714
49a1
1305
a652
8919
3cd4
f3b3
3112
0d05
6711
5f59
fee9
7f18
8490
9183
8f08
838e
6496
01de
ff36
840b
868a
1f41
8d85
848e
0404
8d8f
0e30
095d
1909
0fc2
9911
107c
f828
0c18
8596
09ab
0485
0a0f
87e0
0988
0502
4218
bd05
890c
7080
0dbb
1084
8d4a
c717
1685
9389
85a3
995b
8703
2241
7e08
1e05
0394
0608
01f8
9200
7f60
9f5d
9381
0b01
818a
09d8
1f5d
1182
f721
1881
8b01
0c04
a0de
bdd1
1b06
311f
2100
0d06
ed19
87f6
008c
8e90
d485
3be9
8146
4183
0aff
0302
8602
0189
848a
8f82
8f94
1f1c
86e6
0c83
954a
9186
9ec3
e100
8a85
7488
8903
1385
0787
1f04
8683
0be6
0f8d
030f
8284
1ec2
e300
098c
05e2
06e7
8b70
0087
da82
8289
0e2e
ed0f
7152
a142
823f
798b
8203
8b88
8dd0
87f7
7d85
3931
000e
098b
c1f0
b001
bc8c
870a
0017
0383
ff01
fb39
0a15
0511
130f
0e81
1305
c010
015d
2f39
85c1
95e0
209c
cc00
0a85
3f63
09fc
f0aa
8a93
8c00
8f91
c78d
8b08
feff
8111
3109
1411
0e13
1111
151b
170f
1312
1ffe
0604
0912
028d
b306
8985
0d03
06f0
ff05
3303
0a8a
8d8c
8595
9092
8a8a
fe75
961f
098b
0209
8a05
0f05
a5e9
e049
0308
ff7f
ea29
8687
828d
0285
9392
888b
8501
8105
b816
010b
0601
1a29
c45a
88f5
f186
3e4d
8390
b884
e951
0c0b
8684
09b0
afee
5916
d588
873f
c439
e183
8d82
0608
09e2
06c5
87fa
8982
0988
9201
da39
6d39
1409
0983
ff18
1005
cdd8
6109
0d86
9088
8204
ba61
8e33
19db
8983
8cf1
5186
170a
0128
f4de
89cf
216e
8723
2a8c
9000
c184
5c60
8689
fde1
c3fd
0105
00c9
0a13
07e9
0908
0c18
0c1f
7e82
101c
0702
0c55
0304
8284
0081
e870
5081
1e2a
0d06
540c
898b
fff7
8719
938c
8d98
968e
9395
8b8b
c121
9193
e177
9b96
4b84
8b95
8f82
0191
c985
03c1
01dc
714f
03e9
8200
6a86
0763
0510
6008
0818
0fa9
5f21
ae41
110d
0c13
7d41
b8e9
2302
84ff
7990
298d
918f
9186
8fa6
8ede
fd8b
4e19
8d85
02b5
c985
9671
218f
8f9b
9301
0e8a
9010
6303
8103
f7e1
7705
0e12
8c31
080a
0f0e
ad0d
123f
dc07
0615
1609
1106
f104
0905
8d11
7a0f
08d5
f1a7
5a04
8186
4e61
0784
84ff
ff11
888d
8f87
858d
9594
0083
9592
898a
92a1
058f
814e
8278
0981
b011
d587
0672
d984
05bb
81c9
510d
75e8
f15b
031d
3106
060f
5082
0407
7807
0004
0b1f
f589
8306
0341
fd7e
3173
5421
57f1
9d11
8d8c
8683
7d83
918d
9781
8e88
8602
df19
8bdb
1f02
5d71
8902
0300
88fb
04a3
841f
a681
5a01
0b16
150b
07c2
051e
0f6b
0b11
0939
318e
1fdd
1d19
8185
8982
10e7
5981
8ded
495f
1790
8b8b
9294
9004
5145
f18f
8823
19c6
1e50
0502
6300
2b19
8687
0b6a
386d
0f3b
4159
d90a
1603
0904
4068
ccb1
84a2
065f
2903
10b7
6c79
21dd
0f08
6232
04b0
c2da
69b1
878a
e039
44d1
5e02
7fdd
848b
8406
8585
0184
fd01
cfe9
8404
d921
017e
0608
b578
0a14
0c06
0408
ffae
6939
0c03
8383
0508
0514
2905
09f9
09c3
1049
d904
8860
8700
148c
5b0b
b685
bde1
87c7
e2ec
e986
68e9
0718
ec83
8588
b805
8382
8e1d
9e81
8788
3b89
bada
0007
1e42
de0b
0504
0717
08bc
0cd8
0099
0a10
ba09
84e6
00be
5d73
bc80
0985
8d88
073f
1c30
d182
8e87
0985
8fb1
8486
8404
550c
ea19
512a
29a6
19b3
d1ec
1985
17ba
61e9
295d
0008
0b00
0e41
1062
497a
bb06
d303
0b0e
33f1
8454
1abe
e73a
0200
c130
8008
f82a
1a89
5281
89c0
306a
d000
87e0
8683
0c70
2d83
02bc
f482
030e
4028
d34f
c108
5649
c0e1
c99f
8406
0adc
0283
0000
84c2
2af9
0106
1f08
6458
8103
5050
08c9
e371
5f11
7307
3d58
e404
1f11
0281
0011
73ea
8bd5
e10d
2a39
5958
0a02
6904
21f0
d2cd
e17c
3840
0882
8886
814f
8603
100c
42ef
0705
ce89
ea32
8b02
057b
3347
624f
81d0
6308
c9d9
82b1
840b
02fe
215d
8219
8186
8282
8a83
0337
06bc
1fa4
0007
0386
67d9
030a
0a02
0283
42f9
0b80
e3e9
6ed1
bd04
0000
23ff
4328
e128
1d41
d58b
8304
3305
2238
807e
a43a
8388
299f
2000
be49
2c6f
f185
862c
047e
0603
9d11
a806
3500
41e3
8b3d
f18d
5313
5008
5eab
b945
19ae
0758
84c3
4704
e8d9
184a
1006
07d7
84c5
8a8a
d680
bba0
1683
8d8a
2ef2
0183
a0b0
f1d1
884c
09d1
21f8
0403
4101
69d9
8160
6942
fa0a
9e05
d0ac
1f11
199b
3d29
8829
4310
848a
8779
81f4
aef1
0083
fc81
4d88
e020
00a3
d99b
bfe9
c5a7
0a05
bdf9
c250
0103
29ef
3868
7c83
0707
ba0c
218a
6a83
e342
8e11
038c
0204
6f11
c207
c33d
23f1
8417
8387
88ce
d987
8c94
b480
a28c
22d1
8432
42bc
0086
78b4
1221
9902
ccd0
0008
740a
e0e9
0931
0001
8d55
6b03
6140
4111
21f2
e1ad
f141
aa49
01e0
dba1
79b2
bf84
8900
4188
5cb3
8cbe
22d9
ac28
8b08
ccf1
14e9
d59c
f280
4384
f6ab
e903
8294
055d
d585
b986
1106
099e
e9ee
e9bd
42f4
39d7
3baa
aa82
f2d1
e6f1
56e1
d509
6c11
aef1
3b41
8558
fdf1
85e9
41ea
8cf5
8635
4b08
02e3
062a
1921
6d80
01f3
fe56
7301
6040
50ea
b44f
e9e4
a539
c231
8421
024b
0409
cc06
2826
0927
2b5d
e91e
887b
10ab
dbc3
e9dd
8442
f14a
61a0
02a9
f13f
725a
e20a
7af1
8730
9420
b4ab
0631
e900
0064
e635
f10e
08d3
0185
87a4
bf1a
007c
38e1
3229
02ce
d400
45f8
3d4a
a80a
4201
2526
428a
700e
290a
8482
abbf
88e7
f19c
2016
19f1
c9fd
31fc
0672
e904
45f2
8709
7138
3ac9
d97d
00af
61f5
b759
8207
0151
e101
55fd
f104
18d2
ef41
0dc1
0f61
4444
ef72
deac
3058
7d24
d984
c4d2
d281
4ce9
6101
feb1
ba87
85f8
eaf1
1414
42b7
da45
e188
2f09
ac09
0e02
e902
0608
4186
d929
800c
aca4
12d9
94a2
1ad5
1eb9
fc09
69af
d138
4188
0441
c8ca
324a
3e59
e213
3140
18a5
771a
8204
441d
a93b
d9c8
4ee9
6ac9
0502
5405
f3ca
da75
b1d5
4a41
3a13
e1d5
5520
06c2
ba61
7c39
b0f4
a5a8
b3a0
dda1
8608
4ed1
8469
ea20
1a7f
e971
6319
3b29
e905
408d
17d8
5fb9
cd51
f6e2
042a
0080
2a2a
f7ea
0ee9
dff8
082a
fa36
129c
68a9
5b62
31e9
1008
d0bb
872f
29ba
55e5
f6ea
c7d9
8403
2cd9
0891
d17c
b9c0
2145
4499
29ea
f17e
7a68
5054
c229
c1eb
3b6c
bd29
c1e1
a846
6888
86f1
a8e9
f9d9
8791
1010
f66d
e9c6
dd05
3521
08f2
6d35
d9f4
f188
e286
a85a
91ef
a9d4
2364
2953
2a07
f100
d5f1
1544
6ee1
0fba
b949
d60a
29b8
0d20
30f2
08c1
848d
aa6a
f144
05ec
8787
52ea
27e1
c757
4324
c10a
08bf
f140
a9e4
3a01
ef05
8055
884c
0005
e9d2
fdd9
b0eb
5554
71c9
abf1
76a1
0141
fcff
e183
4905
0537
d2df
e9e6
aef1
4211
6c14
8c5f
23c9
ca68
f105
500c
0c03
09e2
4afe
07a0
0aa3
32cd
eafa
e976
f14a
0a80
2845
cbd3
c78e
2b58
446c
cb29
8653
c99b
ef12
14b1
45e9
6227
3a12
e145
adfc
3cc9
5a13
c9a9
3305
99a1
aa83
e5e1
66d9
24e9
49f1
cda9
8489
ba0a
82c4
d146
e9ff
417a
f5d9
cd52
1495
19f8
e19d
8643
80ca
0d0e
e507
1305
6003
4909
0eab
2512
080a
fa13
161a
ecf1
84dc
d9d0
5510
90e9
c8f1
780a
8ae9
4e99
0955
1508
06d9
63d1
f4ea
d3e1
b842
09e1
1004
b866
f01a
e194
f102
acb9
1602
0707
12b9
5f90
2afe
9db4
da9a
d92b
eacf
f158
1561
44b2
8772
d1b4
3350
ea82
3a45
559d
cbc9
6760
da0a
500c
fff8
985a
f828
5555
46ea
ae42
2e3c
2a4e
9a43
e2fe
8e44
e2fd
6555
7c40
0d28
26f7
f4fe
5f40
84ff
f83e
d430
45d5
fb47
3811
a3f3
a6c1
03e1
0106
84fa
a182
1290
ffff
0413
9b1d
8685
0989
0309
900d
001d
8a13
ffff
9310
8881
078d
070c
8981
1595
0613
980a
87ff
0b8a
8419
fa13
920e
8505
8319
91c3
fd1c
940d
bf8b
0788
27e9
8683
0a89
ffff
8b1e
9f12
1191
0f0f
8b0a
9115
8c86
0f9a
87fe
1d8c
0486
c30a
09e1
840b
9104
04ff
ff85
0688
0910
848c
188f
8a16
9802
179f
23ff
ff93
8103
8502
8603
0592
1898
0f03
930c
87ff
1f81
0484
168f
1795
0782
0304
8a10
87e0
ffae
e583
9017
9401
0790
0307
9603
3c18
8a05
c3ee
109c
168c
ecff
b98e
009c
690c
9002
078e
068c
058b
1fc2
0e96
1090
0785
9789
e78b
ffe3
038e
1488
8411
8a03
0386
003a
9a0d
c31f
9637
898a
e904
92dd
057f
f88c
1491
0611
8c07
00b3
1a97
0f8d
eab0
0b82
d108
e123
c989
01c9
8589
7b78
7691
0089
13c9
048f
19f1
8c0d
0187
1ce0
0a8b
0cdb
b800
8efb
3f0e
9208
cad9
0289
840d
900d
911d
8383
003c
23ca
e288
0694
113c
bc4a
8191
108d
0285
880d
8fbf
0030
d98e
1297
0e89
0386
b152
f701
ae04
8385
e7d9
8602
0c89
2584
ee19
a31b
ef85
5099
0189
7171
841f
2e05
8e08
868d
1646
890a
8b2c
b11c
0ee4
0388
856a
050a
8908
1ec3
e46c
0f89
828c
12ee
1fb8
008b
0812
e100
8583
0a8d
0d09
06e8
d604
88d8
4807
bfc1
82ff
238d
108b
880f
8a89
0f8c
8202
ed0c
ffe7
820d
c187
0b84
860b
8785
e100
0687
4908
8c06
daed
1fd6
8c2e
a981
1dc9
8813
940d
0b8e
0a06
0b4b
8685
e653
9909
2191
0e21
daae
7182
8705
02a1
02b8
0095
2ec1
8504
4bca
cd1b
d4e4
8582
43a9
8839
3679
fab1
dab9
1020
83c6
834e
5987
1cee
fe09
8a01
b008
8b07
60d1
06e1
308a
062a
0b8f
0fbb
8e0f
0800
347c
a10d
e5a4
01ed
b662
9916
ca02
f5be
21be
0384
8715
90c8
b186
3d03
1e1a
ea02
8402
9e89
ca79
8820
80ed
f105
fafb
5e82
62c1
3aca
870d
8a9a
c1e0
01c1
0a87
08e7
17d9
0078
b925
890e
aaa6
2419
058c
3ef1
a995
c955
1a80
005b
b9cd
8fe7
03aa
7907
8450
d01d
d124
aa83
e168
1484
07e9
30a9
0337
8285
b028
0a4c
0b8a
38b9
b8cd
c980
82ac
f828
9901
b9fd
0045
90c9
5bfa
8746
f1b0
c128
e5b9
f16b
b102
ec31
c128
c074
63f1
d68a
8c14
84aa
6881
7d69
3fd1
05a1
0691
9a23
dd83
5045
85e3
a941
d2a9
e1e3
99f9
5440
e5a9
e1f0
f1d7
7fc5
4199
f149
a13c
0587
5861
b983
a482
e385
51a8
b2d9
8f12
3222
96c1
4eb3
90c0
2848
8280
1ebb
e894
c96b
2811
78c1
dac2
f2f7
9d00
2175
40d9
d444
529b
0450
62c9
b9d8
b101
1129
e1f9
24e2
1009
70cd
d4ec
2f29
9482
0485
73a9
db02
c242
c922
20f7
c6e9
ec2a
29e0
88d3
b8fc
0845
aaad
d4a2
2ad5
dca8
b95d
c2e2
fcbe
fc22
a1d5
aac5
b312
3226
c26d
f12f
46eb
1222
c8e0
7ecb
1249
fa2a
1b55
bb28
4a95
d087
fdd6
60aa
12b3
a50e
d39e
087e
ac84
eefc
08e2
fd7a
fda2
284b
23e7
e3cc
b7ce
cd4c
9250
98db
32bb
f68a
92fc
fcf5
fc87
cdc3
4ffd
5fb2
4a4a
ccb2
cf61
68fd
b2fc
97fc
acaa
a947
e8fe
fbf8
0900
faf7
fe9d
fdaa
aae0
f80b
aff3
b9ff
d8c6
73fe
a2fe
cbfd
d3fc
aaaa
c1ff
1cfc
d3c5
f4fe
f7fd
b6fd
d6f8
0b88
f80c
aab2
a6f8
0aaf
f6a4
f680
c67f
f80a
79f8
0ad6
aaaa
85f8
0a90
fe53
f64f
f80b
8df8
0c2e
f80f
96f8
10e5
feaa
aafb
f80d
70f8
11d6
f813
99f8
11e0
be27
ffe0
f80d
b5f8
09aa
aaf7
c5b0
f80b
adf8
16db
ffe4
f818
70f8
0d88
bd15
f811
aaaa
fff8
df54
bf15
f81e
e1f8
0b78
f523
b6db
f815
c1f8
19aa
aa92
f81f
89f0
2fd2
f813
47f0
31ce
f815
b8f8
1a6d
e80a
f2f6
aaaa
43f8
0da9
e809
c4f0
11a4
f812
b5f0
0e36
dfc5
f810
e9f8
0baa
aaab
a010
f0f8
129b
a578
a5df
f80d
49f8
1141
f80d
0af8
11aa
aa4d
a65f
fded
f011
31f0
1784
ffa0
9e99
9f90
f80e
aafa
d7f8
095d
f80c
f5a0
0ee5
f010
9af8
0e36
f013
02f8
0c89
8604
fdfe
0d0c
1a61
8287
8d8e
88cf
5108
0f02
8a8f
df0b
8f83
070f
0c08
b9b9
8b8d
8cdc
79f1
f7ec
08e2
8602
0e0e
0703
b6b1
8d8d
ffbf
8581
0209
110b
838c
8f8c
840a
1108
047b
fc27
318b
8ec6
7906
130e
c38d
8a04
11dd
f70c
0697
8188
8f97
5102
1111
094d
518b
83c1
f00d
0fec
0ab9
8cae
8a81
0d03
4012
0d82
e3e2
a70a
3bc0
2781
0092
298e
85b7
df8e
fff0
918a
8c00
0e0c
0505
0ad7
888b
93ff
ff8b
060e
0f0b
8692
8889
8509
0a05
0109
02ff
f784
8987
9390
0410
1110
028e
8d75
4907
05fe
af00
cf61
8585
9195
860d
0e10
0788
5149
21fc
1e71
0130
0489
8e93
8a08
0d57
f810
0983
8b38
69f2
f145
0c83
848f
0fc1
938d
030b
1220
8654
dc62
ff61
0009
0f03
818e
948e
0106
5d06
8250
f86a
a361
1051
b803
8d95
90c3
f783
020b
c304
868c
0184
f159
050d
7f38
0a0a
8996
9286
810b
7209
008b
ec6f
038f
8a82
2a0e
0195
9487
86b8
3a06
f8f0
7301
8c8f
8602
5a0d
088f
3ffc
9489
8603
0907
09e2
8782
8894
8c30
dc81
5e0d
0bf8
8a8a
83ed
31e1
fd0c
077b
8792
9085
df39
0c82
9089
bf61
8a85
0602
060b
0ae4
5993
5204
0968
c1af
036b
518a
a181
adf3
4187
2193
968f
0486
0e06
9d86
bc77
3100
8209
0814
598e
9794
6069
0f0a
21f8
a583
b407
ec48
2996
9986
7718
0803
0a0e
74a1
8382
8406
0aff
85ec
0091
9b8f
0605
050e
7061
2da1
7789
8ce2
039d
5984
9995
a751
040e
43c3
5581
0182
8354
1906
f792
871d
9a8b
8109
470c
0662
b98c
8afa
01c4
0198
5986
9790
8705
eb3c
f847
9771
888b
060d
0259
838e
941f
0c8d
840c
0305
0fc9
bf41
01fe
ffe5
3d49
8386
9192
8e05
0801
0b11
0b03
8e00
c28a
16e6
ae99
1f90
e10f
9386
9004
1010
098d
9181
fb7e
3700
853a
a983
8a94
9032
690c
130f
8394
801f
4ae2
8681
0288
8485
fcd5
1efa
2109
1514
0691
8b11
793c
9942
49c3
df8d
968e
4704
1216
0989
8f01
e859
30f4
88ae
8782
1e91
0961
0e1d
0518
0f84
0f59
5fda
0181
eea0
c292
948a
1a41
1d18
e033
f17f
78db
5985
0285
888c
958e
d704
1520
08ff
21e0
7183
8207
0289
8103
8986
923c
fcd7
060b
2015
0c88
8686
0006
7d38
8689
a591
8d94
8e81
2818
1d0b
1cfe
c28b
8687
d78a
0004
898b
917f
c391
8a04
0810
1a17
072c
4187
6f88
86ff
88b6
498e
1f82
0a0e
151e
1203
8c43
388f
8a85
5f8b
ae84
8d8e
0c5f
5007
0d71
1b09
8690
8d9b
29e1
0fef
31bf
8d8f
8e00
0f0d
17f5
3fd7
0108
19be
398b
8508
818c
8d90
8909
fc1e
c31f
190c
8793
8fb8
318d
8c04
00fe
81c2
850b
181b
1b14
021f
c290
928f
8786
8c4e
0b5b
8e00
f78d
069b
1819
0ec3
118b
8ae1
7f8b
90a0
0c00
8c8c
8889
0d24
1816
f8bf
478b
9895
8890
8f8d
830e
0b85
ff87
6b11
0020
1f12
1a0b
8390
998e
93aa
f787
8a07
1108
0529
8914
2216
1a11
1087
fb97
9790
9db4
810f
1339
218d
081d
ffdf
1d19
1406
838f
9a93
9f97
8c86
0818
6b11
87ff
8a03
101d
d60a
0087
989a
9fa4
913f
5c89
0014
1605
8a8c
1f12
2b1c
f5e1
78f8
d7a1
a69d
8a71
1610
838c
ffff
8308
0527
2810
0481
8596
a1a9
a692
8405
ffff
1714
0889
8706
0016
3519
0a81
818d
a0ad
bfdf
aba1
8703
1214
14c0
2981
0932
250d
c859
ffe0
97ac
b0a9
9302
0e14
13df
4961
24ff
bf2f
1404
8384
8ea6
b2af
a186
0d11
1510
ffff
f211
8418
2c1f
0b82
8389
9ab0
b2ac
920a
10ff
ff14
120c
0a02
8812
2326
1500
8584
92a9
b387
ffb5
a000
0bd7
0d12
0987
0a1e
251f
7ff8
0988
838d
a1b1
b7ad
3b0e
170f
15bf
1f12
8101
1a1e
2415
40f1
97aa
b6b6
9a7f
e84f
1210
1707
0012
341f
d211
903f
1ca2
aeba
a38c
050e
4819
0d04
feff
191f
210e
8b88
8a9a
a7b8
ab95
8309
11ff
ff14
1514
0f05
121c
1e18
888b
8992
a0b1
b1fe
ff9c
1111
1411
1213
0d0a
191f
1c05
8e8a
8b3f
c09c
abb0
a498
8407
eeeb
17ff
3f09
151f
1d12
8b8e
8994
a8b0
a7a0
8c01
fcff
ae0f
111d
0f0f
1d1d
1584
9187
8ea1
1ffe
afa4
a396
8408
c30c
1a19
0e19
22c3
f016
0590
ad9a
adec
a08a
020f
f710
130b
131e
4323
1910
fc11
93a7
07f8
a9a2
a596
3a20
0d1e
1717
ff87
1e1f
1386
8b83
8fa0
a9a1
a59e
5ce1
7d12
0f60
1719
1a21
dd0a
899d
a5a3
f8c3
fe97
8211
100a
1318
2121
3ffc
1d07
8d01
8298
a3c4
a39e
8e0c
11ff
1f09
0f14
1623
2120
118c
8206
91a2
9f0e
0fd7
a19a
029b
0e11
0f20
ff1f
eb19
8486
0a85
9fa0
a0a7
a4a2
8a11
feff
ec14
0a1b
2624
1e03
8608
029a
a19e
a3fb
ffa6
a797
3a09
160b
1423
2a24
0886
070a
90f0
ffa0
eba5
aca0
8310
0615
0f0c
1c2a
ff7f
2a12
8508
0f87
98a1
a19d
b0aa
9009
0811
78f8
ac16
252f
1d9c
1183
919f
3f84
a496
a9b1
9882
0884
0d0a
ffff
2b2a
0703
1608
8a99
a499
a1b8
a58d
000d
ffff
0e0c
1316
2431
1404
1514
848f
a39c
9cb5
0d3f
b195
64d1
09ec
1f2c
2208
1219
fc87
839f
9f9b
abb6
a092
840d
a2ff
ff16
1c24
2613
121a
0d83
949f
9ca8
b6ab
98ff
ff8f
080b
0c12
1d21
1e1f
171b
1207
8b9b
9ddf
bfa8
b1af
a295
8106
211f
241c
1b22
1d17
e1c3
0ce9
9b87
b1a9
a08b
005e
16ff
ff26
1e13
2725
1a18
0089
8ea9
b2b0
aca8
94ff
ff88
0b10
0e24
2513
1d2e
1c1c
0989
839f
b7ff
ffb3
acb0
9d8f
0113
0c1e
2617
1532
251e
17ff
ff89
028f
b6ba
aeb2
a798
8811
0c1b
2516
15d0
ff2a
321f
50d9
a9be
b3af
ada1
930a
ffff
0b14
2713
1328
3522
220d
8106
99bb
bbb1
ffff
b0a6
9d82
0c0f
271c
0a26
332b
2115
0408
ffff
8cad
bdbb
b3aa
a68c
0910
2124
0c19
3632
e1f0
2716
2a84
a2b9
ebad
ab99
ffff
810d
1c22
1510
2f3c
2e1d
0e10
0098
b3bb
ffff
bfb4
b09f
8706
1c1f
1912
223b
3425
1013
ffff
078e
abba
c0b9
b9a8
9081
1821
1718
1d32
3ffc
3c2d
1612
0b87
9fc3
b9ba
b39b
8700
ff0e
a1ec
2c39
381e
190e
831f
fe8f
b0c1
bbba
bdd7
0722
1816
2028
ff3f
363a
261f
1685
88a3
bfbf
b7bd
b19f
82fc
00b0
1120
2533
3d2e
5cff
ff0b
97b7
c2ba
bcb7
ab92
1822
0f1c
272e
3aff
ff38
1c2a
0d8a
90ac
bcbd
beb8
aea4
0426
16ff
8713
252d
343c
2625
1f86
8ba6
b7eb
ffff
baaf
a894
1820
131c
2f33
3a33
2425
098a
ffff
9db5
b8bd
c1b0
aca0
0021
1d16
2737
3a30
fff0
3023
1583
93b1
b9b8
c1c3
a196
0fff
1021
1c1a
353e
3133
2f17
0ca8
1efe
ecbf
bab0
a55c
1926
1a2a
3d38
7ff8
2939
1d10
839c
b4bc
aeb3
ad9b
96e1
7f07
2472
393e
2838
2a17
0590
abb9
f800
5cb1
ada5
988a
4aff
ff5e
3b32
2f37
1f0e
89a0
b4c1
bfb9
aca8
9bff
3f95
0b16
2635
3836
2b36
2917
8295
a9bf
fcff
5daf
a5a6
9982
0a21
3337
342e
2e34
ff1f
210a
909d
b9c1
bab8
a3a6
a489
0112
ffff
ec35
2936
2c15
8896
aec2
bbbe
a9a2
a90f
7f95
8804
2c37
ff2b
3036
2201
93a5
f80f
86bc
b29f
a899
9385
1f35
ffff
ec31
2b34
310c
8e9e
b6bc
bbb8
a2a6
9b9b
e1f0
9112
213b
2e32
d71d
8698
e1ff
aeb9
afac
a39d
9a9f
0325
2f3d
2eff
fb30
3231
2d07
92a7
b3b9
b9ae
6ee9
a191
17ff
c326
3c35
2738
3333
198d
9db0
d8af
f0ff
a9d9
9e9b
061c
363d
282c
3c31
27ff
ff83
96a7
b5bb
afa7
9da1
9e9c
8d0f
2a45
341f
fe1f
3a3a
300a
93d7
bcb7
a39f
9fa1
ffff
9895
8419
3e42
1f2a
4339
1a8e
96a4
b5c0
ffc3
a49b
a3a3
9a94
9309
2f48
2dd7
3fff
ff27
8196
9dac
c3b0
93a2
a19d
9297
881e
41ff
103c
1f2d
3f32
0f91
989e
3497
8687
d79d
99d7
0c32
412b
85ff
f037
2082
9a95
b4c1
a399
9b9b
9498
ffff
811e
3939
2a2f
3426
1291
93a8
bfac
9f9c
1bfe
9d9b
995c
e929
da29
3126
2104
91ff
ffa0
b6b1
a79f
9a9a
999c
8f09
1a2c
3e2f
2bff
ff26
1e19
839e
afaf
aca5
9698
96a0
9201
12ff
7f20
383b
2929
1620
1295
acad
b0ab
9c95
98f8
ffc1
850b
1529
3c2e
241d
1827
00a6
ffff
a9ad
ada2
9497
9a9d
8b02
101b
3436
251c
ffe1
1227
1799
a9aa
afa5
9894
ad94
81ff
ff0b
172c
342a
191a
1c25
82a2
acaf
a99e
93ff
ff9e
9798
8901
1021
2d30
181d
1e26
1590
adc3
ffac
aaa1
0599
9592
8109
1726
311c
1ffe
1625
1f1e
09a5
eba6
949b
a091
97ff
3f83
0413
1b2d
230f
2427
1b1d
8fb0
a7ae
fce1
afa4
9196
8e02
0c11
ef14
16ff
ff31
1b23
09a8
a9ab
a08f
a19c
9399
0006
0cf0
ff17
730d
2f1f
221c
95ae
a6aa
9199
70f8
a2ec
8709
0870
240e
2227
fff7
2323
03aa
a9a9
9d90
9f9b
9495
64ba
241b
ff10
1829
2528
1596
aba4
a5ef
a27a
b847
012a
3116
2415
d72b
2000
7fff
39d9
9f8d
a09d
988d
0b92
0924
1e19
2829
27a1
f710
999b
a776
f19b
9806
e129
1b25
ffff
1725
2b29
1e85
a89e
a698
8ca5
a09c
8503
e1ff
0184
ae1e
1c2d
2626
0b9b
a1a3
a2ef
ff8d
99a5
9f8f
9979
031d
2218
2c23
251b
8ce1
3f9e
9d34
91a5
a393
8785
0500
14fc
3f23
2b28
1f23
0497
98a3
9c92
9fa8
fc3f
9a8b
0203
0c16
1f2b
2c1c
2116
8efc
fb0e
a198
9ba9
9f93
9085
83b1
1b2a
310f
f01d
1c1b
0392
ebc0
a4a3
98ff
0f96
8d08
0f0c
1028
3623
1b17
0e8a
ff1f
eb9f
a6a4
a797
9d93
0612
1007
2536
faff
c319
18c1
8c98
aba9
a896
a09e
8214
10ff
ff04
1a34
2f21
1713
0889
8889
a8ae
ac97
9bff
ffa6
8f10
1106
0e30
2d2d
1815
0e88
8382
9bff
ffb4
b2a4
92a8
9a0c
1507
082e
2d2f
2411
160f
ff84
8606
8eb4
eb96
a5a5
0213
0a05
0fff
272e
292d
12e4
8b09
81a9
b5b5
a1ff
ff9a
aa87
0d0d
0520
3124
311c
110e
8900
0dbf
ff9d
b4b5
ae9c
a895
14b1
192f
2530
2516
0cfe
ff81
9359
b0b4
b3a5
a69f
0700
0a16
2e27
30fb
ff2a
1e10
9961
03a7
b3b7
aea9
a284
0006
18df
ff2a
2633
2d1f
1a2d
6101
98af
b9ae
afa5
8eff
fd83
8616
2825
2e32
2221
05e9
518e
a2b8
b00f
ffaf
ac94
8888
5f25
2d35
2623
1387
ffff
0381
9295
b2b7
acb2
9e8b
9408
2d29
2935
ffff
2828
1c81
8603
9297
a1b9
adb1
a88e
9b82
ffff
2a2f
2837
282b
2508
8785
899b
98b0
b1ae
ffff
ae91
9e93
2531
2d33
2a28
2c10
828c
8b98
e11f
9da2
afb1
979d
9c13
3631
36fe
ffd9
301c
088b
9390
9fa2
a4b0
b3a0
9fa7
0fff
022f
353a
2e98
2412
019a
9499
a7ff
e19a
a7b4
a6a2
a98b
2139
3e20
2d23
ffff
170e
97a0
96aa
9c9a
b4aa
a6aa
9714
3045
ffff
3627
2928
1718
85a7
93a7
a191
a6af
a9b1
ff87
9e05
2443
3d27
2a29
1716
0ba1
9cff
ffa7
929a
ada8
b5a5
8319
3b49
2c2b
2a1b
15ff
ff12
92a3
a4aa
9891
a3aa
b7b1
8a0d
3244
357f
ff29
3419
1415
879d
a50e
e99b
a2b7
ba96
08ff
e127
3d40
2a37
2111
1600
948d
a196
ffff
9a99
b1c0
a200
1d39
3b36
362e
0d10
0893
ffff
9aa9
a299
9e95
a3c0
af8b
1530
3438
3934
ffff
1a0a
0e8a
98a0
a399
9f99
99b9
bc98
0e28
ff0f
3032
423a
210a
0900
989f
9c9b
9cc3
ffc1
a9c1
3527
2b2e
3f43
2b11
0601
feff
90c8
e999
a69e
9eba
b290
2327
2637
4d36
0fff
1a06
0389
9f1f
97a3
a69b
adb6
a1ff
e116
2a21
3049
4426
0704
88b2
9594
ffef
9ba9
a3a2
b0aa
8428
1f27
4148
3356
f195
ffff
9d96
9195
a1ab
a4a3
ad94
1b22
233a
4642
ffff
1c01
848f
9c99
9296
99a7
b09b
a8a4
0b1e
7ff8
1f38
3d48
2809
8788
8692
9897
9af0
ffb7
a8aa
8117
1c36
3a42
3911
838a
ffff
8fa2
9797
9b90
b3ab
92a7
930f
1132
3b3b
1ffe
451f
0186
899d
9aa2
8ba9
ae94
a0ff
879c
050b
283d
3841
2e02
0185
9622
ffc3
a28e
a2ab
979c
9e82
061e
3bec
357f
f80c
0004
919f
a29e
96b2
999a
a287
ff0f
0410
3336
3d3e
1504
0484
98a6
a000
ff33
49d0
9208
0728
3436
4687
e11a
0b00
039a
a799
0c9c
96ff
1f9b
a207
0919
3331
4427
0f04
8184
9a02
fcd7
9cfe
6f9f
8813
0f2b
ff31
303d
3514
0500
0190
9dab
eb94
fcff
aa96
0f12
1e30
3038
2205
0282
8d8e
ff0f
acac
98a2
939e
9a8f
8617
182f
2cff
e1ea
0f81
0291
819f
b69a
a11e
a088
7ff8
8d0b
1c29
2a28
311c
5d8f
828e
b4ef
e1a4
9e97
959f
da89
1928
26fe
290d
feff
8446
b1a6
a6a5
9992
9d8c
878d
0f2c
2426
03fc
2027
1bb0
fe99
9fa6
a190
e17f
9a8c
0203
2a25
2522
1c28
0790
81f8
ffec
979f
aa93
968b
8694
8822
2423
87f7
2217
2913
cd8a
9994
9502
f188
810f
ff95
8f13
2422
ec25
1b87
888e
9499
0fff
8ea2
a496
8591
9709
1c23
201a
27f7
ff1d
8182
93e1
9198
a09f
8304
8997
8510
247f
081c
1829
2203
018d
95ff
91ff
ff35
870b
8592
8c03
1c1f
142a
2c07
0086
9ae1
ff91
97ae
9e90
0c01
8e8c
8812
1d12
7ff8
2931
1283
8297
9793
e99a
9306
0aff
0f8c
898e
0617
1023
3421
8383
9297
e13f
c593
c100
0d82
8a8d
870d
081f
7c80
0a09
868f
968e
5d96
c3c3
830a
06d8
8b05
021a
0c19
6fff
8290
978c
9887
d186
a9e9
908c
0083
1226
0708
3125
0b8e
745d
98ff
7f77
070c
038c
9181
8b08
2330
291c
859e
9418
1e48
95a0
ec0f
0382
92fe
ff15
821b
2925
2709
9a9f
8e90
8ba6
8f0b
fbff
1106
00e2
f18a
1327
212a
1a8d
a893
9084
ffff
9da4
0a0e
0781
888a
8b93
1122
1e24
2705
ffff
a8a0
9383
8eaf
8115
0802
848b
849a
0c1f
ff3f
1e1c
291a
9fab
9789
03a9
9718
0a01
02fc
ff87
9902
201a
1923
278a
b29d
920b
96ff
ffa5
0d11
0005
8983
908d
1b1a
1a16
290d
acff
c3a5
9b05
81a7
8513
0305
8488
9010
7f38
1a1b
1721
209c
ada0
6896
920a
fcff
c382
868e
8f08
121a
1d18
2589
ada7
ffff
9705
8693
8109
0681
8389
9007
0b13
2417
ff7f
1f09
a4ad
9f87
038b
8802
0501
8582
8e07
f8ff
e524
2317
1294
aba6
9303
8385
87c3
ff01
0885
d781
0a82
1332
1c0f
84a8
1dfe
a999
8e41
8688
fc85
0084
0881
04e1
f02b
2e16
9cae
9df0
0100
8efe
e184
3c39
8107
8281
1739
1e05
b19f
07ff
8f00
0402
089e
0903
0882
830a
2d1f
be36
0487
aca7
8fde
058b
918a
01f0
1f15
8945
0517
3b1c
87a1
b28b
8bfe
fff4
8894
8e87
0c0d
0407
8584
0d2b
3207
0f3f
9bb3
9486
02f4
9491
9008
1707
c00f
cfd7
1d32
1f93
b19d
7ff8
790c
8895
9494
841b
d705
8288
14ef
f026
2b06
b2a0
1da9
0196
ff8f
161b
ffbf
0802
0687
0520
261f
a5ab
9285
0b07
95ff
f73d
f106
200e
0603
078b
1c1c
2287
09a9
0e0b
e1ff
8ca0
eb84
1918
0805
0c86
0c1d
18ff
ff14
a79f
8e05
0e85
9e9f
998c
0e1e
0f08
0aff
ff0a
811b
101a
90a4
9281
0e01
98a7
9d93
01ff
ff19
150f
0a10
020d
1010
039a
9a84
060a
8fef
ffa4
a694
870f
3f91
110d
070b
0d06
8996
8cf0
ff05
5e9d
ac9b
8d03
091c
140c
160c
f787
020b
0282
19e9
0781
94a7
a58e
39e1
ff18
21ec
1501
0500
8802
8886
0a82
ffbf
8c9d
a895
848d
0a29
190c
1b07
0101
8f87
ff62
3106
028e
94a0
898d
8922
270f
1a3f
fc15
8202
928b
0901
2a8f
8f97
a391
0f0f
8997
102d
1c97
0281
9198
ffff
9d08
098b
938c
9b9d
8a93
8326
2918
180d
bfff
8186
9d88
0a07
11d0
818f
a393
908d
132c
fff0
2618
1005
8298
9905
0893
9692
88ff
ff9b
9c92
8f04
1d2e
240b
0b03
8f9f
870a
13ff
6f12
9394
8891
9e9c
8e82
0e26
3411
ab11
9bf8
ffae
0e18
879b
898b
99a3
9482
0918
ffff
3623
080f
8493
9a8b
0b14
0d98
9187
92a4
ff0f
9d87
090c
2a2e
130b
048e
9596
03ff
7f14
8898
8989
9fa5
9109
0a1d
2a21
0d08
87f8
3f64
8d09
0f05
9192
8198
a59d
00c0
ffe2
4718
0481
8a92
9500
0c0b
ff07
8694
8492
a2a2
8c10
1019
2423
3978
ff17
9589
060f
6b79
8a9f
a29a
0c14
f7ff
0f21
2712
ad69
9291
830e
0386
8889
9d9d
ffff
a184
180c
182b
1609
0482
8e92
8d08
0785
3fec
8386
9c99
a094
1689
2c1a
ac71
8b3b
fc8d
9301
2329
019c
ff9d
061c
0327
e1dd
2009
4787
8a94
8698
6106
970f
d9ff
1f8b
1a05
1928
0c11
0e81
8793
8a85
82c2
ff3b
8e9c
9892
0e0d
0f25
1410
0e1f
fe09
8591
8c86
8308
839d
9f9a
9101
ffff
0a0d
1e1b
150b
0e04
918e
8982
8704
0597
e1ff
9b9e
5403
0d18
191c
0f08
0e88
91ee
ff8d
8411
078d
fab9
8303
0516
171c
1705
0f87
ff06
9491
8181
8186
9097
a690
0981
3ff8
1215
1622
0c05
13de
3e19
8987
88ff
ff8f
a5a0
0302
081c
1020
1981
1601
988a
04f0
ff83
ee87
849e
ab8c
0601
200d
1925
efff
0211
1095
8c4e
2190
8e05
90ac
9b83
821e
ff0f
1010
280b
0d14
8f8e
8681
8488
96ff
3f46
a9a1
9385
1d14
0d23
160f
1386
8c88
7cf8
c401
948e
0b9c
8597
1b19
0f1f
fe1a
1916
1681
8b5e
9001
8897
058b
c3ff
9fa1
a94a
121a
181a
1b04
898a
83ff
878f
8506
928a
8198
9fb3
8a1c
18ed
87ff
1723
0f8a
8c8d
8f08
8a92
838c
9bff
f0af
a00e
1f18
1e16
2120
9f87
8c8e
e1ff
8482
d784
9aa9
ae87
1c1d
2319
183f
fc2b
098b
858e
8889
a98c
8494
a4b1
873f
980b
1d28
832a
1b87
8691
8a86
c0ff
9633
8ca1
aca1
8210
2c24
12fd
ff28
24f6
718e
818f
8d86
878d
9cad
a58d
01ff
8625
2d13
2922
1604
9191
a161
8695
ffff
93ae
a296
8a14
301a
2528
1a13
8a95
848c
bfff
988b
838d
91a8
a7af
d925
2326
2c1a
1c08
0fff
9586
8d94
9257
8ea2
aa9a
9802
16ff
ff20
2a2c
221c
1a8b
8791
9392
908d
88a0
a4ff
c3a0
9984
0e16
2d2e
231e
2404
ec9a
ffff
8e96
9683
9ba2
a19f
8507
0a27
3025
2626
ffff
1482
8ca2
8f92
a387
93a2
9ca8
8505
021c
f0ff
2d9a
2f20
0701
a199
8ca9
948c
9dff
ff9b
a891
0b84
102e
2426
352a
0f0c
98a5
8ebf
ffa5
a18f
9996
a69f
5c79
2822
2137
3718
1387
bf88
a799
9d76
9993
9fa6
8408
85ff
0fbf
a934
4223
1808
9ea2
9fa5
9c9f
901f
bed7
9207
810f
1e34
462f
1e15
8dff
ff35
999c
a797
919f
9c85
010c
1712
2041
3a28
ffef
1c06
9ea9
a899
a8a5
8c97
a18e
8919
591b
ff43
383f
3323
1591
a9ae
9e9f
b246
9bfc
8720
1902
1531
3e3b
2a1e
71ff
ffb2
a898
b0a2
8996
9898
851f
0509
283f
3dff
ff37
2413
91ad
b09c
a6b2
928c
959c
9414
10ff
ff82
173a
3b3d
2a1c
00a1
b5a3
a1ac
a685
93ff
ff98
9d04
1403
0a30
403d
3220
1193
b0ab
a4ff
ffa6
b093
8d96
9e8d
0b0b
0220
3d41
3828
1bff
ff00
a2af
a3a5
aea6
8992
9a97
810a
0611
32ff
ff46
392e
1e0e
93aa
a7a4
aaae
948f
959b
8dff
0f00
0c09
2148
4034
2414
849e
aaa2
ffff
eca4
9090
9997
8a0b
0a10
434a
362e
1807
ffff
8ea5
a3a8
afaf
998f
929d
9201
0e05
3652
0fff
3c37
1d0b
003a
a3b4
b1a3
9490
9cff
ff9d
890c
041d
5140
3a29
0c07
879c
a0b0
b8ff
ffaa
9d8d
94a6
9004
090b
484a
3c38
120a
01ff
3f8d
9fa7
bdb0
a594
91a4
9c82
0904
3553
fc3f
331d
0803
0095
a3b7
bba8
9d90
a0fc
e16d
0507
2150
483e
2cc3
0083
0fff
a1ab
c3ae
a572
a896
8106
1341
51fb
ff42
3617
a4b9
93a1
bbbc
a69c
98a7
a285
03ff
ff0d
314e
4a38
2210
0282
859f
adc4
aea1
9aff
1fa5
a88e
010a
2347
513d
261b
0b87
84fe
ffa0
bcbb
a39a
a7a9
9784
0719
3c51
4428
fdff
1e19
3f69
9cac
beac
97a6
aa9c
8a81
0f2a
ffff
4a4b
2f1c
2709
8f85
91a1
b9b9
99a1
b5a2
ffff
9385
0a22
4a53
3a1b
291d
908e
8d9a
adbb
f7ff
a697
b8ad
b0e1
153d
5245
1f1f
2d02
958b
ffff
959d
b1ac
9ba9
b79a
8e89
0a2f
514a
2815
ffff
3014
9590
959a
aaab
a4a0
b8a8
8d8c
0021
ffff
4951
3317
2928
8994
9499
a2a4
a6a2
aeb2
0fff
9789
8c13
3e72
1d1c
2d07
9393
9aff
ffa0
a09e
a2ad
ae9f
8c8d
022d
4b47
251a
2857
ff16
8d8f
9a65
d9bf
6921
e986
1c42
4c32
1cff
ff24
1b81
8c96
9fa6
9995
a5b4
9f98
9287
0eff
ff30
4a3d
2221
1908
858f
9fa9
9f8e
9cb3
a6ff
ff95
9690
0d1d
4040
2c25
180a
028a
98a9
a5ff
ff92
8fac
ac94
9199
0514
2e41
332b
1d08
05ff
ff83
8fa5
ad9a
89a1
af9b
8e98
8b11
213a
37ff
c333
260d
0304
8898
b0a1
8a93
878f
ffff
9593
0619
2d33
342d
1503
0681
8eab
aa90
fbf0
8ca7
a4dd
e187
0f2a
2beb
1f07
02ff
fe02
879d
b09c
899b
a798
56d9
8123
2829
38ff
ff29
1005
8181
92aa
a68d
98a4
9d8e
8b83
05fb
f007
141b
1371
1e1c
8695
209b
98a6
f0ff
a503
8a08
0a0d
1626
3222
1b1c
0ce1
ff90
9433
9da1
a799
9791
040e
0e0b
3f78
2335
281b
1812
84a1
5b69
a999
9dff
7f5a
6911
061b
3431
1d1a
1407
8d8d
93a8
aaf8
e1ec
9ca0
8b10
1208
1e31
26ff
ff18
150c
8689
869f
b0ac
9f95
a698
0b14
091f
fe07
2a2f
2d1d
14c3
8781
91b3
b2ad
fff7
92a6
a202
160b
0325
302b
2b11
9259
0685
ffff
acb4
b59c
9cab
8911
0d02
1d32
2631
1712
ff7f
108b
0307
9fb6
b5a9
97ab
940b
0e05
1533
08ff
5d24
ec85
8610
90b3
b4b3
ffff
9fa5
a006
0608
102d
292d
2b19
0f04
8808
7fff
03ab
b3b6
a9a4
a500
8239
2a29
2e2e
1e15
ffff
0282
8208
9eb2
b8b0
aaa5
8f04
8112
2628
87fb
2c31
201f
f701
008d
eb99
afa8
96ff
ff82
890d
2827
2834
2522
1087
0484
8a9c
b4fe
ffb4
8de1
888b
052b
2828
362a
231b
8581
03ff
c38f
94a8
baac
b2a7
8a94
0024
8936
ffff
2b27
2205
8701
8a99
99b7
b0af
ae90
988e
ff1f
2033
2735
2d2a
2b0e
8587
849b
97aa
86ff
c3b3
9609
1733
2d32
2f25
2e18
fee1
0291
b19d
a0ae
afb2
9f98
1f33
31f8
8736
ec25
0d85
938f
9ba4
eb2f
fcb3
a89b
a98c
e271
342b
2916
0795
ff0f
9793
a69c
a1b2
ab9f
a798
1834
3d3f
fc73
2927
1810
8ca4
eca3
98ac
ada1
3ffc
a69e
0a27
4039
29d7
1815
06a3
991f
1ea2
a895
9eaf
a0d6
821d
393e
fee1
d929
1c12
0f96
a3a0
ac84
a8a4
1f0e
aba3
8812
3142
732d
1c14
c3ff
34a0
a4c7
96a1
a3aa
a98d
0b28
3a7f
ff36
2733
1f16
1101
94f2
d99a
9e9e
aaac
96c3
df05
1f32
3634
2815
1306
8b9c
0181
f0e1
a16e
ae9c
8218
2e49
3231
ffff
1910
0989
92aa
ada3
a39d
9eab
a28a
1328
ffff
272d
3735
2110
0d01
8f9f
aca7
a5a2
9ca6
fffd
a890
0b25
2423
393a
2915
4aa9
9ca5
aaa8
ff7f
a9a0
a1a8
9803
2225
1e2f
4332
1e0b
0a82
04f8
5ec1
eba2
9e86
1cff
c322
1c26
403c
270f
0b04
909f
d7ad
ffff
b0a6
9f9e
8e14
211d
2135
4231
160b
078b
f0ff
99ec
abaf
b2a2
9b92
091d
1b1f
2e3f
fc3e
3b21
0e0b
8690
35ac
aeb6
ad9c
7dff
9304
1059
2939
3f2b
09d9
8e98
aab2
acb2
ff3f
b5a4
9583
1315
1c28
333e
371a
1806
8cfc
ff34
b3b1
aeb8
ad9a
8714
1416
2930
38ff
3f40
201c
1189
91a0
aeb7
afb6
b2a3
930e
fcff
3b22
3133
3f2f
181e
018d
9ead
b6b3
ff1f
b8b1
a89d
031c
1318
2c34
3a38
2320
feff
d795
adb5
b5bc
b5ab
a390
171b
1722
35ff
873a
342e
2418
028f
a9b5
b4bb
ba08
ffff
9a04
1d1e
182f
3c36
2d32
1a0d
88a0
b6b8
ffff
babc
b1a9
9b8f
1226
1c24
3b3f
2839
2512
ff0f
0295
b0bb
bcbf
b5af
9f99
811f
22fd
ffc3
3fcc
f119
0b8b
a6b6
bebf
b4af
a897
90e1
ff13
2086
3a36
2b39
2012
869c
b1bf
ffff
bebb
ada9
9f98
0614
2433
3837
2d35
2d1b
ff0f
0491
a5bc
c0bf
b3a5
a79c
8708
1aff
ff4a
3431
2c36
2410
8d9a
b3c3
b9bb
a6a3
a7ff
ff8f
010b
2f38
3535
2a33
301a
8494
a8c1
bbff
f0bd
aea0
ab99
8981
2737
c32e
2d37
0fc3
2808
909e
b8af
b7a0
3495
ffff
8916
3435
3832
2c33
3513
8a99
b3bc
bcba
ffff
a6a4
9e98
960a
2b32
3b30
312f
3626
8194
ff7f
aab7
bab9
afa2
9e99
a186
212d
3c33
2d34
f8ff
e90f
8fa3
b1b9
b9b0
a59d
9ca0
98fe
c312
41f1
2734
3433
2187
9aac
ecb1
c30f
aa9b
9dff
8119
3040
2c28
ffff
d42e
0594
a3b4
bbb1
a8a1
9fa0
9c93
0a23
ffff
423a
2034
3d32
1392
9bae
babc
a59f
9ea3
ffff
9997
8813
3846
2524
413c
2388
94a2
b2c1
ffff
aa9a
a2a3
9d94
9501
2846
341d
3541
2e07
ffff
949b
a5c1
b894
9fa3
9e95
968e
173b
4122
ffc3
283e
3816
8b99
99bb
c19d
985d
9aff
ff91
9606
2a41
3123
353a
2606
9893
acc5
a9ff
7f98
a09e
9c96
9887
1737
3b2c
2d35
2919
8c18
feae
beb1
899c
9b98
978f
0cfd
1f25
36e4
6128
210a
8f9c
b3b4
a7a2
99fe
ffec
9e92
0517
283b
3329
2b1c
1e02
9bad
87ff
afad
a898
d9a0
9784
101c
333e
2c1f
fe2a
1b20
188d
a9eb
aca0
9498
9b9e
ffff
8708
1423
3b32
251f
1327
0ba2
a9ac
afa4
ffff
9695
999e
9000
0e18
3237
281c
1523
2191
87ff
a8a9
afa7
239b
9b97
8307
1328
33fd
012f
1a22
9107
9eac
aeab
a142
feff
ad8c
000d
1d2b
321b
1a1d
251b
88ab
adff
ffac
a394
9a9c
9496
8305
1524
3122
1324
21ff
7e1f
109e
aeaa
a997
97a3
1961
0210
172a
28ff
dff8
4119
1f84
aea7
ae9d
92a3
9592
92ec
19ff
ff20
2918
1131
1c21
14a1
ada9
a78f
9ea0
91fb
ff9b
8406
9541
210d
2b26
2021
8aae
a5ac
94e1
ff94
a30c
8f08
0710
1825
131b
2b21
ffff
260d
a4aa
a8a2
909d
9e93
9805
0508
0d20
f0ff
206d
2428
1a8d
aba5
a697
91a1
9aff
fd9a
8807
0206
0f24
161e
2654
41a1
a6a0
a2e1
438d
9c0c
9409
0105
04b3
17bf
ff09
7916
90ac
9fa8
3669
9c9b
0304
0281
16f0
df26
742c
2823
02a5
a2a5
9e8a
3f41
feff
8b38
2109
2222
192d
2628
1395
a3a0
a690
ffff
94a7
a092
8182
0282
1923
1929
2723
2086
ffff
9d9b
a699
8fa2
a696
8985
0481
101e
1f26
f7fd
2b1e
240d
26c9
a093
9ba9
f1c9
0005
0915
ff30
1d27
2e1d
1f1b
8995
9a74
99a6
fcff
1e90
8a09
0b0e
1728
3221
1d1c
0a90
07ff
939a
9e9d
c3af
2905
0e0d
0b24
36f6
ff27
f1c9
85f1
cba8
969c
9600
1212
061d
34ff
fe2f
1d19
1306
8e8d
94a9
f1c9
9da0
8811
11ff
ff08
1332
3025
1814
0b87
8987
a3b0
ad9e
97ff
c3a7
960d
1308
082c
2e2d
1b14
c385
0fff
8193
b4b1
aa32
a005
160a
0327
2fff
ff2c
2a11
1703
8906
87ae
b3b3
999e
a987
12ff
ff0c
021f
3327
3116
130d
8c05
05a2
b7b5
a7ff
c398
ab90
0c0d
0518
3325
3022
a787
e187
8510
c3b5
b39e
a59d
09b0
ff0f
142d
272d
2917
0e03
8809
81ad
b30f
c3d7
a4a4
0100
872b
289a
1eff
df13
0182
8108
9fb1
b8af
aaa4
8c03
0021
d90d
ff2e
2ff1
c900
e090
acb7
afae
a794
fffd
8187
1028
252b
3624
220c
f1c9
8c9d
b5b4
03fc
adaf
9954
5f28
2937
2923
ff8f
1886
0003
9095
acba
acb3
a48a
95ff
df5f
2536
2a27
2004
8702
8d99
9cb9
aff1
c9ff
f79a
8c24
3227
352b
2a2a
0d86
86f1
c9ab
b3df
ffac
b495
9b9a
1df1
ca26
2e16
028b
8a94
9d1f
fea0
afb0
b29d
991f
3430
352d
252e
de7f
222f
9990
9ca3
f1c9
a69b
a98a
2936
3a31
f8ff
8428
1406
9796
94a7
9ba2
b4aa
a0fd
f7a8
966e
4135
252a
2518
118e
a30d
6997
af7f
f8ad
a4aa
9e0d
2b44
3b47
2c19
1804
ffff
a697
a4a6
929f
b4a6
b2a3
811e
3e42
2928
87c3
2b1b
1411
c79d
a996
5ba9
ffff
b5ab
8813
354a
3028
2f1d
1415
8aa3
a1ab
e13f
9c90
b1b4
b591
092a
423f
2835
bcff
ec17
0199
a4d3
999a
9fb3
be9e
021f
fff0
3b41
2c34
2710
1607
93c4
a397
9aff
ff98
aac0
aa85
1637
3b39
3332
120e
0d91
98ff
ffa7
a59a
9d96
9dbd
b792
0f2d
3637
3a38
1fff
ff09
0f85
979f
a39b
9d9c
96b1
c19f
0726
2fbf
ff30
3f3c
260f
0803
a369
9d9a
a497
a3c0
acff
f787
242b
2c3a
4731
1507
038b
a12b
49a5
a0ff
619b
b6b8
9a1c
2725
334a
3bc3
0486
081f
b293
c0a8
9ca8
b7a6
c2ff
7222
3347
2c0b
0384
969f
9793
ffff
99a6
a6a0
aeae
8e24
2324
3c49
3816
0000
87ff
929d
9891
abaa
a5a1
ad9d
1424
1fef
fe36
4445
2204
7099
9b92
63b9
b39e
a3aa
02df
ff1e
1d34
3c48
3384
c193
9f94
969a
96b4
a6ff
0f94
aa8d
151a
323c
3e41
1800
8a8c
ffff
8692
9f8e
abb3
92a4
9c0c
102d
3d3a
4528
fbff
0485
887d
49a2
8ca0
b297
9ca1
010a
1f3c
ff1f
3840
3608
0082
92a2
99a1
929b
b09a
86ff
fa87
050b
393e
3c14
8205
8d9d
0f1f
a29f
9996
ac80
a38f
040b
2dfe
bfeb
441c
0504
0095
a2a1
9999
a59e
96ff
0fcb
3905
2236
3246
210c
0301
8c9f
aa01
fe6f
a0ec
d701
0c13
312f
41ff
0132
0f07
8301
97a5
a39c
9f30
ffff
1912
0b26
303a
3b19
0b00
028d
98aa
a3c3
c39b
a195
ae98
0814
1ad7
383d
f828
0b99
718a
a6b1
8a62
d98d
8a15
ffff
162a
2d2f
3218
8105
9183
96b8
9e9e
9994
ef61
a18c
8c03
1bf7
b92f
2505
c487
880d
ff67
395b
1190
3e15
2626
2724
2b11
1fc2
818c
8886
a0a8
2591
fe87
ffff
8d07
2926
2424
2520
048f
838b
97a0
a4a6
3f18
919a
8f87
8f84
25d9
4431
0fc2
fff7
888d
9dab
9695
8e84
938d
1b87
ff26
2226
17ea
8a89
8798
9792
a7a2
ffff
938c
0091
940d
2321
2415
2323
8389
8c90
f00f
9b09
a599
8802
8b98
031a
fbe0
eb18
2492
f18f
9199
9275
e7f1
84ff
ff96
890c
1f1f
1625
2808
8289
9894
9890
9aff
ffa1
8f0b
8291
8e00
1522
1126
2e0e
8281
99ff
ff93
9495
939d
9509
068d
8b89
0a1f
1225
33ff
ff1b
8481
9398
929b
9297
9702
0d8a
8a8d
82ff
1018
0f1f
3228
0200
8e98
6297
06f8
d484
0c9a
ff0d
081c
2d3f
fc31
1085
8d96
8f97
e992
8709
0986
ffff
8e8d
0302
1426
321f
038e
978e
939a
9494
ffff
8807
0b03
8d90
0083
0b22
3029
1189
9a91
ffff
8f9a
959a
8805
0e04
8794
828a
011f
2e29
ffff
2000
9a99
8c95
92a2
8b04
0e05
8192
858c
7ff8
8715
2926
2710
94a2
488a
a398
0aff
1f10
0900
898a
888f
0f25
2327
2185
a8fe
ff0e
8694
a905
100a
0086
8b86
960b
2122
efff
222a
0fa3
a4fe
39ae
8e15
0b02
818b
8399
ffff
021d
1f1a
2921
93ad
998f
06a1
a214
0f01
ff1f
038c
8295
8b1e
1c19
1f2a
03b2
a196
7ef8
26aa
0416
0005
86c2
9418
1c1a
ff1f
1727
19a6
aa9d
8306
a38d
1208
0382
feff
9a92
0a1a
1918
1b26
92af
a091
0c90
98e1
ff05
0d16
858b
9004
1117
1e15
2603
ffff
a9a9
9c01
8194
8609
0602
8386
9304
0b0f
7fff
241a
1e12
9ead
a28d
8781
0004
0486
828e
ff0f
000b
041d
2818
158c
aaaa
9681
01ff
ff9f
0007
8484
8586
0b00
0c2f
1f10
03a2
acbf
ff9d
8704
8384
8902
0d69
8509
0100
2333
141f
1e04
95af
a18e
01ef
8e86
0284
feff
a706
0082
1036
2700
87ae
a392
8102
053f
fc8c
8d84
0201
0505
ba05
243b
0d83
77f8
a2ae
8f87
5369
928b
da0a
0408
88ff
ff03
1238
2884
99b6
928c
0104
8495
8f8b
09ff
ff0e
0607
8187
0924
360e
94b2
9d84
8209
83ff
ff93
9291
0119
0a01
0688
0117
3027
88b1
a3ff
c386
840c
8492
9594
8b19
1104
ae89
bfff
0f23
2d12
ada6
9052
5995
9794
920d
1f0a
ffef
0204
8582
1e23
2696
b094
890a
0ac3
8995
ffff
811e
1306
030b
8a17
1f21
08b2
9b8d
080d
ffe1
87a0
9a9a
8914
1c08
050b
291f
147f
f81a
9fa5
8f00
1100
99eb
9008
1e12
f0ff
09e1
8518
111a
85a4
9684
0b06
93ff
ffa6
9f95
8316
1611
0810
050a
1210
0996
9cff
ff88
050c
8aa1
a897
8b0d
111c
0e10
1007
093f
fc0d
0885
9591
0407
c3aa
9e8f
0108
ffff
1819
0915
0e02
0a05
8487
9082
0701
8fa4
fbff
a992
865b
5111
1217
0404
038a
0187
8809
1ffe
028a
99a8
9b85
1926
1d0b
1c0c
81c3
ff02
8d84
d502
058d
8ea1
a38c
8991
d7fe
1a2a
1313
0739
5b59
024d
6190
92a2
9786
870f
9607
2c21
9708
818b
9a81
0f7f
ab0c
8793
8d5c
8c91
8b20
2d1a
1738
8451
849c
8f60
1382
ffc3
908b
a197
908e
0b29
281c
1179
93f0
859c
7b13
0895
9488
1031
2c87
e118
2b2a
0ec8
8a9f
ae0f
16ff
ff8d
978a
8e9d
9d91
850c
2135
1806
0e86
97ff
ff9b
010c
1803
9b8c
8a96
a399
8508
1233
2bff
ff09
0f01
919a
9009
1211
9396
878f
a0a1
8dff
ff08
0924
3118
0908
8c93
9783
0d13
0198
8cff
3f87
9ba5
9605
0b17
2925
1009
858e
9492
84ff
ae0b
fa82
93a4
a086
0f10
20e1
ff27
1e86
8990
9784
0a0e
8292
888a
ff7f
a0a3
930d
1115
2226
0d00
838b
958d
020f
f8ff
e58c
859e
a09f
0415
0e1c
2817
030f
1f02
8691
9286
4785
8a87
9c9d
3efc
9a17
0f12
2a1b
5d00
8f91
9105
fff0
0883
8484
999a
9e9a
0e60
2821
0ce1
0f0c
05c9
9483
0401
8503
98ff
ffed
9e84
1d04
2026
0a11
0a84
8993
8901
00fb
0f81
068f
3b39
9117
0c13
2b0f
0e10
e1ff
ae90
9f83
820a
87a0
9d9a
9409
11c3
ff08
2418
eb0b
828f
8e87
8386
0804
e1ff
9ba0
ec82
090b
1b1c
160f
0d07
8e87
fb8f
8b84
86f2
939c
9e3e
5109
161a
ffff
1c13
0710
8392
8e84
818b
0687
959c
a189
ffe1
0402
1517
1b1a
070b
0a90
3904
8aff
ff83
838f
94a7
9509
000c
1815
2010
0314
84f7
ff97
8b08
85f9
618c
a3a4
8306
021c
101c
20ff
ff01
100b
978e
0181
868e
8a82
98ac
9407
84ff
ff1b
1213
2808
0b15
9190
8502
848d
9203
890f
ffa9
a286
8319
5b27
1207
1688
8f89
ffff
8185
8596
8606
a3a5
958b
181b
0c1f
1b0d
0fff
1681
8c89
8233
8e94
0a94
a59c
9d0f
0a13
1e0d
181a
8286
e1cd
41c3
7fb1
8183
33ac
0121
1218
1819
1e0a
f03f
ec57
2908
908e
0294
9cb0
971a
3cdc
ae1a
1721
1578
858a
903c
49ff
f086
8899
aca9
061f
191d
ab24
038a
1ffe
858b
8d86
0190
bf97
a5b1
8f17
1e0f
ff20
1d14
2b13
0e8d
8989
8389
8e85
ff1f
8fa1
af9e
061c
2522
1226
2283
888e
fe43
0b8c
888a
878b
9fab
a888
5f2b
f8ff
ec27
0f85
8d91
008d
8e87
868c
96ff
b7ac
a892
821d
3416
2327
1808
8d31
d995
ff0f
ba61
90aa
a798
8c0c
301d
202c
1816
ffff
a285
8995
8e83
8b8f
a2ad
9895
0422
2623
8701
2d1d
1c10
db8c
93fc
fe7f
fb9e
ab9d
9884
151e
282c
251a
1e87
8ab8
ff23
9391
9029
29a2
9a8a
0d12
292f
ffff
2521
230c
888c
9a8f
939a
8594
a49e
a289
0fff
0708
2131
26ff
1c00
86a0
948e
a4fd
c38d
8bf9
618f
0600
152f
2725
d50a
ff3f
049d
9f89
a59a
889c
9ba5
9c0b
8309
2b7c
f899
3330
120c
90df
9ea6
8e98
ebff
97a3
a400
4925
9133
3b1d
1201
a49c
99aa
ff7f
9899
949b
a88b
0a87
1525
172d
4429
1810
1ffe
2aa1
a69d
a092
9998
0401
0920
157f
f822
4435
2018
85a3
a6b4
a49b
8f9c
fff7
a187
0009
1611
1c3d
3f2b
1f0d
8409
9ba2
f0ff
ac18
a091
890d
1408
1632
4135
26ff
ff19
88a5
afa3
9ab3
988b
9a98
9301
1c03
0f7f
f82b
3e3b
2f20
099b
b011
abaa
8a93
ffff
9699
8e1b
0b04
213c
3b3a
2518
8ba9
b39f
e1ef
a2b3
2396
9a9a
0d16
8211
6a29
2eff
ff1f
089a
b4a6
a0a9
ac88
8f97
9e83
1407
047f
f829
403d
3623
168c
abae
a3b0
9b89
ffff
949c
9208
0d02
1839
413a
2b1d
079d
afa5
ffff
a5ab
ac8c
9298
9b85
0808
0b2b
463d
3221
7ff8
148d
a7a9
a3a8
ae9b
709b
9083
0bff
ff07
1a43
4534
2817
0298
aaa2
a9ad
a891
8fff
ff96
988c
070c
0a39
4d37
311b
0a88
a3a4
a5ff
7fb1
b19e
8f91
9d96
850f
0427
513f
3a24
0dc3
ff60
69a0
eca8
978e
97a0
8d08
0611
ff0f
4e46
3a30
0f08
8498
9fab
b9ad
a07f
f8d7
a494
010c
063d
4f47
170a
0289
c3ff
9da4
bc59
988e
a1a2
8607
0326
531f
fe42
3d28
0906
01f2
b0be
a9a0
909c
fffd
a88e
0307
154a
4d40
340f
29d1
9fa7
c1b4
ffff
a798
98a7
9b82
070d
3851
4339
1c0c
0102
ffff
8da2
b5c1
a89f
96a4
a68a
020a
284a
4e3b
1ffa
2613
0582
829a
d7b3
fa79
aa94
00ff
ff07
1d41
5242
2a1d
1085
848c
a2b7
c0a7
9aff
ffa4
aa9c
8604
1535
5049
2d1e
1c00
8c89
98ff
ffa8
beb1
98a2
aca0
8e83
0c23
474e
361c
26ff
ff12
8f86
8d9e
b4bc
a09a
b6a6
9587
061a
427f
f854
421f
2425
8892
8a8b
bbad
95b1
ffff
b298
8f84
1134
524a
261a
300c
958c
939b
0f7f
b0af
9ea3
ba31
8b04
264d
4f30
15f8
c3ad
9093
9398
a6ac
a6bf
aeff
ff90
8b85
1943
533a
1a21
2e81
9492
98a0
a5ff
ffa4
a1ab
b49d
898e
0a35
4f44
2219
2e12
92fb
ff92
999e
7511
a9af
a390
8a84
2449
4b2c
1987
0126
1e89
8fec
a49a
45ff
ff46
8b89
143c
4c3a
1d22
1f04
8c92
9ea6
ff1f
9c93
a1b5
a499
938a
0928
4742
2621
feff
0b84
8d9c
a7a2
9097
afaa
9695
9408
17df
ff3a
4430
251c
0b13
c1a6
a896
8ca7
b098
90ff
0f99
8215
2841
352d
220b
0600
8d9f
ff7f
5f89
9ab0
9f8e
9693
0f1c
3739
3229
1202
ffff
58e1
b0a6
8d8d
aea4
9192
9601
132a
3434
ff0f
311b
0405
008b
a6ad
9689
a1a7
96ff
87eb
8909
272a
3136
240a
0203
859e
1ffe
a28a
97a7
9a91
5d85
1c2b
2737
2e3f
8414
0601
018e
a7a9
b3a2
82ff
ff8b
8606
0512
1a23
3021
1d1f
0195
97a1
9cff
ff97
a4a8
9791
8e06
090d
1323
3327
1b1d
11ff
ff8c
9398
9f9e
9ea8
9998
9381
0d0f
081d
32ff
702e
1a19
1502
9391
9aa4
d89b
9b9a
ffe1
4631
0915
3033
201b
150a
0a8f
a4ff
ffac
a99f
99a2
910c
130b
082d
3329
1a16
0ef0
7f82
8f9a
b1ac
a593
a59e
0515
0b03
f8ff
9b2c
2113
1501
8881
89ae
b1b0
93fb
c1a0
a586
29c9
1c33
2a30
14e4
6299
ff43
a4b5
b5a2
98ad
920f
0f03
1587
30f8
ff87
1389
820b
96b6
b5af
97a8
9c09
ffff
0e08
0f2f
282b
2913
1101
890d
87af
b4b6
ffff
a2a1
a602
0709
0b29
2a29
2f1b
1007
8703
ffff
0aa4
b2b6
aca3
a68a
0304
0d25
2b2b
3020
ff7f
1905
8183
0993
afb7
b2ab
a796
0683
0e22
f8ff
c534
2320
0b83
0281
87a7
b6b3
aedf
07ab
9b84
8807
2459
0928
2016
87ec
ffff
b159
b8ad
b1a1
888b
0125
2c25
352d
231f
3ffc
0084
058b
95a2
bbec
ac8e
9586
1dff
f033
2334
2d27
250c
8800
3595
b3b4
ffff
acb2
9694
951a
3328
3130
272d
1582
8781
e1ff
9797
48ac
b39d
959f
0b33
2e30
32ff
0f25
2e1f
0588
8c90
9d9f
abb0
b1a5
3f3c
bd89
2e31
3531
2683
1081
9390
84ff
d89f
c4ac
9aa8
971d
3638
367f
f825
2a2c
190b
909a
91ec
9db1
af9f
ffff
a69f
102f
3c38
2827
2a1a
1283
a496
a2a7
e187
98a7
72a7
a102
233e
3d70
ffff
2d1c
150c
9e9e
9daa
9799
b1a3
aaa3
8917
ffff
3241
2b26
2a1f
1211
8da4
9cab
9e95
a6a5
1fe0
a9a7
8d0d
2b41
7087
1612
ff7f
009d
a3ac
a596
9ea3
a9ac
9406
2137
3a27
80ff
46ec
0690
a2ad
a99a
9d9e
0fff
a6ad
9b01
1972
2c30
2c16
1309
8aff
ff97
adab
9f9f
9ba0
afa1
8713
2c2d
3231
36ff
ff1d
110c
8690
a6ae
a5a2
a09c
a9a6
8f0d
26ff
f028
2936
3626
120d
048c
9ba9
a5a6
ffc3
9ca4
aa95
0523
2621
343d
2d4a
09dd
ff85
993d
81aa
a167
7183
1d26
1f29
4236
2287
ff0c
0a01
944f
a9ad
aaa2
a1a1
8c16
fff7
221d
233b
3f2b
120a
078b
9da4
7079
a99f
ff61
9e93
0d21
1d1e
3143
361c
c387
9638
fc3a
abae
b343
9503
1b1c
1eff
ff2a
3d3d
2810
0e83
8f9c
aaac
acb5
b19f
95c3
ff82
161a
ad36
3f32
1712
028e
94a7
ffff
b2ad
b0b7
a996
8711
1519
2631
3b3c
1d19
ffff
0a8a
92a1
b1b4
adb7
b09d
8c0f
1514
262f
ffff
3540
2719
1685
8e9d
abb6
afb5
b4a6
9708
ff0f
1a10
1d30
313d
351a
2107
8c99
aaff
ffee
b7b3
aa9f
851b
1515
2834
383a
271e
17bf
ff86
91ab
b4b4
bbb9
dff1
111c
181d
333a
37ff
c32f
261b
088b
a3b4
b6ba
bdaf
1e85
ffff
1a20
172a
3a3a
2c34
1e10
849a
b3b8
b8be
ffdf
b3ab
9b94
0c24
1e20
3940
2835
2a14
8229
ffff
b9bb
bfb5
b0a3
9986
1b25
2031
3f33
2e39
bfff
1c0f
86a1
b4be
c0a5
8199
960c
1e21
2f39
f0ff
39c0
2517
8196
aebd
bebe
b0a9
a243
f897
0013
ec37
9b31
301e
09ff
ff8e
a1b7
c1bc
b6a6
a8a0
8c08
152e
3835
347f
f82b
3729
1588
96ad
c486
aaa2
a894
ff0f
0004
2838
3635
2d30
341f
0392
a2ff
fec4
bdb3
a0a9
9e8b
841d
f961
3129
362c
0eff
7f8d
9ab6
bfb9
baa3
a6a1
968d
0e32
3539
3338
fcd7
371b
879a
bbbc
bbac
a31f
1ea2
989a
0227
32ec
302f
342c
feff
5da6
b5ba
bab3
a2a1
98a0
8e1b
2b39
37e1
ff2b
35eb
178a
9fae
b9b9
b3a8
9e9b
ffff
9f9e
0a21
343c
2931
3733
2881
97a9
b7b9
3ffc
b4ab
9e9c
9e9e
890c
4231
233a
350f
ff30
0e92
9eb2
eca8
a39c
a29b
9605
7f87
1d3e
3f23
2e3f
341e
7659
b7bf
4bf7
1f9e
a39a
975a
c147
2c1f
3d3e
2a81
94fe
ffae
c1b1
9aa0
a39f
9495
8520
433c
1e2e
1ffe
4234
0e91
99a2
0b97
9ba4
9f98
94ff
7f93
0f35
4526
233c
3c1d
8599
97b3
c4a4
95f8
ffec
9c92
9881
2340
3723
333b
2b0d
dfff
9594
a5c4
af98
9461
9796
8c11
323b
2f2a
ff0f
352b
1e85
949b
bab7
a29d
9c9c
99ff
efc2
0820
3439
2d2d
2c23
128c
98b0
2949
98ff
ff9b
989d
9581
1324
3837
282c
1b20
0795
aa03
fcb0
aea9
60ec
9c88
0d1a
2d0f
7f3f
2e29
1f1c
99a6
adae
aea3
9598
ffff
3da9
0413
1d38
3627
2113
2514
9baa
a9ff
a000
00fe
fff8
1500
f000
0000
0000
ffff
ffff
ffff
ffff
ffff
ffff
ffff
ffff
ffff
ffff
ffff
ffff
ffff
ffff
ffff
ffff
ffff
ffff
ffff
ffff
ffff
ffff
ffff
ffff
ffff
ffff
ffff
ffff
ffff
ffff
ffff
ffff
ffff
ffff
ffff
ffff
ffff
ffff
ffff
ffff
ffff
ffff
ffff
ffff
ffff
ffff
ffff
ffff
ffff
ffff
ffff
ffff
ffff
ffff
ffff
ffff
ffff
ffff
ffff
ffff
ffff
ffff
ffff
ffff
ffff
ffff
ffff
ffff
ffff
ffff
ffff
ffff
ffff
ffff
ffff
ffff
ffff
ffff
ffff
ffff
ffff
ffff
ffff
ffff
ffff
ffff
ffff
ffff
ffff
ffff
ffff
ffff
ffff
ffff
ffff
ffff
ffff
ffff
ffff
ffff
ffff
ffff
ffff
ffff
ffff
ffff
ffff
ffff
ffff
ffff
ffff
ffff
ffff
ffff
ffff
ffff
ffff
ffff
ffff
ffff
ffff
ffff
ffff
ffff
ffff
ffff
ffff
ffff
ffff
ffff
ffff
ffff
ffff
ffff
ffff
ffff
ffff
ffff
ffff
ffff
ffff
ffff
ffff
ffff
ffff
ffff
ffff
ffff
ffff
ffff
ffff
ffff
ffff
ffff
ffff
ffff
ffff
ffff
ffff
ffff
ffff
ffff
ffff
ffff
ffff
ffff
ffff
ffff
ffff
ffff
ffff
ffff
ffff
ffff
ffff
ffff
ffff
ffff
ffff
ffff
ffff
ffff
ffff
ffff
ffff
ffff
ffff
ffff
ffff
ffff
ffff
ffff
